mode,nb_digits,e,t,custom_type,custom_count,double_count,runtime,status,setting_json,error
sig,1,11,1,"flx::floatx<11, 1>",27,12,152.854090,ok,"{""double"": [""18"", ""19"", ""20"", ""21"", ""22"", ""23"", ""29"", ""30"", ""31"", ""32"", ""33"", ""34""], ""flx::floatx<11, 1>"": [""0"", ""1"", ""10"", ""11"", ""12"", ""13"", ""14"", ""15"", ""16"", ""17"", ""2"", ""24"", ""25"", ""26"", ""27"", ""28"", ""3"", ""35"", ""36"", ""37"", ""38"", ""4"", ""5"", ""6"", ""7"", ""8"", ""9""]}",
sig,1,11,2,"flx::floatx<11, 2>",27,12,163.469097,ok,"{""double"": [""18"", ""19"", ""20"", ""21"", ""22"", ""23"", ""29"", ""30"", ""31"", ""32"", ""33"", ""34""], ""flx::floatx<11, 2>"": [""0"", ""1"", ""10"", ""11"", ""12"", ""13"", ""14"", ""15"", ""16"", ""17"", ""2"", ""24"", ""25"", ""26"", ""27"", ""28"", ""3"", ""35"", ""36"", ""37"", ""38"", ""4"", ""5"", ""6"", ""7"", ""8"", ""9""]}",
sig,1,11,3,"flx::floatx<11, 3>",27,12,174.863165,ok,"{""double"": [""18"", ""19"", ""20"", ""21"", ""22"", ""23"", ""29"", ""30"", ""31"", ""32"", ""33"", ""34""], ""flx::floatx<11, 3>"": [""0"", ""1"", ""10"", ""11"", ""12"", ""13"", ""14"", ""15"", ""16"", ""17"", ""2"", ""24"", ""25"", ""26"", ""27"", ""28"", ""3"", ""35"", ""36"", ""37"", ""38"", ""4"", ""5"", ""6"", ""7"", ""8"", ""9""]}",
sig,1,11,4,"flx::floatx<11, 4>",27,12,186.377354,ok,"{""double"": [""18"", ""19"", ""20"", ""21"", ""22"", ""23"", ""29"", ""30"", ""31"", ""32"", ""33"", ""34""], ""flx::floatx<11, 4>"": [""0"", ""1"", ""10"", ""11"", ""12"", ""13"", ""14"", ""15"", ""16"", ""17"", ""2"", ""24"", ""25"", ""26"", ""27"", ""28"", ""3"", ""35"", ""36"", ""37"", ""38"", ""4"", ""5"", ""6"", ""7"", ""8"", ""9""]}",
sig,1,11,5,"flx::floatx<11, 5>",27,12,186.051804,ok,"{""double"": [""18"", ""19"", ""20"", ""21"", ""22"", ""23"", ""29"", ""30"", ""31"", ""32"", ""33"", ""34""], ""flx::floatx<11, 5>"": [""0"", ""1"", ""10"", ""11"", ""12"", ""13"", ""14"", ""15"", ""16"", ""17"", ""2"", ""24"", ""25"", ""26"", ""27"", ""28"", ""3"", ""35"", ""36"", ""37"", ""38"", ""4"", ""5"", ""6"", ""7"", ""8"", ""9""]}",
sig,1,11,6,"flx::floatx<11, 6>",27,12,186.508525,ok,"{""double"": [""18"", ""19"", ""20"", ""21"", ""22"", ""23"", ""29"", ""30"", ""31"", ""32"", ""33"", ""34""], ""flx::floatx<11, 6>"": [""0"", ""1"", ""10"", ""11"", ""12"", ""13"", ""14"", ""15"", ""16"", ""17"", ""2"", ""24"", ""25"", ""26"", ""27"", ""28"", ""3"", ""35"", ""36"", ""37"", ""38"", ""4"", ""5"", ""6"", ""7"", ""8"", ""9""]}",
sig,1,11,7,"flx::floatx<11, 7>",27,12,186.354025,ok,"{""double"": [""18"", ""19"", ""20"", ""21"", ""22"", ""23"", ""29"", ""30"", ""31"", ""32"", ""33"", ""34""], ""flx::floatx<11, 7>"": [""0"", ""1"", ""10"", ""11"", ""12"", ""13"", ""14"", ""15"", ""16"", ""17"", ""2"", ""24"", ""25"", ""26"", ""27"", ""28"", ""3"", ""35"", ""36"", ""37"", ""38"", ""4"", ""5"", ""6"", ""7"", ""8"", ""9""]}",
sig,1,11,8,"flx::floatx<11, 8>",27,12,186.247052,ok,"{""double"": [""18"", ""19"", ""20"", ""21"", ""22"", ""23"", ""29"", ""30"", ""31"", ""32"", ""33"", ""34""], ""flx::floatx<11, 8>"": [""0"", ""1"", ""10"", ""11"", ""12"", ""13"", ""14"", ""15"", ""16"", ""17"", ""2"", ""24"", ""25"", ""26"", ""27"", ""28"", ""3"", ""35"", ""36"", ""37"", ""38"", ""4"", ""5"", ""6"", ""7"", ""8"", ""9""]}",
sig,1,11,9,"flx::floatx<11, 9>",27,12,186.467971,ok,"{""double"": [""18"", ""19"", ""20"", ""21"", ""22"", ""23"", ""29"", ""30"", ""31"", ""32"", ""33"", ""34""], ""flx::floatx<11, 9>"": [""0"", ""1"", ""10"", ""11"", ""12"", ""13"", ""14"", ""15"", ""16"", ""17"", ""2"", ""24"", ""25"", ""26"", ""27"", ""28"", ""3"", ""35"", ""36"", ""37"", ""38"", ""4"", ""5"", ""6"", ""7"", ""8"", ""9""]}",
sig,1,11,10,"flx::floatx<11, 10>",27,12,186.236932,ok,"{""double"": [""18"", ""19"", ""20"", ""21"", ""22"", ""23"", ""29"", ""30"", ""31"", ""32"", ""33"", ""34""], ""flx::floatx<11, 10>"": [""0"", ""1"", ""10"", ""11"", ""12"", ""13"", ""14"", ""15"", ""16"", ""17"", ""2"", ""24"", ""25"", ""26"", ""27"", ""28"", ""3"", ""35"", ""36"", ""37"", ""38"", ""4"", ""5"", ""6"", ""7"", ""8"", ""9""]}",
sig,1,11,11,"flx::floatx<11, 11>",27,12,186.355234,ok,"{""double"": [""18"", ""19"", ""20"", ""21"", ""22"", ""23"", ""29"", ""30"", ""31"", ""32"", ""33"", ""34""], ""flx::floatx<11, 11>"": [""0"", ""1"", ""10"", ""11"", ""12"", ""13"", ""14"", ""15"", ""16"", ""17"", ""2"", ""24"", ""25"", ""26"", ""27"", ""28"", ""3"", ""35"", ""36"", ""37"", ""38"", ""4"", ""5"", ""6"", ""7"", ""8"", ""9""]}",
sig,1,11,12,"flx::floatx<11, 12>",27,12,186.493209,ok,"{""double"": [""18"", ""19"", ""20"", ""21"", ""22"", ""23"", ""29"", ""30"", ""31"", ""32"", ""33"", ""34""], ""flx::floatx<11, 12>"": [""0"", ""1"", ""10"", ""11"", ""12"", ""13"", ""14"", ""15"", ""16"", ""17"", ""2"", ""24"", ""25"", ""26"", ""27"", ""28"", ""3"", ""35"", ""36"", ""37"", ""38"", ""4"", ""5"", ""6"", ""7"", ""8"", ""9""]}",
sig,1,11,13,"flx::floatx<11, 13>",27,12,186.181272,ok,"{""double"": [""18"", ""19"", ""20"", ""21"", ""22"", ""23"", ""29"", ""30"", ""31"", ""32"", ""33"", ""34""], ""flx::floatx<11, 13>"": [""0"", ""1"", ""10"", ""11"", ""12"", ""13"", ""14"", ""15"", ""16"", ""17"", ""2"", ""24"", ""25"", ""26"", ""27"", ""28"", ""3"", ""35"", ""36"", ""37"", ""38"", ""4"", ""5"", ""6"", ""7"", ""8"", ""9""]}",
sig,1,11,14,"flx::floatx<11, 14>",27,12,186.525481,ok,"{""double"": [""18"", ""19"", ""20"", ""21"", ""22"", ""23"", ""29"", ""30"", ""31"", ""32"", ""33"", ""34""], ""flx::floatx<11, 14>"": [""0"", ""1"", ""10"", ""11"", ""12"", ""13"", ""14"", ""15"", ""16"", ""17"", ""2"", ""24"", ""25"", ""26"", ""27"", ""28"", ""3"", ""35"", ""36"", ""37"", ""38"", ""4"", ""5"", ""6"", ""7"", ""8"", ""9""]}",
sig,1,11,15,"flx::floatx<11, 15>",27,12,186.663905,ok,"{""double"": [""18"", ""19"", ""20"", ""21"", ""22"", ""23"", ""29"", ""30"", ""31"", ""32"", ""33"", ""34""], ""flx::floatx<11, 15>"": [""0"", ""1"", ""10"", ""11"", ""12"", ""13"", ""14"", ""15"", ""16"", ""17"", ""2"", ""24"", ""25"", ""26"", ""27"", ""28"", ""3"", ""35"", ""36"", ""37"", ""38"", ""4"", ""5"", ""6"", ""7"", ""8"", ""9""]}",
sig,1,11,16,"flx::floatx<11, 16>",29,10,178.226611,ok,"{""double"": [""18"", ""19"", ""20"", ""21"", ""22"", ""23"", ""29"", ""30"", ""33"", ""34""], ""flx::floatx<11, 16>"": [""0"", ""1"", ""10"", ""11"", ""12"", ""13"", ""14"", ""15"", ""16"", ""17"", ""2"", ""24"", ""25"", ""26"", ""27"", ""28"", ""3"", ""31"", ""32"", ""35"", ""36"", ""37"", ""38"", ""4"", ""5"", ""6"", ""7"", ""8"", ""9""]}",
sig,1,11,17,"flx::floatx<11, 17>",39,0,19.648397,ok,"{""flx::floatx<11, 17>"": [""0"", ""1"", ""10"", ""11"", ""12"", ""13"", ""14"", ""15"", ""16"", ""17"", ""18"", ""19"", ""2"", ""20"", ""21"", ""22"", ""23"", ""24"", ""25"", ""26"", ""27"", ""28"", ""29"", ""3"", ""30"", ""31"", ""32"", ""33"", ""34"", ""35"", ""36"", ""37"", ""38"", ""4"", ""5"", ""6"", ""7"", ""8"", ""9""]}",
sig,1,11,18,"flx::floatx<11, 18>",39,0,19.640952,ok,"{""flx::floatx<11, 18>"": [""0"", ""1"", ""10"", ""11"", ""12"", ""13"", ""14"", ""15"", ""16"", ""17"", ""18"", ""19"", ""2"", ""20"", ""21"", ""22"", ""23"", ""24"", ""25"", ""26"", ""27"", ""28"", ""29"", ""3"", ""30"", ""31"", ""32"", ""33"", ""34"", ""35"", ""36"", ""37"", ""38"", ""4"", ""5"", ""6"", ""7"", ""8"", ""9""]}",
sig,1,11,19,"flx::floatx<11, 19>",39,0,19.651896,ok,"{""flx::floatx<11, 19>"": [""0"", ""1"", ""10"", ""11"", ""12"", ""13"", ""14"", ""15"", ""16"", ""17"", ""18"", ""19"", ""2"", ""20"", ""21"", ""22"", ""23"", ""24"", ""25"", ""26"", ""27"", ""28"", ""29"", ""3"", ""30"", ""31"", ""32"", ""33"", ""34"", ""35"", ""36"", ""37"", ""38"", ""4"", ""5"", ""6"", ""7"", ""8"", ""9""]}",
sig,1,11,20,"flx::floatx<11, 20>",39,0,19.591694,ok,"{""flx::floatx<11, 20>"": [""0"", ""1"", ""10"", ""11"", ""12"", ""13"", ""14"", ""15"", ""16"", ""17"", ""18"", ""19"", ""2"", ""20"", ""21"", ""22"", ""23"", ""24"", ""25"", ""26"", ""27"", ""28"", ""29"", ""3"", ""30"", ""31"", ""32"", ""33"", ""34"", ""35"", ""36"", ""37"", ""38"", ""4"", ""5"", ""6"", ""7"", ""8"", ""9""]}",
sig,1,11,21,"flx::floatx<11, 21>",39,0,19.507689,ok,"{""flx::floatx<11, 21>"": [""0"", ""1"", ""10"", ""11"", ""12"", ""13"", ""14"", ""15"", ""16"", ""17"", ""18"", ""19"", ""2"", ""20"", ""21"", ""22"", ""23"", ""24"", ""25"", ""26"", ""27"", ""28"", ""29"", ""3"", ""30"", ""31"", ""32"", ""33"", ""34"", ""35"", ""36"", ""37"", ""38"", ""4"", ""5"", ""6"", ""7"", ""8"", ""9""]}",
sig,1,11,22,"flx::floatx<11, 22>",39,0,19.738126,ok,"{""flx::floatx<11, 22>"": [""0"", ""1"", ""10"", ""11"", ""12"", ""13"", ""14"", ""15"", ""16"", ""17"", ""18"", ""19"", ""2"", ""20"", ""21"", ""22"", ""23"", ""24"", ""25"", ""26"", ""27"", ""28"", ""29"", ""3"", ""30"", ""31"", ""32"", ""33"", ""34"", ""35"", ""36"", ""37"", ""38"", ""4"", ""5"", ""6"", ""7"", ""8"", ""9""]}",
sig,1,11,23,"flx::floatx<11, 23>",39,0,19.728155,ok,"{""flx::floatx<11, 23>"": [""0"", ""1"", ""10"", ""11"", ""12"", ""13"", ""14"", ""15"", ""16"", ""17"", ""18"", ""19"", ""2"", ""20"", ""21"", ""22"", ""23"", ""24"", ""25"", ""26"", ""27"", ""28"", ""29"", ""3"", ""30"", ""31"", ""32"", ""33"", ""34"", ""35"", ""36"", ""37"", ""38"", ""4"", ""5"", ""6"", ""7"", ""8"", ""9""]}",
sig,1,11,24,"flx::floatx<11, 24>",39,0,19.675825,ok,"{""flx::floatx<11, 24>"": [""0"", ""1"", ""10"", ""11"", ""12"", ""13"", ""14"", ""15"", ""16"", ""17"", ""18"", ""19"", ""2"", ""20"", ""21"", ""22"", ""23"", ""24"", ""25"", ""26"", ""27"", ""28"", ""29"", ""3"", ""30"", ""31"", ""32"", ""33"", ""34"", ""35"", ""36"", ""37"", ""38"", ""4"", ""5"", ""6"", ""7"", ""8"", ""9""]}",
sig,1,11,25,"flx::floatx<11, 25>",39,0,19.700927,ok,"{""flx::floatx<11, 25>"": [""0"", ""1"", ""10"", ""11"", ""12"", ""13"", ""14"", ""15"", ""16"", ""17"", ""18"", ""19"", ""2"", ""20"", ""21"", ""22"", ""23"", ""24"", ""25"", ""26"", ""27"", ""28"", ""29"", ""3"", ""30"", ""31"", ""32"", ""33"", ""34"", ""35"", ""36"", ""37"", ""38"", ""4"", ""5"", ""6"", ""7"", ""8"", ""9""]}",
sig,1,11,26,"flx::floatx<11, 26>",39,0,19.670539,ok,"{""flx::floatx<11, 26>"": [""0"", ""1"", ""10"", ""11"", ""12"", ""13"", ""14"", ""15"", ""16"", ""17"", ""18"", ""19"", ""2"", ""20"", ""21"", ""22"", ""23"", ""24"", ""25"", ""26"", ""27"", ""28"", ""29"", ""3"", ""30"", ""31"", ""32"", ""33"", ""34"", ""35"", ""36"", ""37"", ""38"", ""4"", ""5"", ""6"", ""7"", ""8"", ""9""]}",
sig,1,11,27,"flx::floatx<11, 27>",39,0,19.637703,ok,"{""flx::floatx<11, 27>"": [""0"", ""1"", ""10"", ""11"", ""12"", ""13"", ""14"", ""15"", ""16"", ""17"", ""18"", ""19"", ""2"", ""20"", ""21"", ""22"", ""23"", ""24"", ""25"", ""26"", ""27"", ""28"", ""29"", ""3"", ""30"", ""31"", ""32"", ""33"", ""34"", ""35"", ""36"", ""37"", ""38"", ""4"", ""5"", ""6"", ""7"", ""8"", ""9""]}",
sig,1,11,28,"flx::floatx<11, 28>",39,0,19.687876,ok,"{""flx::floatx<11, 28>"": [""0"", ""1"", ""10"", ""11"", ""12"", ""13"", ""14"", ""15"", ""16"", ""17"", ""18"", ""19"", ""2"", ""20"", ""21"", ""22"", ""23"", ""24"", ""25"", ""26"", ""27"", ""28"", ""29"", ""3"", ""30"", ""31"", ""32"", ""33"", ""34"", ""35"", ""36"", ""37"", ""38"", ""4"", ""5"", ""6"", ""7"", ""8"", ""9""]}",
sig,1,11,29,"flx::floatx<11, 29>",39,0,19.682325,ok,"{""flx::floatx<11, 29>"": [""0"", ""1"", ""10"", ""11"", ""12"", ""13"", ""14"", ""15"", ""16"", ""17"", ""18"", ""19"", ""2"", ""20"", ""21"", ""22"", ""23"", ""24"", ""25"", ""26"", ""27"", ""28"", ""29"", ""3"", ""30"", ""31"", ""32"", ""33"", ""34"", ""35"", ""36"", ""37"", ""38"", ""4"", ""5"", ""6"", ""7"", ""8"", ""9""]}",
sig,1,11,30,"flx::floatx<11, 30>",39,0,19.677056,ok,"{""flx::floatx<11, 30>"": [""0"", ""1"", ""10"", ""11"", ""12"", ""13"", ""14"", ""15"", ""16"", ""17"", ""18"", ""19"", ""2"", ""20"", ""21"", ""22"", ""23"", ""24"", ""25"", ""26"", ""27"", ""28"", ""29"", ""3"", ""30"", ""31"", ""32"", ""33"", ""34"", ""35"", ""36"", ""37"", ""38"", ""4"", ""5"", ""6"", ""7"", ""8"", ""9""]}",
sig,1,11,31,"flx::floatx<11, 31>",39,0,19.652516,ok,"{""flx::floatx<11, 31>"": [""0"", ""1"", ""10"", ""11"", ""12"", ""13"", ""14"", ""15"", ""16"", ""17"", ""18"", ""19"", ""2"", ""20"", ""21"", ""22"", ""23"", ""24"", ""25"", ""26"", ""27"", ""28"", ""29"", ""3"", ""30"", ""31"", ""32"", ""33"", ""34"", ""35"", ""36"", ""37"", ""38"", ""4"", ""5"", ""6"", ""7"", ""8"", ""9""]}",
sig,1,11,32,"flx::floatx<11, 32>",39,0,19.515225,ok,"{""flx::floatx<11, 32>"": [""0"", ""1"", ""10"", ""11"", ""12"", ""13"", ""14"", ""15"", ""16"", ""17"", ""18"", ""19"", ""2"", ""20"", ""21"", ""22"", ""23"", ""24"", ""25"", ""26"", ""27"", ""28"", ""29"", ""3"", ""30"", ""31"", ""32"", ""33"", ""34"", ""35"", ""36"", ""37"", ""38"", ""4"", ""5"", ""6"", ""7"", ""8"", ""9""]}",
sig,1,11,33,"flx::floatx<11, 33>",39,0,19.492968,ok,"{""flx::floatx<11, 33>"": [""0"", ""1"", ""10"", ""11"", ""12"", ""13"", ""14"", ""15"", ""16"", ""17"", ""18"", ""19"", ""2"", ""20"", ""21"", ""22"", ""23"", ""24"", ""25"", ""26"", ""27"", ""28"", ""29"", ""3"", ""30"", ""31"", ""32"", ""33"", ""34"", ""35"", ""36"", ""37"", ""38"", ""4"", ""5"", ""6"", ""7"", ""8"", ""9""]}",
sig,1,11,34,"flx::floatx<11, 34>",39,0,19.531977,ok,"{""flx::floatx<11, 34>"": [""0"", ""1"", ""10"", ""11"", ""12"", ""13"", ""14"", ""15"", ""16"", ""17"", ""18"", ""19"", ""2"", ""20"", ""21"", ""22"", ""23"", ""24"", ""25"", ""26"", ""27"", ""28"", ""29"", ""3"", ""30"", ""31"", ""32"", ""33"", ""34"", ""35"", ""36"", ""37"", ""38"", ""4"", ""5"", ""6"", ""7"", ""8"", ""9""]}",
sig,1,11,35,"flx::floatx<11, 35>",39,0,19.536802,ok,"{""flx::floatx<11, 35>"": [""0"", ""1"", ""10"", ""11"", ""12"", ""13"", ""14"", ""15"", ""16"", ""17"", ""18"", ""19"", ""2"", ""20"", ""21"", ""22"", ""23"", ""24"", ""25"", ""26"", ""27"", ""28"", ""29"", ""3"", ""30"", ""31"", ""32"", ""33"", ""34"", ""35"", ""36"", ""37"", ""38"", ""4"", ""5"", ""6"", ""7"", ""8"", ""9""]}",
sig,1,11,36,"flx::floatx<11, 36>",39,0,19.728978,ok,"{""flx::floatx<11, 36>"": [""0"", ""1"", ""10"", ""11"", ""12"", ""13"", ""14"", ""15"", ""16"", ""17"", ""18"", ""19"", ""2"", ""20"", ""21"", ""22"", ""23"", ""24"", ""25"", ""26"", ""27"", ""28"", ""29"", ""3"", ""30"", ""31"", ""32"", ""33"", ""34"", ""35"", ""36"", ""37"", ""38"", ""4"", ""5"", ""6"", ""7"", ""8"", ""9""]}",
sig,1,11,37,"flx::floatx<11, 37>",39,0,19.837597,ok,"{""flx::floatx<11, 37>"": [""0"", ""1"", ""10"", ""11"", ""12"", ""13"", ""14"", ""15"", ""16"", ""17"", ""18"", ""19"", ""2"", ""20"", ""21"", ""22"", ""23"", ""24"", ""25"", ""26"", ""27"", ""28"", ""29"", ""3"", ""30"", ""31"", ""32"", ""33"", ""34"", ""35"", ""36"", ""37"", ""38"", ""4"", ""5"", ""6"", ""7"", ""8"", ""9""]}",
sig,1,11,38,"flx::floatx<11, 38>",39,0,19.786480,ok,"{""flx::floatx<11, 38>"": [""0"", ""1"", ""10"", ""11"", ""12"", ""13"", ""14"", ""15"", ""16"", ""17"", ""18"", ""19"", ""2"", ""20"", ""21"", ""22"", ""23"", ""24"", ""25"", ""26"", ""27"", ""28"", ""29"", ""3"", ""30"", ""31"", ""32"", ""33"", ""34"", ""35"", ""36"", ""37"", ""38"", ""4"", ""5"", ""6"", ""7"", ""8"", ""9""]}",
sig,1,11,39,"flx::floatx<11, 39>",39,0,19.836979,ok,"{""flx::floatx<11, 39>"": [""0"", ""1"", ""10"", ""11"", ""12"", ""13"", ""14"", ""15"", ""16"", ""17"", ""18"", ""19"", ""2"", ""20"", ""21"", ""22"", ""23"", ""24"", ""25"", ""26"", ""27"", ""28"", ""29"", ""3"", ""30"", ""31"", ""32"", ""33"", ""34"", ""35"", ""36"", ""37"", ""38"", ""4"", ""5"", ""6"", ""7"", ""8"", ""9""]}",
sig,1,11,40,"flx::floatx<11, 40>",39,0,19.791243,ok,"{""flx::floatx<11, 40>"": [""0"", ""1"", ""10"", ""11"", ""12"", ""13"", ""14"", ""15"", ""16"", ""17"", ""18"", ""19"", ""2"", ""20"", ""21"", ""22"", ""23"", ""24"", ""25"", ""26"", ""27"", ""28"", ""29"", ""3"", ""30"", ""31"", ""32"", ""33"", ""34"", ""35"", ""36"", ""37"", ""38"", ""4"", ""5"", ""6"", ""7"", ""8"", ""9""]}",
sig,1,11,41,"flx::floatx<11, 41>",39,0,19.808070,ok,"{""flx::floatx<11, 41>"": [""0"", ""1"", ""10"", ""11"", ""12"", ""13"", ""14"", ""15"", ""16"", ""17"", ""18"", ""19"", ""2"", ""20"", ""21"", ""22"", ""23"", ""24"", ""25"", ""26"", ""27"", ""28"", ""29"", ""3"", ""30"", ""31"", ""32"", ""33"", ""34"", ""35"", ""36"", ""37"", ""38"", ""4"", ""5"", ""6"", ""7"", ""8"", ""9""]}",
sig,1,11,42,"flx::floatx<11, 42>",39,0,19.802332,ok,"{""flx::floatx<11, 42>"": [""0"", ""1"", ""10"", ""11"", ""12"", ""13"", ""14"", ""15"", ""16"", ""17"", ""18"", ""19"", ""2"", ""20"", ""21"", ""22"", ""23"", ""24"", ""25"", ""26"", ""27"", ""28"", ""29"", ""3"", ""30"", ""31"", ""32"", ""33"", ""34"", ""35"", ""36"", ""37"", ""38"", ""4"", ""5"", ""6"", ""7"", ""8"", ""9""]}",
sig,1,11,43,"flx::floatx<11, 43>",39,0,19.776000,ok,"{""flx::floatx<11, 43>"": [""0"", ""1"", ""10"", ""11"", ""12"", ""13"", ""14"", ""15"", ""16"", ""17"", ""18"", ""19"", ""2"", ""20"", ""21"", ""22"", ""23"", ""24"", ""25"", ""26"", ""27"", ""28"", ""29"", ""3"", ""30"", ""31"", ""32"", ""33"", ""34"", ""35"", ""36"", ""37"", ""38"", ""4"", ""5"", ""6"", ""7"", ""8"", ""9""]}",
sig,1,11,44,"flx::floatx<11, 44>",39,0,19.646286,ok,"{""flx::floatx<11, 44>"": [""0"", ""1"", ""10"", ""11"", ""12"", ""13"", ""14"", ""15"", ""16"", ""17"", ""18"", ""19"", ""2"", ""20"", ""21"", ""22"", ""23"", ""24"", ""25"", ""26"", ""27"", ""28"", ""29"", ""3"", ""30"", ""31"", ""32"", ""33"", ""34"", ""35"", ""36"", ""37"", ""38"", ""4"", ""5"", ""6"", ""7"", ""8"", ""9""]}",
sig,1,11,45,"flx::floatx<11, 45>",39,0,19.567866,ok,"{""flx::floatx<11, 45>"": [""0"", ""1"", ""10"", ""11"", ""12"", ""13"", ""14"", ""15"", ""16"", ""17"", ""18"", ""19"", ""2"", ""20"", ""21"", ""22"", ""23"", ""24"", ""25"", ""26"", ""27"", ""28"", ""29"", ""3"", ""30"", ""31"", ""32"", ""33"", ""34"", ""35"", ""36"", ""37"", ""38"", ""4"", ""5"", ""6"", ""7"", ""8"", ""9""]}",
sig,1,11,46,"flx::floatx<11, 46>",39,0,19.633839,ok,"{""flx::floatx<11, 46>"": [""0"", ""1"", ""10"", ""11"", ""12"", ""13"", ""14"", ""15"", ""16"", ""17"", ""18"", ""19"", ""2"", ""20"", ""21"", ""22"", ""23"", ""24"", ""25"", ""26"", ""27"", ""28"", ""29"", ""3"", ""30"", ""31"", ""32"", ""33"", ""34"", ""35"", ""36"", ""37"", ""38"", ""4"", ""5"", ""6"", ""7"", ""8"", ""9""]}",
sig,1,11,47,"flx::floatx<11, 47>",39,0,19.698178,ok,"{""flx::floatx<11, 47>"": [""0"", ""1"", ""10"", ""11"", ""12"", ""13"", ""14"", ""15"", ""16"", ""17"", ""18"", ""19"", ""2"", ""20"", ""21"", ""22"", ""23"", ""24"", ""25"", ""26"", ""27"", ""28"", ""29"", ""3"", ""30"", ""31"", ""32"", ""33"", ""34"", ""35"", ""36"", ""37"", ""38"", ""4"", ""5"", ""6"", ""7"", ""8"", ""9""]}",
sig,1,11,48,"flx::floatx<11, 48>",39,0,19.811733,ok,"{""flx::floatx<11, 48>"": [""0"", ""1"", ""10"", ""11"", ""12"", ""13"", ""14"", ""15"", ""16"", ""17"", ""18"", ""19"", ""2"", ""20"", ""21"", ""22"", ""23"", ""24"", ""25"", ""26"", ""27"", ""28"", ""29"", ""3"", ""30"", ""31"", ""32"", ""33"", ""34"", ""35"", ""36"", ""37"", ""38"", ""4"", ""5"", ""6"", ""7"", ""8"", ""9""]}",
sig,1,11,49,"flx::floatx<11, 49>",39,0,19.897134,ok,"{""flx::floatx<11, 49>"": [""0"", ""1"", ""10"", ""11"", ""12"", ""13"", ""14"", ""15"", ""16"", ""17"", ""18"", ""19"", ""2"", ""20"", ""21"", ""22"", ""23"", ""24"", ""25"", ""26"", ""27"", ""28"", ""29"", ""3"", ""30"", ""31"", ""32"", ""33"", ""34"", ""35"", ""36"", ""37"", ""38"", ""4"", ""5"", ""6"", ""7"", ""8"", ""9""]}",
sig,1,11,50,"flx::floatx<11, 50>",39,0,20.228534,ok,"{""flx::floatx<11, 50>"": [""0"", ""1"", ""10"", ""11"", ""12"", ""13"", ""14"", ""15"", ""16"", ""17"", ""18"", ""19"", ""2"", ""20"", ""21"", ""22"", ""23"", ""24"", ""25"", ""26"", ""27"", ""28"", ""29"", ""3"", ""30"", ""31"", ""32"", ""33"", ""34"", ""35"", ""36"", ""37"", ""38"", ""4"", ""5"", ""6"", ""7"", ""8"", ""9""]}",
sig,1,11,51,"flx::floatx<11, 51>",39,0,20.413027,ok,"{""flx::floatx<11, 51>"": [""0"", ""1"", ""10"", ""11"", ""12"", ""13"", ""14"", ""15"", ""16"", ""17"", ""18"", ""19"", ""2"", ""20"", ""21"", ""22"", ""23"", ""24"", ""25"", ""26"", ""27"", ""28"", ""29"", ""3"", ""30"", ""31"", ""32"", ""33"", ""34"", ""35"", ""36"", ""37"", ""38"", ""4"", ""5"", ""6"", ""7"", ""8"", ""9""]}",
sig,1,11,52,"flx::floatx<11, 52>",39,0,13.571190,ok,"{""flx::floatx<11, 52>"": [""0"", ""1"", ""10"", ""11"", ""12"", ""13"", ""14"", ""15"", ""16"", ""17"", ""18"", ""19"", ""2"", ""20"", ""21"", ""22"", ""23"", ""24"", ""25"", ""26"", ""27"", ""28"", ""29"", ""3"", ""30"", ""31"", ""32"", ""33"", ""34"", ""35"", ""36"", ""37"", ""38"", ""4"", ""5"", ""6"", ""7"", ""8"", ""9""]}",
exp,1,1,52,"flx::floatx<1, 52>",23,16,99.143227,ok,"{""double"": [""18"", ""19"", ""20"", ""21"", ""22"", ""23"", ""24"", ""25"", ""26"", ""27"", ""29"", ""30"", ""31"", ""32"", ""33"", ""34""], ""flx::floatx<1, 52>"": [""0"", ""1"", ""10"", ""11"", ""12"", ""13"", ""14"", ""15"", ""16"", ""17"", ""2"", ""28"", ""3"", ""35"", ""36"", ""37"", ""38"", ""4"", ""5"", ""6"", ""7"", ""8"", ""9""]}",
exp,1,2,52,"flx::floatx<2, 52>",23,16,100.156396,ok,"{""double"": [""18"", ""19"", ""20"", ""21"", ""22"", ""23"", ""24"", ""25"", ""26"", ""27"", ""29"", ""30"", ""31"", ""32"", ""33"", ""34""], ""flx::floatx<2, 52>"": [""0"", ""1"", ""10"", ""11"", ""12"", ""13"", ""14"", ""15"", ""16"", ""17"", ""2"", ""28"", ""3"", ""35"", ""36"", ""37"", ""38"", ""4"", ""5"", ""6"", ""7"", ""8"", ""9""]}",
exp,1,3,52,"flx::floatx<3, 52>",23,16,103.265120,ok,"{""double"": [""18"", ""19"", ""20"", ""21"", ""22"", ""23"", ""24"", ""25"", ""26"", ""27"", ""29"", ""30"", ""31"", ""32"", ""33"", ""34""], ""flx::floatx<3, 52>"": [""0"", ""1"", ""10"", ""11"", ""12"", ""13"", ""14"", ""15"", ""16"", ""17"", ""2"", ""28"", ""3"", ""35"", ""36"", ""37"", ""38"", ""4"", ""5"", ""6"", ""7"", ""8"", ""9""]}",
exp,1,4,52,"flx::floatx<4, 52>",23,16,104.658633,ok,"{""double"": [""18"", ""19"", ""20"", ""21"", ""22"", ""23"", ""24"", ""25"", ""26"", ""27"", ""29"", ""30"", ""31"", ""32"", ""33"", ""34""], ""flx::floatx<4, 52>"": [""0"", ""1"", ""10"", ""11"", ""12"", ""13"", ""14"", ""15"", ""16"", ""17"", ""2"", ""28"", ""3"", ""35"", ""36"", ""37"", ""38"", ""4"", ""5"", ""6"", ""7"", ""8"", ""9""]}",
exp,1,5,52,"flx::floatx<5, 52>",39,0,13.898205,ok,"{""flx::floatx<5, 52>"": [""0"", ""1"", ""10"", ""11"", ""12"", ""13"", ""14"", ""15"", ""16"", ""17"", ""18"", ""19"", ""2"", ""20"", ""21"", ""22"", ""23"", ""24"", ""25"", ""26"", ""27"", ""28"", ""29"", ""3"", ""30"", ""31"", ""32"", ""33"", ""34"", ""35"", ""36"", ""37"", ""38"", ""4"", ""5"", ""6"", ""7"", ""8"", ""9""]}",
exp,1,6,52,"flx::floatx<6, 52>",39,0,13.799414,ok,"{""flx::floatx<6, 52>"": [""0"", ""1"", ""10"", ""11"", ""12"", ""13"", ""14"", ""15"", ""16"", ""17"", ""18"", ""19"", ""2"", ""20"", ""21"", ""22"", ""23"", ""24"", ""25"", ""26"", ""27"", ""28"", ""29"", ""3"", ""30"", ""31"", ""32"", ""33"", ""34"", ""35"", ""36"", ""37"", ""38"", ""4"", ""5"", ""6"", ""7"", ""8"", ""9""]}",
exp,1,7,52,"flx::floatx<7, 52>",39,0,13.771341,ok,"{""flx::floatx<7, 52>"": [""0"", ""1"", ""10"", ""11"", ""12"", ""13"", ""14"", ""15"", ""16"", ""17"", ""18"", ""19"", ""2"", ""20"", ""21"", ""22"", ""23"", ""24"", ""25"", ""26"", ""27"", ""28"", ""29"", ""3"", ""30"", ""31"", ""32"", ""33"", ""34"", ""35"", ""36"", ""37"", ""38"", ""4"", ""5"", ""6"", ""7"", ""8"", ""9""]}",
exp,1,8,52,"flx::floatx<8, 52>",39,0,13.787675,ok,"{""flx::floatx<8, 52>"": [""0"", ""1"", ""10"", ""11"", ""12"", ""13"", ""14"", ""15"", ""16"", ""17"", ""18"", ""19"", ""2"", ""20"", ""21"", ""22"", ""23"", ""24"", ""25"", ""26"", ""27"", ""28"", ""29"", ""3"", ""30"", ""31"", ""32"", ""33"", ""34"", ""35"", ""36"", ""37"", ""38"", ""4"", ""5"", ""6"", ""7"", ""8"", ""9""]}",
exp,1,9,52,"flx::floatx<9, 52>",39,0,13.781035,ok,"{""flx::floatx<9, 52>"": [""0"", ""1"", ""10"", ""11"", ""12"", ""13"", ""14"", ""15"", ""16"", ""17"", ""18"", ""19"", ""2"", ""20"", ""21"", ""22"", ""23"", ""24"", ""25"", ""26"", ""27"", ""28"", ""29"", ""3"", ""30"", ""31"", ""32"", ""33"", ""34"", ""35"", ""36"", ""37"", ""38"", ""4"", ""5"", ""6"", ""7"", ""8"", ""9""]}",
exp,1,10,52,"flx::floatx<10, 52>",39,0,13.832181,ok,"{""flx::floatx<10, 52>"": [""0"", ""1"", ""10"", ""11"", ""12"", ""13"", ""14"", ""15"", ""16"", ""17"", ""18"", ""19"", ""2"", ""20"", ""21"", ""22"", ""23"", ""24"", ""25"", ""26"", ""27"", ""28"", ""29"", ""3"", ""30"", ""31"", ""32"", ""33"", ""34"", ""35"", ""36"", ""37"", ""38"", ""4"", ""5"", ""6"", ""7"", ""8"", ""9""]}",
exp,1,11,52,"flx::floatx<11, 52>",39,0,13.584463,ok,"{""flx::floatx<11, 52>"": [""0"", ""1"", ""10"", ""11"", ""12"", ""13"", ""14"", ""15"", ""16"", ""17"", ""18"", ""19"", ""2"", ""20"", ""21"", ""22"", ""23"", ""24"", ""25"", ""26"", ""27"", ""28"", ""29"", ""3"", ""30"", ""31"", ""32"", ""33"", ""34"", ""35"", ""36"", ""37"", ""38"", ""4"", ""5"", ""6"", ""7"", ""8"", ""9""]}",
sig,2,11,1,"flx::floatx<11, 1>",27,12,152.734607,ok,"{""double"": [""18"", ""19"", ""20"", ""21"", ""22"", ""23"", ""29"", ""30"", ""31"", ""32"", ""33"", ""34""], ""flx::floatx<11, 1>"": [""0"", ""1"", ""10"", ""11"", ""12"", ""13"", ""14"", ""15"", ""16"", ""17"", ""2"", ""24"", ""25"", ""26"", ""27"", ""28"", ""3"", ""35"", ""36"", ""37"", ""38"", ""4"", ""5"", ""6"", ""7"", ""8"", ""9""]}",
sig,2,11,2,"flx::floatx<11, 2>",27,12,163.337326,ok,"{""double"": [""18"", ""19"", ""20"", ""21"", ""22"", ""23"", ""29"", ""30"", ""31"", ""32"", ""33"", ""34""], ""flx::floatx<11, 2>"": [""0"", ""1"", ""10"", ""11"", ""12"", ""13"", ""14"", ""15"", ""16"", ""17"", ""2"", ""24"", ""25"", ""26"", ""27"", ""28"", ""3"", ""35"", ""36"", ""37"", ""38"", ""4"", ""5"", ""6"", ""7"", ""8"", ""9""]}",
sig,2,11,3,"flx::floatx<11, 3>",27,12,175.391850,ok,"{""double"": [""18"", ""19"", ""20"", ""21"", ""22"", ""23"", ""29"", ""30"", ""31"", ""32"", ""33"", ""34""], ""flx::floatx<11, 3>"": [""0"", ""1"", ""10"", ""11"", ""12"", ""13"", ""14"", ""15"", ""16"", ""17"", ""2"", ""24"", ""25"", ""26"", ""27"", ""28"", ""3"", ""35"", ""36"", ""37"", ""38"", ""4"", ""5"", ""6"", ""7"", ""8"", ""9""]}",
sig,2,11,4,"flx::floatx<11, 4>",27,12,186.522023,ok,"{""double"": [""18"", ""19"", ""20"", ""21"", ""22"", ""23"", ""29"", ""30"", ""31"", ""32"", ""33"", ""34""], ""flx::floatx<11, 4>"": [""0"", ""1"", ""10"", ""11"", ""12"", ""13"", ""14"", ""15"", ""16"", ""17"", ""2"", ""24"", ""25"", ""26"", ""27"", ""28"", ""3"", ""35"", ""36"", ""37"", ""38"", ""4"", ""5"", ""6"", ""7"", ""8"", ""9""]}",
sig,2,11,5,"flx::floatx<11, 5>",27,12,186.082261,ok,"{""double"": [""18"", ""19"", ""20"", ""21"", ""22"", ""23"", ""29"", ""30"", ""31"", ""32"", ""33"", ""34""], ""flx::floatx<11, 5>"": [""0"", ""1"", ""10"", ""11"", ""12"", ""13"", ""14"", ""15"", ""16"", ""17"", ""2"", ""24"", ""25"", ""26"", ""27"", ""28"", ""3"", ""35"", ""36"", ""37"", ""38"", ""4"", ""5"", ""6"", ""7"", ""8"", ""9""]}",
sig,2,11,6,"flx::floatx<11, 6>",27,12,186.475766,ok,"{""double"": [""18"", ""19"", ""20"", ""21"", ""22"", ""23"", ""29"", ""30"", ""31"", ""32"", ""33"", ""34""], ""flx::floatx<11, 6>"": [""0"", ""1"", ""10"", ""11"", ""12"", ""13"", ""14"", ""15"", ""16"", ""17"", ""2"", ""24"", ""25"", ""26"", ""27"", ""28"", ""3"", ""35"", ""36"", ""37"", ""38"", ""4"", ""5"", ""6"", ""7"", ""8"", ""9""]}",
sig,2,11,7,"flx::floatx<11, 7>",27,12,186.253500,ok,"{""double"": [""18"", ""19"", ""20"", ""21"", ""22"", ""23"", ""29"", ""30"", ""31"", ""32"", ""33"", ""34""], ""flx::floatx<11, 7>"": [""0"", ""1"", ""10"", ""11"", ""12"", ""13"", ""14"", ""15"", ""16"", ""17"", ""2"", ""24"", ""25"", ""26"", ""27"", ""28"", ""3"", ""35"", ""36"", ""37"", ""38"", ""4"", ""5"", ""6"", ""7"", ""8"", ""9""]}",
sig,2,11,8,"flx::floatx<11, 8>",27,12,186.236413,ok,"{""double"": [""18"", ""19"", ""20"", ""21"", ""22"", ""23"", ""29"", ""30"", ""31"", ""32"", ""33"", ""34""], ""flx::floatx<11, 8>"": [""0"", ""1"", ""10"", ""11"", ""12"", ""13"", ""14"", ""15"", ""16"", ""17"", ""2"", ""24"", ""25"", ""26"", ""27"", ""28"", ""3"", ""35"", ""36"", ""37"", ""38"", ""4"", ""5"", ""6"", ""7"", ""8"", ""9""]}",
sig,2,11,9,"flx::floatx<11, 9>",27,12,186.325999,ok,"{""double"": [""18"", ""19"", ""20"", ""21"", ""22"", ""23"", ""29"", ""30"", ""31"", ""32"", ""33"", ""34""], ""flx::floatx<11, 9>"": [""0"", ""1"", ""10"", ""11"", ""12"", ""13"", ""14"", ""15"", ""16"", ""17"", ""2"", ""24"", ""25"", ""26"", ""27"", ""28"", ""3"", ""35"", ""36"", ""37"", ""38"", ""4"", ""5"", ""6"", ""7"", ""8"", ""9""]}",
sig,2,11,10,"flx::floatx<11, 10>",27,12,186.296274,ok,"{""double"": [""18"", ""19"", ""20"", ""21"", ""22"", ""23"", ""29"", ""30"", ""31"", ""32"", ""33"", ""34""], ""flx::floatx<11, 10>"": [""0"", ""1"", ""10"", ""11"", ""12"", ""13"", ""14"", ""15"", ""16"", ""17"", ""2"", ""24"", ""25"", ""26"", ""27"", ""28"", ""3"", ""35"", ""36"", ""37"", ""38"", ""4"", ""5"", ""6"", ""7"", ""8"", ""9""]}",
sig,2,11,11,"flx::floatx<11, 11>",27,12,186.434459,ok,"{""double"": [""18"", ""19"", ""20"", ""21"", ""22"", ""23"", ""29"", ""30"", ""31"", ""32"", ""33"", ""34""], ""flx::floatx<11, 11>"": [""0"", ""1"", ""10"", ""11"", ""12"", ""13"", ""14"", ""15"", ""16"", ""17"", ""2"", ""24"", ""25"", ""26"", ""27"", ""28"", ""3"", ""35"", ""36"", ""37"", ""38"", ""4"", ""5"", ""6"", ""7"", ""8"", ""9""]}",
sig,2,11,12,"flx::floatx<11, 12>",27,12,186.279571,ok,"{""double"": [""18"", ""19"", ""20"", ""21"", ""22"", ""23"", ""29"", ""30"", ""31"", ""32"", ""33"", ""34""], ""flx::floatx<11, 12>"": [""0"", ""1"", ""10"", ""11"", ""12"", ""13"", ""14"", ""15"", ""16"", ""17"", ""2"", ""24"", ""25"", ""26"", ""27"", ""28"", ""3"", ""35"", ""36"", ""37"", ""38"", ""4"", ""5"", ""6"", ""7"", ""8"", ""9""]}",
sig,2,11,13,"flx::floatx<11, 13>",27,12,186.671747,ok,"{""double"": [""18"", ""19"", ""20"", ""21"", ""22"", ""23"", ""29"", ""30"", ""31"", ""32"", ""33"", ""34""], ""flx::floatx<11, 13>"": [""0"", ""1"", ""10"", ""11"", ""12"", ""13"", ""14"", ""15"", ""16"", ""17"", ""2"", ""24"", ""25"", ""26"", ""27"", ""28"", ""3"", ""35"", ""36"", ""37"", ""38"", ""4"", ""5"", ""6"", ""7"", ""8"", ""9""]}",
sig,2,11,14,"flx::floatx<11, 14>",27,12,186.352541,ok,"{""double"": [""18"", ""19"", ""20"", ""21"", ""22"", ""23"", ""29"", ""30"", ""31"", ""32"", ""33"", ""34""], ""flx::floatx<11, 14>"": [""0"", ""1"", ""10"", ""11"", ""12"", ""13"", ""14"", ""15"", ""16"", ""17"", ""2"", ""24"", ""25"", ""26"", ""27"", ""28"", ""3"", ""35"", ""36"", ""37"", ""38"", ""4"", ""5"", ""6"", ""7"", ""8"", ""9""]}",
sig,2,11,15,"flx::floatx<11, 15>",27,12,186.512966,ok,"{""double"": [""18"", ""19"", ""20"", ""21"", ""22"", ""23"", ""29"", ""30"", ""31"", ""32"", ""33"", ""34""], ""flx::floatx<11, 15>"": [""0"", ""1"", ""10"", ""11"", ""12"", ""13"", ""14"", ""15"", ""16"", ""17"", ""2"", ""24"", ""25"", ""26"", ""27"", ""28"", ""3"", ""35"", ""36"", ""37"", ""38"", ""4"", ""5"", ""6"", ""7"", ""8"", ""9""]}",
sig,2,11,16,"flx::floatx<11, 16>",27,12,186.794093,ok,"{""double"": [""18"", ""19"", ""20"", ""21"", ""22"", ""23"", ""29"", ""30"", ""31"", ""32"", ""33"", ""34""], ""flx::floatx<11, 16>"": [""0"", ""1"", ""10"", ""11"", ""12"", ""13"", ""14"", ""15"", ""16"", ""17"", ""2"", ""24"", ""25"", ""26"", ""27"", ""28"", ""3"", ""35"", ""36"", ""37"", ""38"", ""4"", ""5"", ""6"", ""7"", ""8"", ""9""]}",
sig,2,11,17,"flx::floatx<11, 17>",27,12,186.018986,ok,"{""double"": [""18"", ""19"", ""20"", ""21"", ""22"", ""23"", ""29"", ""30"", ""31"", ""32"", ""33"", ""34""], ""flx::floatx<11, 17>"": [""0"", ""1"", ""10"", ""11"", ""12"", ""13"", ""14"", ""15"", ""16"", ""17"", ""2"", ""24"", ""25"", ""26"", ""27"", ""28"", ""3"", ""35"", ""36"", ""37"", ""38"", ""4"", ""5"", ""6"", ""7"", ""8"", ""9""]}",
sig,2,11,18,"flx::floatx<11, 18>",27,12,185.959623,ok,"{""double"": [""18"", ""19"", ""20"", ""21"", ""22"", ""23"", ""29"", ""30"", ""31"", ""32"", ""33"", ""34""], ""flx::floatx<11, 18>"": [""0"", ""1"", ""10"", ""11"", ""12"", ""13"", ""14"", ""15"", ""16"", ""17"", ""2"", ""24"", ""25"", ""26"", ""27"", ""28"", ""3"", ""35"", ""36"", ""37"", ""38"", ""4"", ""5"", ""6"", ""7"", ""8"", ""9""]}",
sig,2,11,19,"flx::floatx<11, 19>",27,12,185.623469,ok,"{""double"": [""18"", ""19"", ""20"", ""21"", ""22"", ""23"", ""29"", ""30"", ""31"", ""32"", ""33"", ""34""], ""flx::floatx<11, 19>"": [""0"", ""1"", ""10"", ""11"", ""12"", ""13"", ""14"", ""15"", ""16"", ""17"", ""2"", ""24"", ""25"", ""26"", ""27"", ""28"", ""3"", ""35"", ""36"", ""37"", ""38"", ""4"", ""5"", ""6"", ""7"", ""8"", ""9""]}",
sig,2,11,20,"flx::floatx<11, 20>",31,8,167.068103,ok,"{""double"": [""18"", ""19"", ""20"", ""21"", ""22"", ""23"", ""33"", ""34""], ""flx::floatx<11, 20>"": [""0"", ""1"", ""10"", ""11"", ""12"", ""13"", ""14"", ""15"", ""16"", ""17"", ""2"", ""24"", ""25"", ""26"", ""27"", ""28"", ""29"", ""3"", ""30"", ""31"", ""32"", ""35"", ""36"", ""37"", ""38"", ""4"", ""5"", ""6"", ""7"", ""8"", ""9""]}",
sig,2,11,21,"flx::floatx<11, 21>",39,0,19.500121,ok,"{""flx::floatx<11, 21>"": [""0"", ""1"", ""10"", ""11"", ""12"", ""13"", ""14"", ""15"", ""16"", ""17"", ""18"", ""19"", ""2"", ""20"", ""21"", ""22"", ""23"", ""24"", ""25"", ""26"", ""27"", ""28"", ""29"", ""3"", ""30"", ""31"", ""32"", ""33"", ""34"", ""35"", ""36"", ""37"", ""38"", ""4"", ""5"", ""6"", ""7"", ""8"", ""9""]}",
sig,2,11,22,"flx::floatx<11, 22>",39,0,19.717811,ok,"{""flx::floatx<11, 22>"": [""0"", ""1"", ""10"", ""11"", ""12"", ""13"", ""14"", ""15"", ""16"", ""17"", ""18"", ""19"", ""2"", ""20"", ""21"", ""22"", ""23"", ""24"", ""25"", ""26"", ""27"", ""28"", ""29"", ""3"", ""30"", ""31"", ""32"", ""33"", ""34"", ""35"", ""36"", ""37"", ""38"", ""4"", ""5"", ""6"", ""7"", ""8"", ""9""]}",
sig,2,11,23,"flx::floatx<11, 23>",39,0,19.674260,ok,"{""flx::floatx<11, 23>"": [""0"", ""1"", ""10"", ""11"", ""12"", ""13"", ""14"", ""15"", ""16"", ""17"", ""18"", ""19"", ""2"", ""20"", ""21"", ""22"", ""23"", ""24"", ""25"", ""26"", ""27"", ""28"", ""29"", ""3"", ""30"", ""31"", ""32"", ""33"", ""34"", ""35"", ""36"", ""37"", ""38"", ""4"", ""5"", ""6"", ""7"", ""8"", ""9""]}",
sig,2,11,24,"flx::floatx<11, 24>",39,0,19.700508,ok,"{""flx::floatx<11, 24>"": [""0"", ""1"", ""10"", ""11"", ""12"", ""13"", ""14"", ""15"", ""16"", ""17"", ""18"", ""19"", ""2"", ""20"", ""21"", ""22"", ""23"", ""24"", ""25"", ""26"", ""27"", ""28"", ""29"", ""3"", ""30"", ""31"", ""32"", ""33"", ""34"", ""35"", ""36"", ""37"", ""38"", ""4"", ""5"", ""6"", ""7"", ""8"", ""9""]}",
sig,2,11,25,"flx::floatx<11, 25>",39,0,19.676352,ok,"{""flx::floatx<11, 25>"": [""0"", ""1"", ""10"", ""11"", ""12"", ""13"", ""14"", ""15"", ""16"", ""17"", ""18"", ""19"", ""2"", ""20"", ""21"", ""22"", ""23"", ""24"", ""25"", ""26"", ""27"", ""28"", ""29"", ""3"", ""30"", ""31"", ""32"", ""33"", ""34"", ""35"", ""36"", ""37"", ""38"", ""4"", ""5"", ""6"", ""7"", ""8"", ""9""]}",
sig,2,11,26,"flx::floatx<11, 26>",39,0,19.698814,ok,"{""flx::floatx<11, 26>"": [""0"", ""1"", ""10"", ""11"", ""12"", ""13"", ""14"", ""15"", ""16"", ""17"", ""18"", ""19"", ""2"", ""20"", ""21"", ""22"", ""23"", ""24"", ""25"", ""26"", ""27"", ""28"", ""29"", ""3"", ""30"", ""31"", ""32"", ""33"", ""34"", ""35"", ""36"", ""37"", ""38"", ""4"", ""5"", ""6"", ""7"", ""8"", ""9""]}",
sig,2,11,27,"flx::floatx<11, 27>",39,0,19.687105,ok,"{""flx::floatx<11, 27>"": [""0"", ""1"", ""10"", ""11"", ""12"", ""13"", ""14"", ""15"", ""16"", ""17"", ""18"", ""19"", ""2"", ""20"", ""21"", ""22"", ""23"", ""24"", ""25"", ""26"", ""27"", ""28"", ""29"", ""3"", ""30"", ""31"", ""32"", ""33"", ""34"", ""35"", ""36"", ""37"", ""38"", ""4"", ""5"", ""6"", ""7"", ""8"", ""9""]}",
sig,2,11,28,"flx::floatx<11, 28>",39,0,19.674578,ok,"{""flx::floatx<11, 28>"": [""0"", ""1"", ""10"", ""11"", ""12"", ""13"", ""14"", ""15"", ""16"", ""17"", ""18"", ""19"", ""2"", ""20"", ""21"", ""22"", ""23"", ""24"", ""25"", ""26"", ""27"", ""28"", ""29"", ""3"", ""30"", ""31"", ""32"", ""33"", ""34"", ""35"", ""36"", ""37"", ""38"", ""4"", ""5"", ""6"", ""7"", ""8"", ""9""]}",
sig,2,11,29,"flx::floatx<11, 29>",39,0,19.720772,ok,"{""flx::floatx<11, 29>"": [""0"", ""1"", ""10"", ""11"", ""12"", ""13"", ""14"", ""15"", ""16"", ""17"", ""18"", ""19"", ""2"", ""20"", ""21"", ""22"", ""23"", ""24"", ""25"", ""26"", ""27"", ""28"", ""29"", ""3"", ""30"", ""31"", ""32"", ""33"", ""34"", ""35"", ""36"", ""37"", ""38"", ""4"", ""5"", ""6"", ""7"", ""8"", ""9""]}",
sig,2,11,30,"flx::floatx<11, 30>",39,0,19.729136,ok,"{""flx::floatx<11, 30>"": [""0"", ""1"", ""10"", ""11"", ""12"", ""13"", ""14"", ""15"", ""16"", ""17"", ""18"", ""19"", ""2"", ""20"", ""21"", ""22"", ""23"", ""24"", ""25"", ""26"", ""27"", ""28"", ""29"", ""3"", ""30"", ""31"", ""32"", ""33"", ""34"", ""35"", ""36"", ""37"", ""38"", ""4"", ""5"", ""6"", ""7"", ""8"", ""9""]}",
sig,2,11,31,"flx::floatx<11, 31>",39,0,19.648109,ok,"{""flx::floatx<11, 31>"": [""0"", ""1"", ""10"", ""11"", ""12"", ""13"", ""14"", ""15"", ""16"", ""17"", ""18"", ""19"", ""2"", ""20"", ""21"", ""22"", ""23"", ""24"", ""25"", ""26"", ""27"", ""28"", ""29"", ""3"", ""30"", ""31"", ""32"", ""33"", ""34"", ""35"", ""36"", ""37"", ""38"", ""4"", ""5"", ""6"", ""7"", ""8"", ""9""]}",
sig,2,11,32,"flx::floatx<11, 32>",39,0,19.503017,ok,"{""flx::floatx<11, 32>"": [""0"", ""1"", ""10"", ""11"", ""12"", ""13"", ""14"", ""15"", ""16"", ""17"", ""18"", ""19"", ""2"", ""20"", ""21"", ""22"", ""23"", ""24"", ""25"", ""26"", ""27"", ""28"", ""29"", ""3"", ""30"", ""31"", ""32"", ""33"", ""34"", ""35"", ""36"", ""37"", ""38"", ""4"", ""5"", ""6"", ""7"", ""8"", ""9""]}",
sig,2,11,33,"flx::floatx<11, 33>",39,0,19.543305,ok,"{""flx::floatx<11, 33>"": [""0"", ""1"", ""10"", ""11"", ""12"", ""13"", ""14"", ""15"", ""16"", ""17"", ""18"", ""19"", ""2"", ""20"", ""21"", ""22"", ""23"", ""24"", ""25"", ""26"", ""27"", ""28"", ""29"", ""3"", ""30"", ""31"", ""32"", ""33"", ""34"", ""35"", ""36"", ""37"", ""38"", ""4"", ""5"", ""6"", ""7"", ""8"", ""9""]}",
sig,2,11,34,"flx::floatx<11, 34>",39,0,19.572699,ok,"{""flx::floatx<11, 34>"": [""0"", ""1"", ""10"", ""11"", ""12"", ""13"", ""14"", ""15"", ""16"", ""17"", ""18"", ""19"", ""2"", ""20"", ""21"", ""22"", ""23"", ""24"", ""25"", ""26"", ""27"", ""28"", ""29"", ""3"", ""30"", ""31"", ""32"", ""33"", ""34"", ""35"", ""36"", ""37"", ""38"", ""4"", ""5"", ""6"", ""7"", ""8"", ""9""]}",
sig,2,11,35,"flx::floatx<11, 35>",39,0,19.653804,ok,"{""flx::floatx<11, 35>"": [""0"", ""1"", ""10"", ""11"", ""12"", ""13"", ""14"", ""15"", ""16"", ""17"", ""18"", ""19"", ""2"", ""20"", ""21"", ""22"", ""23"", ""24"", ""25"", ""26"", ""27"", ""28"", ""29"", ""3"", ""30"", ""31"", ""32"", ""33"", ""34"", ""35"", ""36"", ""37"", ""38"", ""4"", ""5"", ""6"", ""7"", ""8"", ""9""]}",
sig,2,11,36,"flx::floatx<11, 36>",39,0,20.024452,ok,"{""flx::floatx<11, 36>"": [""0"", ""1"", ""10"", ""11"", ""12"", ""13"", ""14"", ""15"", ""16"", ""17"", ""18"", ""19"", ""2"", ""20"", ""21"", ""22"", ""23"", ""24"", ""25"", ""26"", ""27"", ""28"", ""29"", ""3"", ""30"", ""31"", ""32"", ""33"", ""34"", ""35"", ""36"", ""37"", ""38"", ""4"", ""5"", ""6"", ""7"", ""8"", ""9""]}",
sig,2,11,37,"flx::floatx<11, 37>",39,0,20.000293,ok,"{""flx::floatx<11, 37>"": [""0"", ""1"", ""10"", ""11"", ""12"", ""13"", ""14"", ""15"", ""16"", ""17"", ""18"", ""19"", ""2"", ""20"", ""21"", ""22"", ""23"", ""24"", ""25"", ""26"", ""27"", ""28"", ""29"", ""3"", ""30"", ""31"", ""32"", ""33"", ""34"", ""35"", ""36"", ""37"", ""38"", ""4"", ""5"", ""6"", ""7"", ""8"", ""9""]}",
sig,2,11,38,"flx::floatx<11, 38>",39,0,20.063260,ok,"{""flx::floatx<11, 38>"": [""0"", ""1"", ""10"", ""11"", ""12"", ""13"", ""14"", ""15"", ""16"", ""17"", ""18"", ""19"", ""2"", ""20"", ""21"", ""22"", ""23"", ""24"", ""25"", ""26"", ""27"", ""28"", ""29"", ""3"", ""30"", ""31"", ""32"", ""33"", ""34"", ""35"", ""36"", ""37"", ""38"", ""4"", ""5"", ""6"", ""7"", ""8"", ""9""]}",
sig,2,11,39,"flx::floatx<11, 39>",39,0,19.839845,ok,"{""flx::floatx<11, 39>"": [""0"", ""1"", ""10"", ""11"", ""12"", ""13"", ""14"", ""15"", ""16"", ""17"", ""18"", ""19"", ""2"", ""20"", ""21"", ""22"", ""23"", ""24"", ""25"", ""26"", ""27"", ""28"", ""29"", ""3"", ""30"", ""31"", ""32"", ""33"", ""34"", ""35"", ""36"", ""37"", ""38"", ""4"", ""5"", ""6"", ""7"", ""8"", ""9""]}",
sig,2,11,40,"flx::floatx<11, 40>",39,0,19.814744,ok,"{""flx::floatx<11, 40>"": [""0"", ""1"", ""10"", ""11"", ""12"", ""13"", ""14"", ""15"", ""16"", ""17"", ""18"", ""19"", ""2"", ""20"", ""21"", ""22"", ""23"", ""24"", ""25"", ""26"", ""27"", ""28"", ""29"", ""3"", ""30"", ""31"", ""32"", ""33"", ""34"", ""35"", ""36"", ""37"", ""38"", ""4"", ""5"", ""6"", ""7"", ""8"", ""9""]}",
sig,2,11,41,"flx::floatx<11, 41>",39,0,19.832725,ok,"{""flx::floatx<11, 41>"": [""0"", ""1"", ""10"", ""11"", ""12"", ""13"", ""14"", ""15"", ""16"", ""17"", ""18"", ""19"", ""2"", ""20"", ""21"", ""22"", ""23"", ""24"", ""25"", ""26"", ""27"", ""28"", ""29"", ""3"", ""30"", ""31"", ""32"", ""33"", ""34"", ""35"", ""36"", ""37"", ""38"", ""4"", ""5"", ""6"", ""7"", ""8"", ""9""]}",
sig,2,11,42,"flx::floatx<11, 42>",39,0,19.843570,ok,"{""flx::floatx<11, 42>"": [""0"", ""1"", ""10"", ""11"", ""12"", ""13"", ""14"", ""15"", ""16"", ""17"", ""18"", ""19"", ""2"", ""20"", ""21"", ""22"", ""23"", ""24"", ""25"", ""26"", ""27"", ""28"", ""29"", ""3"", ""30"", ""31"", ""32"", ""33"", ""34"", ""35"", ""36"", ""37"", ""38"", ""4"", ""5"", ""6"", ""7"", ""8"", ""9""]}",
sig,2,11,43,"flx::floatx<11, 43>",39,0,19.831959,ok,"{""flx::floatx<11, 43>"": [""0"", ""1"", ""10"", ""11"", ""12"", ""13"", ""14"", ""15"", ""16"", ""17"", ""18"", ""19"", ""2"", ""20"", ""21"", ""22"", ""23"", ""24"", ""25"", ""26"", ""27"", ""28"", ""29"", ""3"", ""30"", ""31"", ""32"", ""33"", ""34"", ""35"", ""36"", ""37"", ""38"", ""4"", ""5"", ""6"", ""7"", ""8"", ""9""]}",
sig,2,11,44,"flx::floatx<11, 44>",39,0,19.596327,ok,"{""flx::floatx<11, 44>"": [""0"", ""1"", ""10"", ""11"", ""12"", ""13"", ""14"", ""15"", ""16"", ""17"", ""18"", ""19"", ""2"", ""20"", ""21"", ""22"", ""23"", ""24"", ""25"", ""26"", ""27"", ""28"", ""29"", ""3"", ""30"", ""31"", ""32"", ""33"", ""34"", ""35"", ""36"", ""37"", ""38"", ""4"", ""5"", ""6"", ""7"", ""8"", ""9""]}",
sig,2,11,45,"flx::floatx<11, 45>",39,0,19.627206,ok,"{""flx::floatx<11, 45>"": [""0"", ""1"", ""10"", ""11"", ""12"", ""13"", ""14"", ""15"", ""16"", ""17"", ""18"", ""19"", ""2"", ""20"", ""21"", ""22"", ""23"", ""24"", ""25"", ""26"", ""27"", ""28"", ""29"", ""3"", ""30"", ""31"", ""32"", ""33"", ""34"", ""35"", ""36"", ""37"", ""38"", ""4"", ""5"", ""6"", ""7"", ""8"", ""9""]}",
sig,2,11,46,"flx::floatx<11, 46>",39,0,19.640836,ok,"{""flx::floatx<11, 46>"": [""0"", ""1"", ""10"", ""11"", ""12"", ""13"", ""14"", ""15"", ""16"", ""17"", ""18"", ""19"", ""2"", ""20"", ""21"", ""22"", ""23"", ""24"", ""25"", ""26"", ""27"", ""28"", ""29"", ""3"", ""30"", ""31"", ""32"", ""33"", ""34"", ""35"", ""36"", ""37"", ""38"", ""4"", ""5"", ""6"", ""7"", ""8"", ""9""]}",
sig,2,11,47,"flx::floatx<11, 47>",39,0,19.699391,ok,"{""flx::floatx<11, 47>"": [""0"", ""1"", ""10"", ""11"", ""12"", ""13"", ""14"", ""15"", ""16"", ""17"", ""18"", ""19"", ""2"", ""20"", ""21"", ""22"", ""23"", ""24"", ""25"", ""26"", ""27"", ""28"", ""29"", ""3"", ""30"", ""31"", ""32"", ""33"", ""34"", ""35"", ""36"", ""37"", ""38"", ""4"", ""5"", ""6"", ""7"", ""8"", ""9""]}",
sig,2,11,48,"flx::floatx<11, 48>",39,0,19.791718,ok,"{""flx::floatx<11, 48>"": [""0"", ""1"", ""10"", ""11"", ""12"", ""13"", ""14"", ""15"", ""16"", ""17"", ""18"", ""19"", ""2"", ""20"", ""21"", ""22"", ""23"", ""24"", ""25"", ""26"", ""27"", ""28"", ""29"", ""3"", ""30"", ""31"", ""32"", ""33"", ""34"", ""35"", ""36"", ""37"", ""38"", ""4"", ""5"", ""6"", ""7"", ""8"", ""9""]}",
sig,2,11,49,"flx::floatx<11, 49>",39,0,19.936503,ok,"{""flx::floatx<11, 49>"": [""0"", ""1"", ""10"", ""11"", ""12"", ""13"", ""14"", ""15"", ""16"", ""17"", ""18"", ""19"", ""2"", ""20"", ""21"", ""22"", ""23"", ""24"", ""25"", ""26"", ""27"", ""28"", ""29"", ""3"", ""30"", ""31"", ""32"", ""33"", ""34"", ""35"", ""36"", ""37"", ""38"", ""4"", ""5"", ""6"", ""7"", ""8"", ""9""]}",
sig,2,11,50,"flx::floatx<11, 50>",39,0,20.245266,ok,"{""flx::floatx<11, 50>"": [""0"", ""1"", ""10"", ""11"", ""12"", ""13"", ""14"", ""15"", ""16"", ""17"", ""18"", ""19"", ""2"", ""20"", ""21"", ""22"", ""23"", ""24"", ""25"", ""26"", ""27"", ""28"", ""29"", ""3"", ""30"", ""31"", ""32"", ""33"", ""34"", ""35"", ""36"", ""37"", ""38"", ""4"", ""5"", ""6"", ""7"", ""8"", ""9""]}",
sig,2,11,51,"flx::floatx<11, 51>",39,0,20.475452,ok,"{""flx::floatx<11, 51>"": [""0"", ""1"", ""10"", ""11"", ""12"", ""13"", ""14"", ""15"", ""16"", ""17"", ""18"", ""19"", ""2"", ""20"", ""21"", ""22"", ""23"", ""24"", ""25"", ""26"", ""27"", ""28"", ""29"", ""3"", ""30"", ""31"", ""32"", ""33"", ""34"", ""35"", ""36"", ""37"", ""38"", ""4"", ""5"", ""6"", ""7"", ""8"", ""9""]}",
sig,2,11,52,"flx::floatx<11, 52>",39,0,13.609303,ok,"{""flx::floatx<11, 52>"": [""0"", ""1"", ""10"", ""11"", ""12"", ""13"", ""14"", ""15"", ""16"", ""17"", ""18"", ""19"", ""2"", ""20"", ""21"", ""22"", ""23"", ""24"", ""25"", ""26"", ""27"", ""28"", ""29"", ""3"", ""30"", ""31"", ""32"", ""33"", ""34"", ""35"", ""36"", ""37"", ""38"", ""4"", ""5"", ""6"", ""7"", ""8"", ""9""]}",
exp,2,1,52,"flx::floatx<1, 52>",23,16,99.288435,ok,"{""double"": [""18"", ""19"", ""20"", ""21"", ""22"", ""23"", ""24"", ""25"", ""26"", ""27"", ""29"", ""30"", ""31"", ""32"", ""33"", ""34""], ""flx::floatx<1, 52>"": [""0"", ""1"", ""10"", ""11"", ""12"", ""13"", ""14"", ""15"", ""16"", ""17"", ""2"", ""28"", ""3"", ""35"", ""36"", ""37"", ""38"", ""4"", ""5"", ""6"", ""7"", ""8"", ""9""]}",
exp,2,2,52,"flx::floatx<2, 52>",23,16,99.815374,ok,"{""double"": [""18"", ""19"", ""20"", ""21"", ""22"", ""23"", ""24"", ""25"", ""26"", ""27"", ""29"", ""30"", ""31"", ""32"", ""33"", ""34""], ""flx::floatx<2, 52>"": [""0"", ""1"", ""10"", ""11"", ""12"", ""13"", ""14"", ""15"", ""16"", ""17"", ""2"", ""28"", ""3"", ""35"", ""36"", ""37"", ""38"", ""4"", ""5"", ""6"", ""7"", ""8"", ""9""]}",
exp,2,3,52,"flx::floatx<3, 52>",23,16,103.365157,ok,"{""double"": [""18"", ""19"", ""20"", ""21"", ""22"", ""23"", ""24"", ""25"", ""26"", ""27"", ""29"", ""30"", ""31"", ""32"", ""33"", ""34""], ""flx::floatx<3, 52>"": [""0"", ""1"", ""10"", ""11"", ""12"", ""13"", ""14"", ""15"", ""16"", ""17"", ""2"", ""28"", ""3"", ""35"", ""36"", ""37"", ""38"", ""4"", ""5"", ""6"", ""7"", ""8"", ""9""]}",
exp,2,4,52,"flx::floatx<4, 52>",23,16,103.790956,ok,"{""double"": [""18"", ""19"", ""20"", ""21"", ""22"", ""23"", ""24"", ""25"", ""26"", ""27"", ""29"", ""30"", ""31"", ""32"", ""33"", ""34""], ""flx::floatx<4, 52>"": [""0"", ""1"", ""10"", ""11"", ""12"", ""13"", ""14"", ""15"", ""16"", ""17"", ""2"", ""28"", ""3"", ""35"", ""36"", ""37"", ""38"", ""4"", ""5"", ""6"", ""7"", ""8"", ""9""]}",
exp,2,5,52,"flx::floatx<5, 52>",39,0,13.926736,ok,"{""flx::floatx<5, 52>"": [""0"", ""1"", ""10"", ""11"", ""12"", ""13"", ""14"", ""15"", ""16"", ""17"", ""18"", ""19"", ""2"", ""20"", ""21"", ""22"", ""23"", ""24"", ""25"", ""26"", ""27"", ""28"", ""29"", ""3"", ""30"", ""31"", ""32"", ""33"", ""34"", ""35"", ""36"", ""37"", ""38"", ""4"", ""5"", ""6"", ""7"", ""8"", ""9""]}",
exp,2,6,52,"flx::floatx<6, 52>",39,0,13.832595,ok,"{""flx::floatx<6, 52>"": [""0"", ""1"", ""10"", ""11"", ""12"", ""13"", ""14"", ""15"", ""16"", ""17"", ""18"", ""19"", ""2"", ""20"", ""21"", ""22"", ""23"", ""24"", ""25"", ""26"", ""27"", ""28"", ""29"", ""3"", ""30"", ""31"", ""32"", ""33"", ""34"", ""35"", ""36"", ""37"", ""38"", ""4"", ""5"", ""6"", ""7"", ""8"", ""9""]}",
exp,2,7,52,"flx::floatx<7, 52>",39,0,13.809410,ok,"{""flx::floatx<7, 52>"": [""0"", ""1"", ""10"", ""11"", ""12"", ""13"", ""14"", ""15"", ""16"", ""17"", ""18"", ""19"", ""2"", ""20"", ""21"", ""22"", ""23"", ""24"", ""25"", ""26"", ""27"", ""28"", ""29"", ""3"", ""30"", ""31"", ""32"", ""33"", ""34"", ""35"", ""36"", ""37"", ""38"", ""4"", ""5"", ""6"", ""7"", ""8"", ""9""]}",
exp,2,8,52,"flx::floatx<8, 52>",39,0,13.785004,ok,"{""flx::floatx<8, 52>"": [""0"", ""1"", ""10"", ""11"", ""12"", ""13"", ""14"", ""15"", ""16"", ""17"", ""18"", ""19"", ""2"", ""20"", ""21"", ""22"", ""23"", ""24"", ""25"", ""26"", ""27"", ""28"", ""29"", ""3"", ""30"", ""31"", ""32"", ""33"", ""34"", ""35"", ""36"", ""37"", ""38"", ""4"", ""5"", ""6"", ""7"", ""8"", ""9""]}",
exp,2,9,52,"flx::floatx<9, 52>",39,0,13.784083,ok,"{""flx::floatx<9, 52>"": [""0"", ""1"", ""10"", ""11"", ""12"", ""13"", ""14"", ""15"", ""16"", ""17"", ""18"", ""19"", ""2"", ""20"", ""21"", ""22"", ""23"", ""24"", ""25"", ""26"", ""27"", ""28"", ""29"", ""3"", ""30"", ""31"", ""32"", ""33"", ""34"", ""35"", ""36"", ""37"", ""38"", ""4"", ""5"", ""6"", ""7"", ""8"", ""9""]}",
exp,2,10,52,"flx::floatx<10, 52>",39,0,13.819147,ok,"{""flx::floatx<10, 52>"": [""0"", ""1"", ""10"", ""11"", ""12"", ""13"", ""14"", ""15"", ""16"", ""17"", ""18"", ""19"", ""2"", ""20"", ""21"", ""22"", ""23"", ""24"", ""25"", ""26"", ""27"", ""28"", ""29"", ""3"", ""30"", ""31"", ""32"", ""33"", ""34"", ""35"", ""36"", ""37"", ""38"", ""4"", ""5"", ""6"", ""7"", ""8"", ""9""]}",
exp,2,11,52,"flx::floatx<11, 52>",39,0,13.623805,ok,"{""flx::floatx<11, 52>"": [""0"", ""1"", ""10"", ""11"", ""12"", ""13"", ""14"", ""15"", ""16"", ""17"", ""18"", ""19"", ""2"", ""20"", ""21"", ""22"", ""23"", ""24"", ""25"", ""26"", ""27"", ""28"", ""29"", ""3"", ""30"", ""31"", ""32"", ""33"", ""34"", ""35"", ""36"", ""37"", ""38"", ""4"", ""5"", ""6"", ""7"", ""8"", ""9""]}",
sig,3,11,1,"flx::floatx<11, 1>",27,12,152.902187,ok,"{""double"": [""18"", ""19"", ""20"", ""21"", ""22"", ""23"", ""29"", ""30"", ""31"", ""32"", ""33"", ""34""], ""flx::floatx<11, 1>"": [""0"", ""1"", ""10"", ""11"", ""12"", ""13"", ""14"", ""15"", ""16"", ""17"", ""2"", ""24"", ""25"", ""26"", ""27"", ""28"", ""3"", ""35"", ""36"", ""37"", ""38"", ""4"", ""5"", ""6"", ""7"", ""8"", ""9""]}",
sig,3,11,2,"flx::floatx<11, 2>",27,12,163.800463,ok,"{""double"": [""18"", ""19"", ""20"", ""21"", ""22"", ""23"", ""29"", ""30"", ""31"", ""32"", ""33"", ""34""], ""flx::floatx<11, 2>"": [""0"", ""1"", ""10"", ""11"", ""12"", ""13"", ""14"", ""15"", ""16"", ""17"", ""2"", ""24"", ""25"", ""26"", ""27"", ""28"", ""3"", ""35"", ""36"", ""37"", ""38"", ""4"", ""5"", ""6"", ""7"", ""8"", ""9""]}",
sig,3,11,3,"flx::floatx<11, 3>",27,12,176.324101,ok,"{""double"": [""18"", ""19"", ""20"", ""21"", ""22"", ""23"", ""29"", ""30"", ""31"", ""32"", ""33"", ""34""], ""flx::floatx<11, 3>"": [""0"", ""1"", ""10"", ""11"", ""12"", ""13"", ""14"", ""15"", ""16"", ""17"", ""2"", ""24"", ""25"", ""26"", ""27"", ""28"", ""3"", ""35"", ""36"", ""37"", ""38"", ""4"", ""5"", ""6"", ""7"", ""8"", ""9""]}",
sig,3,11,4,"flx::floatx<11, 4>",27,12,188.282983,ok,"{""double"": [""18"", ""19"", ""20"", ""21"", ""22"", ""23"", ""29"", ""30"", ""31"", ""32"", ""33"", ""34""], ""flx::floatx<11, 4>"": [""0"", ""1"", ""10"", ""11"", ""12"", ""13"", ""14"", ""15"", ""16"", ""17"", ""2"", ""24"", ""25"", ""26"", ""27"", ""28"", ""3"", ""35"", ""36"", ""37"", ""38"", ""4"", ""5"", ""6"", ""7"", ""8"", ""9""]}",
sig,3,11,5,"flx::floatx<11, 5>",27,12,187.797481,ok,"{""double"": [""18"", ""19"", ""20"", ""21"", ""22"", ""23"", ""29"", ""30"", ""31"", ""32"", ""33"", ""34""], ""flx::floatx<11, 5>"": [""0"", ""1"", ""10"", ""11"", ""12"", ""13"", ""14"", ""15"", ""16"", ""17"", ""2"", ""24"", ""25"", ""26"", ""27"", ""28"", ""3"", ""35"", ""36"", ""37"", ""38"", ""4"", ""5"", ""6"", ""7"", ""8"", ""9""]}",
sig,3,11,6,"flx::floatx<11, 6>",27,12,188.141076,ok,"{""double"": [""18"", ""19"", ""20"", ""21"", ""22"", ""23"", ""29"", ""30"", ""31"", ""32"", ""33"", ""34""], ""flx::floatx<11, 6>"": [""0"", ""1"", ""10"", ""11"", ""12"", ""13"", ""14"", ""15"", ""16"", ""17"", ""2"", ""24"", ""25"", ""26"", ""27"", ""28"", ""3"", ""35"", ""36"", ""37"", ""38"", ""4"", ""5"", ""6"", ""7"", ""8"", ""9""]}",
sig,3,11,7,"flx::floatx<11, 7>",27,12,189.901770,ok,"{""double"": [""18"", ""19"", ""20"", ""21"", ""22"", ""23"", ""29"", ""30"", ""31"", ""32"", ""33"", ""34""], ""flx::floatx<11, 7>"": [""0"", ""1"", ""10"", ""11"", ""12"", ""13"", ""14"", ""15"", ""16"", ""17"", ""2"", ""24"", ""25"", ""26"", ""27"", ""28"", ""3"", ""35"", ""36"", ""37"", ""38"", ""4"", ""5"", ""6"", ""7"", ""8"", ""9""]}",
sig,3,11,8,"flx::floatx<11, 8>",27,12,190.351701,ok,"{""double"": [""18"", ""19"", ""20"", ""21"", ""22"", ""23"", ""29"", ""30"", ""31"", ""32"", ""33"", ""34""], ""flx::floatx<11, 8>"": [""0"", ""1"", ""10"", ""11"", ""12"", ""13"", ""14"", ""15"", ""16"", ""17"", ""2"", ""24"", ""25"", ""26"", ""27"", ""28"", ""3"", ""35"", ""36"", ""37"", ""38"", ""4"", ""5"", ""6"", ""7"", ""8"", ""9""]}",
sig,3,11,9,"flx::floatx<11, 9>",27,12,190.751590,ok,"{""double"": [""18"", ""19"", ""20"", ""21"", ""22"", ""23"", ""29"", ""30"", ""31"", ""32"", ""33"", ""34""], ""flx::floatx<11, 9>"": [""0"", ""1"", ""10"", ""11"", ""12"", ""13"", ""14"", ""15"", ""16"", ""17"", ""2"", ""24"", ""25"", ""26"", ""27"", ""28"", ""3"", ""35"", ""36"", ""37"", ""38"", ""4"", ""5"", ""6"", ""7"", ""8"", ""9""]}",
sig,3,11,10,"flx::floatx<11, 10>",27,12,190.069153,ok,"{""double"": [""18"", ""19"", ""20"", ""21"", ""22"", ""23"", ""29"", ""30"", ""31"", ""32"", ""33"", ""34""], ""flx::floatx<11, 10>"": [""0"", ""1"", ""10"", ""11"", ""12"", ""13"", ""14"", ""15"", ""16"", ""17"", ""2"", ""24"", ""25"", ""26"", ""27"", ""28"", ""3"", ""35"", ""36"", ""37"", ""38"", ""4"", ""5"", ""6"", ""7"", ""8"", ""9""]}",
sig,3,11,11,"flx::floatx<11, 11>",27,12,192.309130,ok,"{""double"": [""18"", ""19"", ""20"", ""21"", ""22"", ""23"", ""29"", ""30"", ""31"", ""32"", ""33"", ""34""], ""flx::floatx<11, 11>"": [""0"", ""1"", ""10"", ""11"", ""12"", ""13"", ""14"", ""15"", ""16"", ""17"", ""2"", ""24"", ""25"", ""26"", ""27"", ""28"", ""3"", ""35"", ""36"", ""37"", ""38"", ""4"", ""5"", ""6"", ""7"", ""8"", ""9""]}",
sig,3,11,12,"flx::floatx<11, 12>",27,12,190.906446,ok,"{""double"": [""18"", ""19"", ""20"", ""21"", ""22"", ""23"", ""29"", ""30"", ""31"", ""32"", ""33"", ""34""], ""flx::floatx<11, 12>"": [""0"", ""1"", ""10"", ""11"", ""12"", ""13"", ""14"", ""15"", ""16"", ""17"", ""2"", ""24"", ""25"", ""26"", ""27"", ""28"", ""3"", ""35"", ""36"", ""37"", ""38"", ""4"", ""5"", ""6"", ""7"", ""8"", ""9""]}",
sig,3,11,13,"flx::floatx<11, 13>",27,12,191.766794,ok,"{""double"": [""18"", ""19"", ""20"", ""21"", ""22"", ""23"", ""29"", ""30"", ""31"", ""32"", ""33"", ""34""], ""flx::floatx<11, 13>"": [""0"", ""1"", ""10"", ""11"", ""12"", ""13"", ""14"", ""15"", ""16"", ""17"", ""2"", ""24"", ""25"", ""26"", ""27"", ""28"", ""3"", ""35"", ""36"", ""37"", ""38"", ""4"", ""5"", ""6"", ""7"", ""8"", ""9""]}",
sig,3,11,14,"flx::floatx<11, 14>",27,12,191.732240,ok,"{""double"": [""18"", ""19"", ""20"", ""21"", ""22"", ""23"", ""29"", ""30"", ""31"", ""32"", ""33"", ""34""], ""flx::floatx<11, 14>"": [""0"", ""1"", ""10"", ""11"", ""12"", ""13"", ""14"", ""15"", ""16"", ""17"", ""2"", ""24"", ""25"", ""26"", ""27"", ""28"", ""3"", ""35"", ""36"", ""37"", ""38"", ""4"", ""5"", ""6"", ""7"", ""8"", ""9""]}",
sig,3,11,15,"flx::floatx<11, 15>",27,12,190.859527,ok,"{""double"": [""18"", ""19"", ""20"", ""21"", ""22"", ""23"", ""29"", ""30"", ""31"", ""32"", ""33"", ""34""], ""flx::floatx<11, 15>"": [""0"", ""1"", ""10"", ""11"", ""12"", ""13"", ""14"", ""15"", ""16"", ""17"", ""2"", ""24"", ""25"", ""26"", ""27"", ""28"", ""3"", ""35"", ""36"", ""37"", ""38"", ""4"", ""5"", ""6"", ""7"", ""8"", ""9""]}",
sig,3,11,16,"flx::floatx<11, 16>",27,12,188.880314,ok,"{""double"": [""18"", ""19"", ""20"", ""21"", ""22"", ""23"", ""29"", ""30"", ""31"", ""32"", ""33"", ""34""], ""flx::floatx<11, 16>"": [""0"", ""1"", ""10"", ""11"", ""12"", ""13"", ""14"", ""15"", ""16"", ""17"", ""2"", ""24"", ""25"", ""26"", ""27"", ""28"", ""3"", ""35"", ""36"", ""37"", ""38"", ""4"", ""5"", ""6"", ""7"", ""8"", ""9""]}",
sig,3,11,17,"flx::floatx<11, 17>",27,12,189.280098,ok,"{""double"": [""18"", ""19"", ""20"", ""21"", ""22"", ""23"", ""29"", ""30"", ""31"", ""32"", ""33"", ""34""], ""flx::floatx<11, 17>"": [""0"", ""1"", ""10"", ""11"", ""12"", ""13"", ""14"", ""15"", ""16"", ""17"", ""2"", ""24"", ""25"", ""26"", ""27"", ""28"", ""3"", ""35"", ""36"", ""37"", ""38"", ""4"", ""5"", ""6"", ""7"", ""8"", ""9""]}",
sig,3,11,18,"flx::floatx<11, 18>",27,12,190.429708,ok,"{""double"": [""18"", ""19"", ""20"", ""21"", ""22"", ""23"", ""29"", ""30"", ""31"", ""32"", ""33"", ""34""], ""flx::floatx<11, 18>"": [""0"", ""1"", ""10"", ""11"", ""12"", ""13"", ""14"", ""15"", ""16"", ""17"", ""2"", ""24"", ""25"", ""26"", ""27"", ""28"", ""3"", ""35"", ""36"", ""37"", ""38"", ""4"", ""5"", ""6"", ""7"", ""8"", ""9""]}",
sig,3,11,19,"flx::floatx<11, 19>",27,12,190.778540,ok,"{""double"": [""18"", ""19"", ""20"", ""21"", ""22"", ""23"", ""29"", ""30"", ""31"", ""32"", ""33"", ""34""], ""flx::floatx<11, 19>"": [""0"", ""1"", ""10"", ""11"", ""12"", ""13"", ""14"", ""15"", ""16"", ""17"", ""2"", ""24"", ""25"", ""26"", ""27"", ""28"", ""3"", ""35"", ""36"", ""37"", ""38"", ""4"", ""5"", ""6"", ""7"", ""8"", ""9""]}",
sig,3,11,20,"flx::floatx<11, 20>",27,12,192.142736,ok,"{""double"": [""18"", ""19"", ""20"", ""21"", ""22"", ""23"", ""29"", ""30"", ""31"", ""32"", ""33"", ""34""], ""flx::floatx<11, 20>"": [""0"", ""1"", ""10"", ""11"", ""12"", ""13"", ""14"", ""15"", ""16"", ""17"", ""2"", ""24"", ""25"", ""26"", ""27"", ""28"", ""3"", ""35"", ""36"", ""37"", ""38"", ""4"", ""5"", ""6"", ""7"", ""8"", ""9""]}",
sig,3,11,21,"flx::floatx<11, 21>",27,12,187.669149,ok,"{""double"": [""18"", ""19"", ""20"", ""21"", ""22"", ""23"", ""29"", ""30"", ""31"", ""32"", ""33"", ""34""], ""flx::floatx<11, 21>"": [""0"", ""1"", ""10"", ""11"", ""12"", ""13"", ""14"", ""15"", ""16"", ""17"", ""2"", ""24"", ""25"", ""26"", ""27"", ""28"", ""3"", ""35"", ""36"", ""37"", ""38"", ""4"", ""5"", ""6"", ""7"", ""8"", ""9""]}",
sig,3,11,22,"flx::floatx<11, 22>",27,12,188.569124,ok,"{""double"": [""18"", ""19"", ""20"", ""21"", ""22"", ""23"", ""29"", ""30"", ""31"", ""32"", ""33"", ""34""], ""flx::floatx<11, 22>"": [""0"", ""1"", ""10"", ""11"", ""12"", ""13"", ""14"", ""15"", ""16"", ""17"", ""2"", ""24"", ""25"", ""26"", ""27"", ""28"", ""3"", ""35"", ""36"", ""37"", ""38"", ""4"", ""5"", ""6"", ""7"", ""8"", ""9""]}",
sig,3,11,23,"flx::floatx<11, 23>",31,8,169.051789,ok,"{""double"": [""18"", ""19"", ""20"", ""21"", ""22"", ""23"", ""33"", ""34""], ""flx::floatx<11, 23>"": [""0"", ""1"", ""10"", ""11"", ""12"", ""13"", ""14"", ""15"", ""16"", ""17"", ""2"", ""24"", ""25"", ""26"", ""27"", ""28"", ""29"", ""3"", ""30"", ""31"", ""32"", ""35"", ""36"", ""37"", ""38"", ""4"", ""5"", ""6"", ""7"", ""8"", ""9""]}",
sig,3,11,24,"flx::floatx<11, 24>",39,0,19.895268,ok,"{""flx::floatx<11, 24>"": [""0"", ""1"", ""10"", ""11"", ""12"", ""13"", ""14"", ""15"", ""16"", ""17"", ""18"", ""19"", ""2"", ""20"", ""21"", ""22"", ""23"", ""24"", ""25"", ""26"", ""27"", ""28"", ""29"", ""3"", ""30"", ""31"", ""32"", ""33"", ""34"", ""35"", ""36"", ""37"", ""38"", ""4"", ""5"", ""6"", ""7"", ""8"", ""9""]}",
sig,3,11,25,"flx::floatx<11, 25>",39,0,19.960598,ok,"{""flx::floatx<11, 25>"": [""0"", ""1"", ""10"", ""11"", ""12"", ""13"", ""14"", ""15"", ""16"", ""17"", ""18"", ""19"", ""2"", ""20"", ""21"", ""22"", ""23"", ""24"", ""25"", ""26"", ""27"", ""28"", ""29"", ""3"", ""30"", ""31"", ""32"", ""33"", ""34"", ""35"", ""36"", ""37"", ""38"", ""4"", ""5"", ""6"", ""7"", ""8"", ""9""]}",
sig,3,11,26,"flx::floatx<11, 26>",39,0,19.896047,ok,"{""flx::floatx<11, 26>"": [""0"", ""1"", ""10"", ""11"", ""12"", ""13"", ""14"", ""15"", ""16"", ""17"", ""18"", ""19"", ""2"", ""20"", ""21"", ""22"", ""23"", ""24"", ""25"", ""26"", ""27"", ""28"", ""29"", ""3"", ""30"", ""31"", ""32"", ""33"", ""34"", ""35"", ""36"", ""37"", ""38"", ""4"", ""5"", ""6"", ""7"", ""8"", ""9""]}",
sig,3,11,27,"flx::floatx<11, 27>",39,0,19.861603,ok,"{""flx::floatx<11, 27>"": [""0"", ""1"", ""10"", ""11"", ""12"", ""13"", ""14"", ""15"", ""16"", ""17"", ""18"", ""19"", ""2"", ""20"", ""21"", ""22"", ""23"", ""24"", ""25"", ""26"", ""27"", ""28"", ""29"", ""3"", ""30"", ""31"", ""32"", ""33"", ""34"", ""35"", ""36"", ""37"", ""38"", ""4"", ""5"", ""6"", ""7"", ""8"", ""9""]}",
sig,3,11,28,"flx::floatx<11, 28>",39,0,19.931576,ok,"{""flx::floatx<11, 28>"": [""0"", ""1"", ""10"", ""11"", ""12"", ""13"", ""14"", ""15"", ""16"", ""17"", ""18"", ""19"", ""2"", ""20"", ""21"", ""22"", ""23"", ""24"", ""25"", ""26"", ""27"", ""28"", ""29"", ""3"", ""30"", ""31"", ""32"", ""33"", ""34"", ""35"", ""36"", ""37"", ""38"", ""4"", ""5"", ""6"", ""7"", ""8"", ""9""]}",
sig,3,11,29,"flx::floatx<11, 29>",39,0,19.890820,ok,"{""flx::floatx<11, 29>"": [""0"", ""1"", ""10"", ""11"", ""12"", ""13"", ""14"", ""15"", ""16"", ""17"", ""18"", ""19"", ""2"", ""20"", ""21"", ""22"", ""23"", ""24"", ""25"", ""26"", ""27"", ""28"", ""29"", ""3"", ""30"", ""31"", ""32"", ""33"", ""34"", ""35"", ""36"", ""37"", ""38"", ""4"", ""5"", ""6"", ""7"", ""8"", ""9""]}",
sig,3,11,30,"flx::floatx<11, 30>",39,0,19.910862,ok,"{""flx::floatx<11, 30>"": [""0"", ""1"", ""10"", ""11"", ""12"", ""13"", ""14"", ""15"", ""16"", ""17"", ""18"", ""19"", ""2"", ""20"", ""21"", ""22"", ""23"", ""24"", ""25"", ""26"", ""27"", ""28"", ""29"", ""3"", ""30"", ""31"", ""32"", ""33"", ""34"", ""35"", ""36"", ""37"", ""38"", ""4"", ""5"", ""6"", ""7"", ""8"", ""9""]}",
sig,3,11,31,"flx::floatx<11, 31>",39,0,19.846531,ok,"{""flx::floatx<11, 31>"": [""0"", ""1"", ""10"", ""11"", ""12"", ""13"", ""14"", ""15"", ""16"", ""17"", ""18"", ""19"", ""2"", ""20"", ""21"", ""22"", ""23"", ""24"", ""25"", ""26"", ""27"", ""28"", ""29"", ""3"", ""30"", ""31"", ""32"", ""33"", ""34"", ""35"", ""36"", ""37"", ""38"", ""4"", ""5"", ""6"", ""7"", ""8"", ""9""]}",
sig,3,11,32,"flx::floatx<11, 32>",39,0,19.800112,ok,"{""flx::floatx<11, 32>"": [""0"", ""1"", ""10"", ""11"", ""12"", ""13"", ""14"", ""15"", ""16"", ""17"", ""18"", ""19"", ""2"", ""20"", ""21"", ""22"", ""23"", ""24"", ""25"", ""26"", ""27"", ""28"", ""29"", ""3"", ""30"", ""31"", ""32"", ""33"", ""34"", ""35"", ""36"", ""37"", ""38"", ""4"", ""5"", ""6"", ""7"", ""8"", ""9""]}",
sig,3,11,33,"flx::floatx<11, 33>",39,0,19.715044,ok,"{""flx::floatx<11, 33>"": [""0"", ""1"", ""10"", ""11"", ""12"", ""13"", ""14"", ""15"", ""16"", ""17"", ""18"", ""19"", ""2"", ""20"", ""21"", ""22"", ""23"", ""24"", ""25"", ""26"", ""27"", ""28"", ""29"", ""3"", ""30"", ""31"", ""32"", ""33"", ""34"", ""35"", ""36"", ""37"", ""38"", ""4"", ""5"", ""6"", ""7"", ""8"", ""9""]}",
sig,3,11,34,"flx::floatx<11, 34>",39,0,19.747081,ok,"{""flx::floatx<11, 34>"": [""0"", ""1"", ""10"", ""11"", ""12"", ""13"", ""14"", ""15"", ""16"", ""17"", ""18"", ""19"", ""2"", ""20"", ""21"", ""22"", ""23"", ""24"", ""25"", ""26"", ""27"", ""28"", ""29"", ""3"", ""30"", ""31"", ""32"", ""33"", ""34"", ""35"", ""36"", ""37"", ""38"", ""4"", ""5"", ""6"", ""7"", ""8"", ""9""]}",
sig,3,11,35,"flx::floatx<11, 35>",39,0,19.794509,ok,"{""flx::floatx<11, 35>"": [""0"", ""1"", ""10"", ""11"", ""12"", ""13"", ""14"", ""15"", ""16"", ""17"", ""18"", ""19"", ""2"", ""20"", ""21"", ""22"", ""23"", ""24"", ""25"", ""26"", ""27"", ""28"", ""29"", ""3"", ""30"", ""31"", ""32"", ""33"", ""34"", ""35"", ""36"", ""37"", ""38"", ""4"", ""5"", ""6"", ""7"", ""8"", ""9""]}",
sig,3,11,36,"flx::floatx<11, 36>",39,0,19.950472,ok,"{""flx::floatx<11, 36>"": [""0"", ""1"", ""10"", ""11"", ""12"", ""13"", ""14"", ""15"", ""16"", ""17"", ""18"", ""19"", ""2"", ""20"", ""21"", ""22"", ""23"", ""24"", ""25"", ""26"", ""27"", ""28"", ""29"", ""3"", ""30"", ""31"", ""32"", ""33"", ""34"", ""35"", ""36"", ""37"", ""38"", ""4"", ""5"", ""6"", ""7"", ""8"", ""9""]}",
sig,3,11,37,"flx::floatx<11, 37>",39,0,19.928401,ok,"{""flx::floatx<11, 37>"": [""0"", ""1"", ""10"", ""11"", ""12"", ""13"", ""14"", ""15"", ""16"", ""17"", ""18"", ""19"", ""2"", ""20"", ""21"", ""22"", ""23"", ""24"", ""25"", ""26"", ""27"", ""28"", ""29"", ""3"", ""30"", ""31"", ""32"", ""33"", ""34"", ""35"", ""36"", ""37"", ""38"", ""4"", ""5"", ""6"", ""7"", ""8"", ""9""]}",
sig,3,11,38,"flx::floatx<11, 38>",39,0,20.085334,ok,"{""flx::floatx<11, 38>"": [""0"", ""1"", ""10"", ""11"", ""12"", ""13"", ""14"", ""15"", ""16"", ""17"", ""18"", ""19"", ""2"", ""20"", ""21"", ""22"", ""23"", ""24"", ""25"", ""26"", ""27"", ""28"", ""29"", ""3"", ""30"", ""31"", ""32"", ""33"", ""34"", ""35"", ""36"", ""37"", ""38"", ""4"", ""5"", ""6"", ""7"", ""8"", ""9""]}",
sig,3,11,39,"flx::floatx<11, 39>",39,0,19.984720,ok,"{""flx::floatx<11, 39>"": [""0"", ""1"", ""10"", ""11"", ""12"", ""13"", ""14"", ""15"", ""16"", ""17"", ""18"", ""19"", ""2"", ""20"", ""21"", ""22"", ""23"", ""24"", ""25"", ""26"", ""27"", ""28"", ""29"", ""3"", ""30"", ""31"", ""32"", ""33"", ""34"", ""35"", ""36"", ""37"", ""38"", ""4"", ""5"", ""6"", ""7"", ""8"", ""9""]}",
sig,3,11,40,"flx::floatx<11, 40>",39,0,20.009484,ok,"{""flx::floatx<11, 40>"": [""0"", ""1"", ""10"", ""11"", ""12"", ""13"", ""14"", ""15"", ""16"", ""17"", ""18"", ""19"", ""2"", ""20"", ""21"", ""22"", ""23"", ""24"", ""25"", ""26"", ""27"", ""28"", ""29"", ""3"", ""30"", ""31"", ""32"", ""33"", ""34"", ""35"", ""36"", ""37"", ""38"", ""4"", ""5"", ""6"", ""7"", ""8"", ""9""]}",
sig,3,11,41,"flx::floatx<11, 41>",39,0,19.954748,ok,"{""flx::floatx<11, 41>"": [""0"", ""1"", ""10"", ""11"", ""12"", ""13"", ""14"", ""15"", ""16"", ""17"", ""18"", ""19"", ""2"", ""20"", ""21"", ""22"", ""23"", ""24"", ""25"", ""26"", ""27"", ""28"", ""29"", ""3"", ""30"", ""31"", ""32"", ""33"", ""34"", ""35"", ""36"", ""37"", ""38"", ""4"", ""5"", ""6"", ""7"", ""8"", ""9""]}",
sig,3,11,42,"flx::floatx<11, 42>",39,0,19.959211,ok,"{""flx::floatx<11, 42>"": [""0"", ""1"", ""10"", ""11"", ""12"", ""13"", ""14"", ""15"", ""16"", ""17"", ""18"", ""19"", ""2"", ""20"", ""21"", ""22"", ""23"", ""24"", ""25"", ""26"", ""27"", ""28"", ""29"", ""3"", ""30"", ""31"", ""32"", ""33"", ""34"", ""35"", ""36"", ""37"", ""38"", ""4"", ""5"", ""6"", ""7"", ""8"", ""9""]}",
sig,3,11,43,"flx::floatx<11, 43>",39,0,20.063603,ok,"{""flx::floatx<11, 43>"": [""0"", ""1"", ""10"", ""11"", ""12"", ""13"", ""14"", ""15"", ""16"", ""17"", ""18"", ""19"", ""2"", ""20"", ""21"", ""22"", ""23"", ""24"", ""25"", ""26"", ""27"", ""28"", ""29"", ""3"", ""30"", ""31"", ""32"", ""33"", ""34"", ""35"", ""36"", ""37"", ""38"", ""4"", ""5"", ""6"", ""7"", ""8"", ""9""]}",
sig,3,11,44,"flx::floatx<11, 44>",39,0,19.802351,ok,"{""flx::floatx<11, 44>"": [""0"", ""1"", ""10"", ""11"", ""12"", ""13"", ""14"", ""15"", ""16"", ""17"", ""18"", ""19"", ""2"", ""20"", ""21"", ""22"", ""23"", ""24"", ""25"", ""26"", ""27"", ""28"", ""29"", ""3"", ""30"", ""31"", ""32"", ""33"", ""34"", ""35"", ""36"", ""37"", ""38"", ""4"", ""5"", ""6"", ""7"", ""8"", ""9""]}",
sig,3,11,45,"flx::floatx<11, 45>",39,0,19.765858,ok,"{""flx::floatx<11, 45>"": [""0"", ""1"", ""10"", ""11"", ""12"", ""13"", ""14"", ""15"", ""16"", ""17"", ""18"", ""19"", ""2"", ""20"", ""21"", ""22"", ""23"", ""24"", ""25"", ""26"", ""27"", ""28"", ""29"", ""3"", ""30"", ""31"", ""32"", ""33"", ""34"", ""35"", ""36"", ""37"", ""38"", ""4"", ""5"", ""6"", ""7"", ""8"", ""9""]}",
sig,3,11,46,"flx::floatx<11, 46>",39,0,19.769832,ok,"{""flx::floatx<11, 46>"": [""0"", ""1"", ""10"", ""11"", ""12"", ""13"", ""14"", ""15"", ""16"", ""17"", ""18"", ""19"", ""2"", ""20"", ""21"", ""22"", ""23"", ""24"", ""25"", ""26"", ""27"", ""28"", ""29"", ""3"", ""30"", ""31"", ""32"", ""33"", ""34"", ""35"", ""36"", ""37"", ""38"", ""4"", ""5"", ""6"", ""7"", ""8"", ""9""]}",
sig,3,11,47,"flx::floatx<11, 47>",39,0,19.982345,ok,"{""flx::floatx<11, 47>"": [""0"", ""1"", ""10"", ""11"", ""12"", ""13"", ""14"", ""15"", ""16"", ""17"", ""18"", ""19"", ""2"", ""20"", ""21"", ""22"", ""23"", ""24"", ""25"", ""26"", ""27"", ""28"", ""29"", ""3"", ""30"", ""31"", ""32"", ""33"", ""34"", ""35"", ""36"", ""37"", ""38"", ""4"", ""5"", ""6"", ""7"", ""8"", ""9""]}",
sig,3,11,48,"flx::floatx<11, 48>",39,0,19.873270,ok,"{""flx::floatx<11, 48>"": [""0"", ""1"", ""10"", ""11"", ""12"", ""13"", ""14"", ""15"", ""16"", ""17"", ""18"", ""19"", ""2"", ""20"", ""21"", ""22"", ""23"", ""24"", ""25"", ""26"", ""27"", ""28"", ""29"", ""3"", ""30"", ""31"", ""32"", ""33"", ""34"", ""35"", ""36"", ""37"", ""38"", ""4"", ""5"", ""6"", ""7"", ""8"", ""9""]}",
sig,3,11,49,"flx::floatx<11, 49>",39,0,20.235057,ok,"{""flx::floatx<11, 49>"": [""0"", ""1"", ""10"", ""11"", ""12"", ""13"", ""14"", ""15"", ""16"", ""17"", ""18"", ""19"", ""2"", ""20"", ""21"", ""22"", ""23"", ""24"", ""25"", ""26"", ""27"", ""28"", ""29"", ""3"", ""30"", ""31"", ""32"", ""33"", ""34"", ""35"", ""36"", ""37"", ""38"", ""4"", ""5"", ""6"", ""7"", ""8"", ""9""]}",
sig,3,11,50,"flx::floatx<11, 50>",39,0,20.450771,ok,"{""flx::floatx<11, 50>"": [""0"", ""1"", ""10"", ""11"", ""12"", ""13"", ""14"", ""15"", ""16"", ""17"", ""18"", ""19"", ""2"", ""20"", ""21"", ""22"", ""23"", ""24"", ""25"", ""26"", ""27"", ""28"", ""29"", ""3"", ""30"", ""31"", ""32"", ""33"", ""34"", ""35"", ""36"", ""37"", ""38"", ""4"", ""5"", ""6"", ""7"", ""8"", ""9""]}",
sig,3,11,51,"flx::floatx<11, 51>",39,0,20.674542,ok,"{""flx::floatx<11, 51>"": [""0"", ""1"", ""10"", ""11"", ""12"", ""13"", ""14"", ""15"", ""16"", ""17"", ""18"", ""19"", ""2"", ""20"", ""21"", ""22"", ""23"", ""24"", ""25"", ""26"", ""27"", ""28"", ""29"", ""3"", ""30"", ""31"", ""32"", ""33"", ""34"", ""35"", ""36"", ""37"", ""38"", ""4"", ""5"", ""6"", ""7"", ""8"", ""9""]}",
sig,3,11,52,"flx::floatx<11, 52>",39,0,13.862664,ok,"{""flx::floatx<11, 52>"": [""0"", ""1"", ""10"", ""11"", ""12"", ""13"", ""14"", ""15"", ""16"", ""17"", ""18"", ""19"", ""2"", ""20"", ""21"", ""22"", ""23"", ""24"", ""25"", ""26"", ""27"", ""28"", ""29"", ""3"", ""30"", ""31"", ""32"", ""33"", ""34"", ""35"", ""36"", ""37"", ""38"", ""4"", ""5"", ""6"", ""7"", ""8"", ""9""]}",
exp,3,1,52,"flx::floatx<1, 52>",23,16,100.281708,ok,"{""double"": [""18"", ""19"", ""20"", ""21"", ""22"", ""23"", ""24"", ""25"", ""26"", ""27"", ""29"", ""30"", ""31"", ""32"", ""33"", ""34""], ""flx::floatx<1, 52>"": [""0"", ""1"", ""10"", ""11"", ""12"", ""13"", ""14"", ""15"", ""16"", ""17"", ""2"", ""28"", ""3"", ""35"", ""36"", ""37"", ""38"", ""4"", ""5"", ""6"", ""7"", ""8"", ""9""]}",
exp,3,2,52,"flx::floatx<2, 52>",23,16,99.863870,ok,"{""double"": [""18"", ""19"", ""20"", ""21"", ""22"", ""23"", ""24"", ""25"", ""26"", ""27"", ""29"", ""30"", ""31"", ""32"", ""33"", ""34""], ""flx::floatx<2, 52>"": [""0"", ""1"", ""10"", ""11"", ""12"", ""13"", ""14"", ""15"", ""16"", ""17"", ""2"", ""28"", ""3"", ""35"", ""36"", ""37"", ""38"", ""4"", ""5"", ""6"", ""7"", ""8"", ""9""]}",
exp,3,3,52,"flx::floatx<3, 52>",23,16,106.097456,ok,"{""double"": [""18"", ""19"", ""20"", ""21"", ""22"", ""23"", ""24"", ""25"", ""26"", ""27"", ""29"", ""30"", ""31"", ""32"", ""33"", ""34""], ""flx::floatx<3, 52>"": [""0"", ""1"", ""10"", ""11"", ""12"", ""13"", ""14"", ""15"", ""16"", ""17"", ""2"", ""28"", ""3"", ""35"", ""36"", ""37"", ""38"", ""4"", ""5"", ""6"", ""7"", ""8"", ""9""]}",
exp,3,4,52,"flx::floatx<4, 52>",23,16,106.833297,ok,"{""double"": [""18"", ""19"", ""20"", ""21"", ""22"", ""23"", ""24"", ""25"", ""26"", ""27"", ""29"", ""30"", ""31"", ""32"", ""33"", ""34""], ""flx::floatx<4, 52>"": [""0"", ""1"", ""10"", ""11"", ""12"", ""13"", ""14"", ""15"", ""16"", ""17"", ""2"", ""28"", ""3"", ""35"", ""36"", ""37"", ""38"", ""4"", ""5"", ""6"", ""7"", ""8"", ""9""]}",
exp,3,5,52,"flx::floatx<5, 52>",39,0,14.107949,ok,"{""flx::floatx<5, 52>"": [""0"", ""1"", ""10"", ""11"", ""12"", ""13"", ""14"", ""15"", ""16"", ""17"", ""18"", ""19"", ""2"", ""20"", ""21"", ""22"", ""23"", ""24"", ""25"", ""26"", ""27"", ""28"", ""29"", ""3"", ""30"", ""31"", ""32"", ""33"", ""34"", ""35"", ""36"", ""37"", ""38"", ""4"", ""5"", ""6"", ""7"", ""8"", ""9""]}",
exp,3,6,52,"flx::floatx<6, 52>",39,0,14.169003,ok,"{""flx::floatx<6, 52>"": [""0"", ""1"", ""10"", ""11"", ""12"", ""13"", ""14"", ""15"", ""16"", ""17"", ""18"", ""19"", ""2"", ""20"", ""21"", ""22"", ""23"", ""24"", ""25"", ""26"", ""27"", ""28"", ""29"", ""3"", ""30"", ""31"", ""32"", ""33"", ""34"", ""35"", ""36"", ""37"", ""38"", ""4"", ""5"", ""6"", ""7"", ""8"", ""9""]}",
exp,3,7,52,"flx::floatx<7, 52>",39,0,14.045245,ok,"{""flx::floatx<7, 52>"": [""0"", ""1"", ""10"", ""11"", ""12"", ""13"", ""14"", ""15"", ""16"", ""17"", ""18"", ""19"", ""2"", ""20"", ""21"", ""22"", ""23"", ""24"", ""25"", ""26"", ""27"", ""28"", ""29"", ""3"", ""30"", ""31"", ""32"", ""33"", ""34"", ""35"", ""36"", ""37"", ""38"", ""4"", ""5"", ""6"", ""7"", ""8"", ""9""]}",
exp,3,8,52,"flx::floatx<8, 52>",39,0,14.049279,ok,"{""flx::floatx<8, 52>"": [""0"", ""1"", ""10"", ""11"", ""12"", ""13"", ""14"", ""15"", ""16"", ""17"", ""18"", ""19"", ""2"", ""20"", ""21"", ""22"", ""23"", ""24"", ""25"", ""26"", ""27"", ""28"", ""29"", ""3"", ""30"", ""31"", ""32"", ""33"", ""34"", ""35"", ""36"", ""37"", ""38"", ""4"", ""5"", ""6"", ""7"", ""8"", ""9""]}",
exp,3,9,52,"flx::floatx<9, 52>",39,0,14.086061,ok,"{""flx::floatx<9, 52>"": [""0"", ""1"", ""10"", ""11"", ""12"", ""13"", ""14"", ""15"", ""16"", ""17"", ""18"", ""19"", ""2"", ""20"", ""21"", ""22"", ""23"", ""24"", ""25"", ""26"", ""27"", ""28"", ""29"", ""3"", ""30"", ""31"", ""32"", ""33"", ""34"", ""35"", ""36"", ""37"", ""38"", ""4"", ""5"", ""6"", ""7"", ""8"", ""9""]}",
exp,3,10,52,"flx::floatx<10, 52>",39,0,14.165525,ok,"{""flx::floatx<10, 52>"": [""0"", ""1"", ""10"", ""11"", ""12"", ""13"", ""14"", ""15"", ""16"", ""17"", ""18"", ""19"", ""2"", ""20"", ""21"", ""22"", ""23"", ""24"", ""25"", ""26"", ""27"", ""28"", ""29"", ""3"", ""30"", ""31"", ""32"", ""33"", ""34"", ""35"", ""36"", ""37"", ""38"", ""4"", ""5"", ""6"", ""7"", ""8"", ""9""]}",
exp,3,11,52,"flx::floatx<11, 52>",39,0,13.930186,ok,"{""flx::floatx<11, 52>"": [""0"", ""1"", ""10"", ""11"", ""12"", ""13"", ""14"", ""15"", ""16"", ""17"", ""18"", ""19"", ""2"", ""20"", ""21"", ""22"", ""23"", ""24"", ""25"", ""26"", ""27"", ""28"", ""29"", ""3"", ""30"", ""31"", ""32"", ""33"", ""34"", ""35"", ""36"", ""37"", ""38"", ""4"", ""5"", ""6"", ""7"", ""8"", ""9""]}",
sig,4,11,1,"flx::floatx<11, 1>",27,12,155.551537,ok,"{""double"": [""18"", ""19"", ""20"", ""21"", ""22"", ""23"", ""29"", ""30"", ""31"", ""32"", ""33"", ""34""], ""flx::floatx<11, 1>"": [""0"", ""1"", ""10"", ""11"", ""12"", ""13"", ""14"", ""15"", ""16"", ""17"", ""2"", ""24"", ""25"", ""26"", ""27"", ""28"", ""3"", ""35"", ""36"", ""37"", ""38"", ""4"", ""5"", ""6"", ""7"", ""8"", ""9""]}",
sig,4,11,2,"flx::floatx<11, 2>",27,12,166.948831,ok,"{""double"": [""18"", ""19"", ""20"", ""21"", ""22"", ""23"", ""29"", ""30"", ""31"", ""32"", ""33"", ""34""], ""flx::floatx<11, 2>"": [""0"", ""1"", ""10"", ""11"", ""12"", ""13"", ""14"", ""15"", ""16"", ""17"", ""2"", ""24"", ""25"", ""26"", ""27"", ""28"", ""3"", ""35"", ""36"", ""37"", ""38"", ""4"", ""5"", ""6"", ""7"", ""8"", ""9""]}",
sig,4,11,3,"flx::floatx<11, 3>",27,12,180.905305,ok,"{""double"": [""18"", ""19"", ""20"", ""21"", ""22"", ""23"", ""29"", ""30"", ""31"", ""32"", ""33"", ""34""], ""flx::floatx<11, 3>"": [""0"", ""1"", ""10"", ""11"", ""12"", ""13"", ""14"", ""15"", ""16"", ""17"", ""2"", ""24"", ""25"", ""26"", ""27"", ""28"", ""3"", ""35"", ""36"", ""37"", ""38"", ""4"", ""5"", ""6"", ""7"", ""8"", ""9""]}",
sig,4,11,4,"flx::floatx<11, 4>",27,12,189.097239,ok,"{""double"": [""18"", ""19"", ""20"", ""21"", ""22"", ""23"", ""29"", ""30"", ""31"", ""32"", ""33"", ""34""], ""flx::floatx<11, 4>"": [""0"", ""1"", ""10"", ""11"", ""12"", ""13"", ""14"", ""15"", ""16"", ""17"", ""2"", ""24"", ""25"", ""26"", ""27"", ""28"", ""3"", ""35"", ""36"", ""37"", ""38"", ""4"", ""5"", ""6"", ""7"", ""8"", ""9""]}",
sig,4,11,5,"flx::floatx<11, 5>",27,12,188.404785,ok,"{""double"": [""18"", ""19"", ""20"", ""21"", ""22"", ""23"", ""29"", ""30"", ""31"", ""32"", ""33"", ""34""], ""flx::floatx<11, 5>"": [""0"", ""1"", ""10"", ""11"", ""12"", ""13"", ""14"", ""15"", ""16"", ""17"", ""2"", ""24"", ""25"", ""26"", ""27"", ""28"", ""3"", ""35"", ""36"", ""37"", ""38"", ""4"", ""5"", ""6"", ""7"", ""8"", ""9""]}",
sig,4,11,6,"flx::floatx<11, 6>",27,12,188.663549,ok,"{""double"": [""18"", ""19"", ""20"", ""21"", ""22"", ""23"", ""29"", ""30"", ""31"", ""32"", ""33"", ""34""], ""flx::floatx<11, 6>"": [""0"", ""1"", ""10"", ""11"", ""12"", ""13"", ""14"", ""15"", ""16"", ""17"", ""2"", ""24"", ""25"", ""26"", ""27"", ""28"", ""3"", ""35"", ""36"", ""37"", ""38"", ""4"", ""5"", ""6"", ""7"", ""8"", ""9""]}",
sig,4,11,7,"flx::floatx<11, 7>",27,12,188.026888,ok,"{""double"": [""18"", ""19"", ""20"", ""21"", ""22"", ""23"", ""29"", ""30"", ""31"", ""32"", ""33"", ""34""], ""flx::floatx<11, 7>"": [""0"", ""1"", ""10"", ""11"", ""12"", ""13"", ""14"", ""15"", ""16"", ""17"", ""2"", ""24"", ""25"", ""26"", ""27"", ""28"", ""3"", ""35"", ""36"", ""37"", ""38"", ""4"", ""5"", ""6"", ""7"", ""8"", ""9""]}",
sig,4,11,8,"flx::floatx<11, 8>",27,12,188.851506,ok,"{""double"": [""18"", ""19"", ""20"", ""21"", ""22"", ""23"", ""29"", ""30"", ""31"", ""32"", ""33"", ""34""], ""flx::floatx<11, 8>"": [""0"", ""1"", ""10"", ""11"", ""12"", ""13"", ""14"", ""15"", ""16"", ""17"", ""2"", ""24"", ""25"", ""26"", ""27"", ""28"", ""3"", ""35"", ""36"", ""37"", ""38"", ""4"", ""5"", ""6"", ""7"", ""8"", ""9""]}",
sig,4,11,9,"flx::floatx<11, 9>",27,12,190.898947,ok,"{""double"": [""18"", ""19"", ""20"", ""21"", ""22"", ""23"", ""29"", ""30"", ""31"", ""32"", ""33"", ""34""], ""flx::floatx<11, 9>"": [""0"", ""1"", ""10"", ""11"", ""12"", ""13"", ""14"", ""15"", ""16"", ""17"", ""2"", ""24"", ""25"", ""26"", ""27"", ""28"", ""3"", ""35"", ""36"", ""37"", ""38"", ""4"", ""5"", ""6"", ""7"", ""8"", ""9""]}",
sig,4,11,10,"flx::floatx<11, 10>",27,12,191.070162,ok,"{""double"": [""18"", ""19"", ""20"", ""21"", ""22"", ""23"", ""29"", ""30"", ""31"", ""32"", ""33"", ""34""], ""flx::floatx<11, 10>"": [""0"", ""1"", ""10"", ""11"", ""12"", ""13"", ""14"", ""15"", ""16"", ""17"", ""2"", ""24"", ""25"", ""26"", ""27"", ""28"", ""3"", ""35"", ""36"", ""37"", ""38"", ""4"", ""5"", ""6"", ""7"", ""8"", ""9""]}",
sig,4,11,11,"flx::floatx<11, 11>",27,12,193.238645,ok,"{""double"": [""18"", ""19"", ""20"", ""21"", ""22"", ""23"", ""29"", ""30"", ""31"", ""32"", ""33"", ""34""], ""flx::floatx<11, 11>"": [""0"", ""1"", ""10"", ""11"", ""12"", ""13"", ""14"", ""15"", ""16"", ""17"", ""2"", ""24"", ""25"", ""26"", ""27"", ""28"", ""3"", ""35"", ""36"", ""37"", ""38"", ""4"", ""5"", ""6"", ""7"", ""8"", ""9""]}",
sig,4,11,12,"flx::floatx<11, 12>",27,12,193.778640,ok,"{""double"": [""18"", ""19"", ""20"", ""21"", ""22"", ""23"", ""29"", ""30"", ""31"", ""32"", ""33"", ""34""], ""flx::floatx<11, 12>"": [""0"", ""1"", ""10"", ""11"", ""12"", ""13"", ""14"", ""15"", ""16"", ""17"", ""2"", ""24"", ""25"", ""26"", ""27"", ""28"", ""3"", ""35"", ""36"", ""37"", ""38"", ""4"", ""5"", ""6"", ""7"", ""8"", ""9""]}",
sig,4,11,13,"flx::floatx<11, 13>",27,12,191.758688,ok,"{""double"": [""18"", ""19"", ""20"", ""21"", ""22"", ""23"", ""29"", ""30"", ""31"", ""32"", ""33"", ""34""], ""flx::floatx<11, 13>"": [""0"", ""1"", ""10"", ""11"", ""12"", ""13"", ""14"", ""15"", ""16"", ""17"", ""2"", ""24"", ""25"", ""26"", ""27"", ""28"", ""3"", ""35"", ""36"", ""37"", ""38"", ""4"", ""5"", ""6"", ""7"", ""8"", ""9""]}",
sig,4,11,14,"flx::floatx<11, 14>",27,12,188.586038,ok,"{""double"": [""18"", ""19"", ""20"", ""21"", ""22"", ""23"", ""29"", ""30"", ""31"", ""32"", ""33"", ""34""], ""flx::floatx<11, 14>"": [""0"", ""1"", ""10"", ""11"", ""12"", ""13"", ""14"", ""15"", ""16"", ""17"", ""2"", ""24"", ""25"", ""26"", ""27"", ""28"", ""3"", ""35"", ""36"", ""37"", ""38"", ""4"", ""5"", ""6"", ""7"", ""8"", ""9""]}",
sig,4,11,15,"flx::floatx<11, 15>",27,12,189.759631,ok,"{""double"": [""18"", ""19"", ""20"", ""21"", ""22"", ""23"", ""29"", ""30"", ""31"", ""32"", ""33"", ""34""], ""flx::floatx<11, 15>"": [""0"", ""1"", ""10"", ""11"", ""12"", ""13"", ""14"", ""15"", ""16"", ""17"", ""2"", ""24"", ""25"", ""26"", ""27"", ""28"", ""3"", ""35"", ""36"", ""37"", ""38"", ""4"", ""5"", ""6"", ""7"", ""8"", ""9""]}",
sig,4,11,16,"flx::floatx<11, 16>",27,12,190.192262,ok,"{""double"": [""18"", ""19"", ""20"", ""21"", ""22"", ""23"", ""29"", ""30"", ""31"", ""32"", ""33"", ""34""], ""flx::floatx<11, 16>"": [""0"", ""1"", ""10"", ""11"", ""12"", ""13"", ""14"", ""15"", ""16"", ""17"", ""2"", ""24"", ""25"", ""26"", ""27"", ""28"", ""3"", ""35"", ""36"", ""37"", ""38"", ""4"", ""5"", ""6"", ""7"", ""8"", ""9""]}",
sig,4,11,17,"flx::floatx<11, 17>",27,12,190.278598,ok,"{""double"": [""18"", ""19"", ""20"", ""21"", ""22"", ""23"", ""29"", ""30"", ""31"", ""32"", ""33"", ""34""], ""flx::floatx<11, 17>"": [""0"", ""1"", ""10"", ""11"", ""12"", ""13"", ""14"", ""15"", ""16"", ""17"", ""2"", ""24"", ""25"", ""26"", ""27"", ""28"", ""3"", ""35"", ""36"", ""37"", ""38"", ""4"", ""5"", ""6"", ""7"", ""8"", ""9""]}",
sig,4,11,18,"flx::floatx<11, 18>",27,12,190.931675,ok,"{""double"": [""18"", ""19"", ""20"", ""21"", ""22"", ""23"", ""29"", ""30"", ""31"", ""32"", ""33"", ""34""], ""flx::floatx<11, 18>"": [""0"", ""1"", ""10"", ""11"", ""12"", ""13"", ""14"", ""15"", ""16"", ""17"", ""2"", ""24"", ""25"", ""26"", ""27"", ""28"", ""3"", ""35"", ""36"", ""37"", ""38"", ""4"", ""5"", ""6"", ""7"", ""8"", ""9""]}",
sig,4,11,19,"flx::floatx<11, 19>",27,12,191.498101,ok,"{""double"": [""18"", ""19"", ""20"", ""21"", ""22"", ""23"", ""29"", ""30"", ""31"", ""32"", ""33"", ""34""], ""flx::floatx<11, 19>"": [""0"", ""1"", ""10"", ""11"", ""12"", ""13"", ""14"", ""15"", ""16"", ""17"", ""2"", ""24"", ""25"", ""26"", ""27"", ""28"", ""3"", ""35"", ""36"", ""37"", ""38"", ""4"", ""5"", ""6"", ""7"", ""8"", ""9""]}",
sig,4,11,20,"flx::floatx<11, 20>",27,12,191.625920,ok,"{""double"": [""18"", ""19"", ""20"", ""21"", ""22"", ""23"", ""29"", ""30"", ""31"", ""32"", ""33"", ""34""], ""flx::floatx<11, 20>"": [""0"", ""1"", ""10"", ""11"", ""12"", ""13"", ""14"", ""15"", ""16"", ""17"", ""2"", ""24"", ""25"", ""26"", ""27"", ""28"", ""3"", ""35"", ""36"", ""37"", ""38"", ""4"", ""5"", ""6"", ""7"", ""8"", ""9""]}",
sig,4,11,21,"flx::floatx<11, 21>",27,12,192.750951,ok,"{""double"": [""18"", ""19"", ""20"", ""21"", ""22"", ""23"", ""29"", ""30"", ""31"", ""32"", ""33"", ""34""], ""flx::floatx<11, 21>"": [""0"", ""1"", ""10"", ""11"", ""12"", ""13"", ""14"", ""15"", ""16"", ""17"", ""2"", ""24"", ""25"", ""26"", ""27"", ""28"", ""3"", ""35"", ""36"", ""37"", ""38"", ""4"", ""5"", ""6"", ""7"", ""8"", ""9""]}",
sig,4,11,22,"flx::floatx<11, 22>",27,12,192.899510,ok,"{""double"": [""18"", ""19"", ""20"", ""21"", ""22"", ""23"", ""29"", ""30"", ""31"", ""32"", ""33"", ""34""], ""flx::floatx<11, 22>"": [""0"", ""1"", ""10"", ""11"", ""12"", ""13"", ""14"", ""15"", ""16"", ""17"", ""2"", ""24"", ""25"", ""26"", ""27"", ""28"", ""3"", ""35"", ""36"", ""37"", ""38"", ""4"", ""5"", ""6"", ""7"", ""8"", ""9""]}",
sig,4,11,23,"flx::floatx<11, 23>",27,12,193.257030,ok,"{""double"": [""18"", ""19"", ""20"", ""21"", ""22"", ""23"", ""29"", ""30"", ""31"", ""32"", ""33"", ""34""], ""flx::floatx<11, 23>"": [""0"", ""1"", ""10"", ""11"", ""12"", ""13"", ""14"", ""15"", ""16"", ""17"", ""2"", ""24"", ""25"", ""26"", ""27"", ""28"", ""3"", ""35"", ""36"", ""37"", ""38"", ""4"", ""5"", ""6"", ""7"", ""8"", ""9""]}",
sig,4,11,24,"flx::floatx<11, 24>",27,12,193.148875,ok,"{""double"": [""18"", ""19"", ""20"", ""21"", ""22"", ""23"", ""29"", ""30"", ""31"", ""32"", ""33"", ""34""], ""flx::floatx<11, 24>"": [""0"", ""1"", ""10"", ""11"", ""12"", ""13"", ""14"", ""15"", ""16"", ""17"", ""2"", ""24"", ""25"", ""26"", ""27"", ""28"", ""3"", ""35"", ""36"", ""37"", ""38"", ""4"", ""5"", ""6"", ""7"", ""8"", ""9""]}",
sig,4,11,25,"flx::floatx<11, 25>",27,12,192.699912,ok,"{""double"": [""18"", ""19"", ""20"", ""21"", ""22"", ""23"", ""29"", ""30"", ""31"", ""32"", ""33"", ""34""], ""flx::floatx<11, 25>"": [""0"", ""1"", ""10"", ""11"", ""12"", ""13"", ""14"", ""15"", ""16"", ""17"", ""2"", ""24"", ""25"", ""26"", ""27"", ""28"", ""3"", ""35"", ""36"", ""37"", ""38"", ""4"", ""5"", ""6"", ""7"", ""8"", ""9""]}",
sig,4,11,26,"flx::floatx<11, 26>",29,10,182.509066,ok,"{""double"": [""18"", ""19"", ""20"", ""21"", ""22"", ""23"", ""29"", ""30"", ""33"", ""34""], ""flx::floatx<11, 26>"": [""0"", ""1"", ""10"", ""11"", ""12"", ""13"", ""14"", ""15"", ""16"", ""17"", ""2"", ""24"", ""25"", ""26"", ""27"", ""28"", ""3"", ""31"", ""32"", ""35"", ""36"", ""37"", ""38"", ""4"", ""5"", ""6"", ""7"", ""8"", ""9""]}",
sig,4,11,27,"flx::floatx<11, 27>",39,0,20.275172,ok,"{""flx::floatx<11, 27>"": [""0"", ""1"", ""10"", ""11"", ""12"", ""13"", ""14"", ""15"", ""16"", ""17"", ""18"", ""19"", ""2"", ""20"", ""21"", ""22"", ""23"", ""24"", ""25"", ""26"", ""27"", ""28"", ""29"", ""3"", ""30"", ""31"", ""32"", ""33"", ""34"", ""35"", ""36"", ""37"", ""38"", ""4"", ""5"", ""6"", ""7"", ""8"", ""9""]}",
sig,4,11,28,"flx::floatx<11, 28>",39,0,20.158701,ok,"{""flx::floatx<11, 28>"": [""0"", ""1"", ""10"", ""11"", ""12"", ""13"", ""14"", ""15"", ""16"", ""17"", ""18"", ""19"", ""2"", ""20"", ""21"", ""22"", ""23"", ""24"", ""25"", ""26"", ""27"", ""28"", ""29"", ""3"", ""30"", ""31"", ""32"", ""33"", ""34"", ""35"", ""36"", ""37"", ""38"", ""4"", ""5"", ""6"", ""7"", ""8"", ""9""]}",
sig,4,11,29,"flx::floatx<11, 29>",39,0,20.266429,ok,"{""flx::floatx<11, 29>"": [""0"", ""1"", ""10"", ""11"", ""12"", ""13"", ""14"", ""15"", ""16"", ""17"", ""18"", ""19"", ""2"", ""20"", ""21"", ""22"", ""23"", ""24"", ""25"", ""26"", ""27"", ""28"", ""29"", ""3"", ""30"", ""31"", ""32"", ""33"", ""34"", ""35"", ""36"", ""37"", ""38"", ""4"", ""5"", ""6"", ""7"", ""8"", ""9""]}",
sig,4,11,30,"flx::floatx<11, 30>",39,0,20.236267,ok,"{""flx::floatx<11, 30>"": [""0"", ""1"", ""10"", ""11"", ""12"", ""13"", ""14"", ""15"", ""16"", ""17"", ""18"", ""19"", ""2"", ""20"", ""21"", ""22"", ""23"", ""24"", ""25"", ""26"", ""27"", ""28"", ""29"", ""3"", ""30"", ""31"", ""32"", ""33"", ""34"", ""35"", ""36"", ""37"", ""38"", ""4"", ""5"", ""6"", ""7"", ""8"", ""9""]}",
sig,4,11,31,"flx::floatx<11, 31>",39,0,20.624644,ok,"{""flx::floatx<11, 31>"": [""0"", ""1"", ""10"", ""11"", ""12"", ""13"", ""14"", ""15"", ""16"", ""17"", ""18"", ""19"", ""2"", ""20"", ""21"", ""22"", ""23"", ""24"", ""25"", ""26"", ""27"", ""28"", ""29"", ""3"", ""30"", ""31"", ""32"", ""33"", ""34"", ""35"", ""36"", ""37"", ""38"", ""4"", ""5"", ""6"", ""7"", ""8"", ""9""]}",
sig,4,11,32,"flx::floatx<11, 32>",39,0,20.315516,ok,"{""flx::floatx<11, 32>"": [""0"", ""1"", ""10"", ""11"", ""12"", ""13"", ""14"", ""15"", ""16"", ""17"", ""18"", ""19"", ""2"", ""20"", ""21"", ""22"", ""23"", ""24"", ""25"", ""26"", ""27"", ""28"", ""29"", ""3"", ""30"", ""31"", ""32"", ""33"", ""34"", ""35"", ""36"", ""37"", ""38"", ""4"", ""5"", ""6"", ""7"", ""8"", ""9""]}",
sig,4,11,33,"flx::floatx<11, 33>",39,0,20.157729,ok,"{""flx::floatx<11, 33>"": [""0"", ""1"", ""10"", ""11"", ""12"", ""13"", ""14"", ""15"", ""16"", ""17"", ""18"", ""19"", ""2"", ""20"", ""21"", ""22"", ""23"", ""24"", ""25"", ""26"", ""27"", ""28"", ""29"", ""3"", ""30"", ""31"", ""32"", ""33"", ""34"", ""35"", ""36"", ""37"", ""38"", ""4"", ""5"", ""6"", ""7"", ""8"", ""9""]}",
sig,4,11,34,"flx::floatx<11, 34>",39,0,20.115221,ok,"{""flx::floatx<11, 34>"": [""0"", ""1"", ""10"", ""11"", ""12"", ""13"", ""14"", ""15"", ""16"", ""17"", ""18"", ""19"", ""2"", ""20"", ""21"", ""22"", ""23"", ""24"", ""25"", ""26"", ""27"", ""28"", ""29"", ""3"", ""30"", ""31"", ""32"", ""33"", ""34"", ""35"", ""36"", ""37"", ""38"", ""4"", ""5"", ""6"", ""7"", ""8"", ""9""]}",
sig,4,11,35,"flx::floatx<11, 35>",39,0,19.921589,ok,"{""flx::floatx<11, 35>"": [""0"", ""1"", ""10"", ""11"", ""12"", ""13"", ""14"", ""15"", ""16"", ""17"", ""18"", ""19"", ""2"", ""20"", ""21"", ""22"", ""23"", ""24"", ""25"", ""26"", ""27"", ""28"", ""29"", ""3"", ""30"", ""31"", ""32"", ""33"", ""34"", ""35"", ""36"", ""37"", ""38"", ""4"", ""5"", ""6"", ""7"", ""8"", ""9""]}",
sig,4,11,36,"flx::floatx<11, 36>",39,0,19.992903,ok,"{""flx::floatx<11, 36>"": [""0"", ""1"", ""10"", ""11"", ""12"", ""13"", ""14"", ""15"", ""16"", ""17"", ""18"", ""19"", ""2"", ""20"", ""21"", ""22"", ""23"", ""24"", ""25"", ""26"", ""27"", ""28"", ""29"", ""3"", ""30"", ""31"", ""32"", ""33"", ""34"", ""35"", ""36"", ""37"", ""38"", ""4"", ""5"", ""6"", ""7"", ""8"", ""9""]}",
sig,4,11,37,"flx::floatx<11, 37>",39,0,20.322251,ok,"{""flx::floatx<11, 37>"": [""0"", ""1"", ""10"", ""11"", ""12"", ""13"", ""14"", ""15"", ""16"", ""17"", ""18"", ""19"", ""2"", ""20"", ""21"", ""22"", ""23"", ""24"", ""25"", ""26"", ""27"", ""28"", ""29"", ""3"", ""30"", ""31"", ""32"", ""33"", ""34"", ""35"", ""36"", ""37"", ""38"", ""4"", ""5"", ""6"", ""7"", ""8"", ""9""]}",
sig,4,11,38,"flx::floatx<11, 38>",39,0,20.465201,ok,"{""flx::floatx<11, 38>"": [""0"", ""1"", ""10"", ""11"", ""12"", ""13"", ""14"", ""15"", ""16"", ""17"", ""18"", ""19"", ""2"", ""20"", ""21"", ""22"", ""23"", ""24"", ""25"", ""26"", ""27"", ""28"", ""29"", ""3"", ""30"", ""31"", ""32"", ""33"", ""34"", ""35"", ""36"", ""37"", ""38"", ""4"", ""5"", ""6"", ""7"", ""8"", ""9""]}",
sig,4,11,39,"flx::floatx<11, 39>",39,0,20.333938,ok,"{""flx::floatx<11, 39>"": [""0"", ""1"", ""10"", ""11"", ""12"", ""13"", ""14"", ""15"", ""16"", ""17"", ""18"", ""19"", ""2"", ""20"", ""21"", ""22"", ""23"", ""24"", ""25"", ""26"", ""27"", ""28"", ""29"", ""3"", ""30"", ""31"", ""32"", ""33"", ""34"", ""35"", ""36"", ""37"", ""38"", ""4"", ""5"", ""6"", ""7"", ""8"", ""9""]}",
sig,4,11,40,"flx::floatx<11, 40>",39,0,20.586964,ok,"{""flx::floatx<11, 40>"": [""0"", ""1"", ""10"", ""11"", ""12"", ""13"", ""14"", ""15"", ""16"", ""17"", ""18"", ""19"", ""2"", ""20"", ""21"", ""22"", ""23"", ""24"", ""25"", ""26"", ""27"", ""28"", ""29"", ""3"", ""30"", ""31"", ""32"", ""33"", ""34"", ""35"", ""36"", ""37"", ""38"", ""4"", ""5"", ""6"", ""7"", ""8"", ""9""]}",
sig,4,11,41,"flx::floatx<11, 41>",39,0,20.459160,ok,"{""flx::floatx<11, 41>"": [""0"", ""1"", ""10"", ""11"", ""12"", ""13"", ""14"", ""15"", ""16"", ""17"", ""18"", ""19"", ""2"", ""20"", ""21"", ""22"", ""23"", ""24"", ""25"", ""26"", ""27"", ""28"", ""29"", ""3"", ""30"", ""31"", ""32"", ""33"", ""34"", ""35"", ""36"", ""37"", ""38"", ""4"", ""5"", ""6"", ""7"", ""8"", ""9""]}",
sig,4,11,42,"flx::floatx<11, 42>",39,0,20.171330,ok,"{""flx::floatx<11, 42>"": [""0"", ""1"", ""10"", ""11"", ""12"", ""13"", ""14"", ""15"", ""16"", ""17"", ""18"", ""19"", ""2"", ""20"", ""21"", ""22"", ""23"", ""24"", ""25"", ""26"", ""27"", ""28"", ""29"", ""3"", ""30"", ""31"", ""32"", ""33"", ""34"", ""35"", ""36"", ""37"", ""38"", ""4"", ""5"", ""6"", ""7"", ""8"", ""9""]}",
sig,4,11,43,"flx::floatx<11, 43>",39,0,20.117736,ok,"{""flx::floatx<11, 43>"": [""0"", ""1"", ""10"", ""11"", ""12"", ""13"", ""14"", ""15"", ""16"", ""17"", ""18"", ""19"", ""2"", ""20"", ""21"", ""22"", ""23"", ""24"", ""25"", ""26"", ""27"", ""28"", ""29"", ""3"", ""30"", ""31"", ""32"", ""33"", ""34"", ""35"", ""36"", ""37"", ""38"", ""4"", ""5"", ""6"", ""7"", ""8"", ""9""]}",
sig,4,11,44,"flx::floatx<11, 44>",39,0,19.909140,ok,"{""flx::floatx<11, 44>"": [""0"", ""1"", ""10"", ""11"", ""12"", ""13"", ""14"", ""15"", ""16"", ""17"", ""18"", ""19"", ""2"", ""20"", ""21"", ""22"", ""23"", ""24"", ""25"", ""26"", ""27"", ""28"", ""29"", ""3"", ""30"", ""31"", ""32"", ""33"", ""34"", ""35"", ""36"", ""37"", ""38"", ""4"", ""5"", ""6"", ""7"", ""8"", ""9""]}",
sig,4,11,45,"flx::floatx<11, 45>",39,0,20.335535,ok,"{""flx::floatx<11, 45>"": [""0"", ""1"", ""10"", ""11"", ""12"", ""13"", ""14"", ""15"", ""16"", ""17"", ""18"", ""19"", ""2"", ""20"", ""21"", ""22"", ""23"", ""24"", ""25"", ""26"", ""27"", ""28"", ""29"", ""3"", ""30"", ""31"", ""32"", ""33"", ""34"", ""35"", ""36"", ""37"", ""38"", ""4"", ""5"", ""6"", ""7"", ""8"", ""9""]}",
sig,4,11,46,"flx::floatx<11, 46>",39,0,20.409686,ok,"{""flx::floatx<11, 46>"": [""0"", ""1"", ""10"", ""11"", ""12"", ""13"", ""14"", ""15"", ""16"", ""17"", ""18"", ""19"", ""2"", ""20"", ""21"", ""22"", ""23"", ""24"", ""25"", ""26"", ""27"", ""28"", ""29"", ""3"", ""30"", ""31"", ""32"", ""33"", ""34"", ""35"", ""36"", ""37"", ""38"", ""4"", ""5"", ""6"", ""7"", ""8"", ""9""]}",
sig,4,11,47,"flx::floatx<11, 47>",39,0,20.441438,ok,"{""flx::floatx<11, 47>"": [""0"", ""1"", ""10"", ""11"", ""12"", ""13"", ""14"", ""15"", ""16"", ""17"", ""18"", ""19"", ""2"", ""20"", ""21"", ""22"", ""23"", ""24"", ""25"", ""26"", ""27"", ""28"", ""29"", ""3"", ""30"", ""31"", ""32"", ""33"", ""34"", ""35"", ""36"", ""37"", ""38"", ""4"", ""5"", ""6"", ""7"", ""8"", ""9""]}",
sig,4,11,48,"flx::floatx<11, 48>",39,0,20.726654,ok,"{""flx::floatx<11, 48>"": [""0"", ""1"", ""10"", ""11"", ""12"", ""13"", ""14"", ""15"", ""16"", ""17"", ""18"", ""19"", ""2"", ""20"", ""21"", ""22"", ""23"", ""24"", ""25"", ""26"", ""27"", ""28"", ""29"", ""3"", ""30"", ""31"", ""32"", ""33"", ""34"", ""35"", ""36"", ""37"", ""38"", ""4"", ""5"", ""6"", ""7"", ""8"", ""9""]}",
sig,4,11,49,"flx::floatx<11, 49>",39,0,20.896706,ok,"{""flx::floatx<11, 49>"": [""0"", ""1"", ""10"", ""11"", ""12"", ""13"", ""14"", ""15"", ""16"", ""17"", ""18"", ""19"", ""2"", ""20"", ""21"", ""22"", ""23"", ""24"", ""25"", ""26"", ""27"", ""28"", ""29"", ""3"", ""30"", ""31"", ""32"", ""33"", ""34"", ""35"", ""36"", ""37"", ""38"", ""4"", ""5"", ""6"", ""7"", ""8"", ""9""]}",
sig,4,11,50,"flx::floatx<11, 50>",39,0,20.645741,ok,"{""flx::floatx<11, 50>"": [""0"", ""1"", ""10"", ""11"", ""12"", ""13"", ""14"", ""15"", ""16"", ""17"", ""18"", ""19"", ""2"", ""20"", ""21"", ""22"", ""23"", ""24"", ""25"", ""26"", ""27"", ""28"", ""29"", ""3"", ""30"", ""31"", ""32"", ""33"", ""34"", ""35"", ""36"", ""37"", ""38"", ""4"", ""5"", ""6"", ""7"", ""8"", ""9""]}",
sig,4,11,51,"flx::floatx<11, 51>",39,0,21.015136,ok,"{""flx::floatx<11, 51>"": [""0"", ""1"", ""10"", ""11"", ""12"", ""13"", ""14"", ""15"", ""16"", ""17"", ""18"", ""19"", ""2"", ""20"", ""21"", ""22"", ""23"", ""24"", ""25"", ""26"", ""27"", ""28"", ""29"", ""3"", ""30"", ""31"", ""32"", ""33"", ""34"", ""35"", ""36"", ""37"", ""38"", ""4"", ""5"", ""6"", ""7"", ""8"", ""9""]}",
sig,4,11,52,"flx::floatx<11, 52>",39,0,14.423305,ok,"{""flx::floatx<11, 52>"": [""0"", ""1"", ""10"", ""11"", ""12"", ""13"", ""14"", ""15"", ""16"", ""17"", ""18"", ""19"", ""2"", ""20"", ""21"", ""22"", ""23"", ""24"", ""25"", ""26"", ""27"", ""28"", ""29"", ""3"", ""30"", ""31"", ""32"", ""33"", ""34"", ""35"", ""36"", ""37"", ""38"", ""4"", ""5"", ""6"", ""7"", ""8"", ""9""]}",
exp,4,1,52,"flx::floatx<1, 52>",23,16,107.356116,ok,"{""double"": [""18"", ""19"", ""20"", ""21"", ""22"", ""23"", ""24"", ""25"", ""26"", ""27"", ""29"", ""30"", ""31"", ""32"", ""33"", ""34""], ""flx::floatx<1, 52>"": [""0"", ""1"", ""10"", ""11"", ""12"", ""13"", ""14"", ""15"", ""16"", ""17"", ""2"", ""28"", ""3"", ""35"", ""36"", ""37"", ""38"", ""4"", ""5"", ""6"", ""7"", ""8"", ""9""]}",
exp,4,2,52,"flx::floatx<2, 52>",23,16,101.677984,ok,"{""double"": [""18"", ""19"", ""20"", ""21"", ""22"", ""23"", ""24"", ""25"", ""26"", ""27"", ""29"", ""30"", ""31"", ""32"", ""33"", ""34""], ""flx::floatx<2, 52>"": [""0"", ""1"", ""10"", ""11"", ""12"", ""13"", ""14"", ""15"", ""16"", ""17"", ""2"", ""28"", ""3"", ""35"", ""36"", ""37"", ""38"", ""4"", ""5"", ""6"", ""7"", ""8"", ""9""]}",
exp,4,3,52,"flx::floatx<3, 52>",23,16,105.277861,ok,"{""double"": [""18"", ""19"", ""20"", ""21"", ""22"", ""23"", ""24"", ""25"", ""26"", ""27"", ""29"", ""30"", ""31"", ""32"", ""33"", ""34""], ""flx::floatx<3, 52>"": [""0"", ""1"", ""10"", ""11"", ""12"", ""13"", ""14"", ""15"", ""16"", ""17"", ""2"", ""28"", ""3"", ""35"", ""36"", ""37"", ""38"", ""4"", ""5"", ""6"", ""7"", ""8"", ""9""]}",
exp,4,4,52,"flx::floatx<4, 52>",23,16,106.683620,ok,"{""double"": [""18"", ""19"", ""20"", ""21"", ""22"", ""23"", ""24"", ""25"", ""26"", ""27"", ""29"", ""30"", ""31"", ""32"", ""33"", ""34""], ""flx::floatx<4, 52>"": [""0"", ""1"", ""10"", ""11"", ""12"", ""13"", ""14"", ""15"", ""16"", ""17"", ""2"", ""28"", ""3"", ""35"", ""36"", ""37"", ""38"", ""4"", ""5"", ""6"", ""7"", ""8"", ""9""]}",
exp,4,5,52,"flx::floatx<5, 52>",39,0,14.182319,ok,"{""flx::floatx<5, 52>"": [""0"", ""1"", ""10"", ""11"", ""12"", ""13"", ""14"", ""15"", ""16"", ""17"", ""18"", ""19"", ""2"", ""20"", ""21"", ""22"", ""23"", ""24"", ""25"", ""26"", ""27"", ""28"", ""29"", ""3"", ""30"", ""31"", ""32"", ""33"", ""34"", ""35"", ""36"", ""37"", ""38"", ""4"", ""5"", ""6"", ""7"", ""8"", ""9""]}",
exp,4,6,52,"flx::floatx<6, 52>",39,0,14.070029,ok,"{""flx::floatx<6, 52>"": [""0"", ""1"", ""10"", ""11"", ""12"", ""13"", ""14"", ""15"", ""16"", ""17"", ""18"", ""19"", ""2"", ""20"", ""21"", ""22"", ""23"", ""24"", ""25"", ""26"", ""27"", ""28"", ""29"", ""3"", ""30"", ""31"", ""32"", ""33"", ""34"", ""35"", ""36"", ""37"", ""38"", ""4"", ""5"", ""6"", ""7"", ""8"", ""9""]}",
exp,4,7,52,"flx::floatx<7, 52>",39,0,14.156039,ok,"{""flx::floatx<7, 52>"": [""0"", ""1"", ""10"", ""11"", ""12"", ""13"", ""14"", ""15"", ""16"", ""17"", ""18"", ""19"", ""2"", ""20"", ""21"", ""22"", ""23"", ""24"", ""25"", ""26"", ""27"", ""28"", ""29"", ""3"", ""30"", ""31"", ""32"", ""33"", ""34"", ""35"", ""36"", ""37"", ""38"", ""4"", ""5"", ""6"", ""7"", ""8"", ""9""]}",
exp,4,8,52,"flx::floatx<8, 52>",39,0,14.081183,ok,"{""flx::floatx<8, 52>"": [""0"", ""1"", ""10"", ""11"", ""12"", ""13"", ""14"", ""15"", ""16"", ""17"", ""18"", ""19"", ""2"", ""20"", ""21"", ""22"", ""23"", ""24"", ""25"", ""26"", ""27"", ""28"", ""29"", ""3"", ""30"", ""31"", ""32"", ""33"", ""34"", ""35"", ""36"", ""37"", ""38"", ""4"", ""5"", ""6"", ""7"", ""8"", ""9""]}",
exp,4,9,52,"flx::floatx<9, 52>",39,0,14.105823,ok,"{""flx::floatx<9, 52>"": [""0"", ""1"", ""10"", ""11"", ""12"", ""13"", ""14"", ""15"", ""16"", ""17"", ""18"", ""19"", ""2"", ""20"", ""21"", ""22"", ""23"", ""24"", ""25"", ""26"", ""27"", ""28"", ""29"", ""3"", ""30"", ""31"", ""32"", ""33"", ""34"", ""35"", ""36"", ""37"", ""38"", ""4"", ""5"", ""6"", ""7"", ""8"", ""9""]}",
exp,4,10,52,"flx::floatx<10, 52>",39,0,14.136590,ok,"{""flx::floatx<10, 52>"": [""0"", ""1"", ""10"", ""11"", ""12"", ""13"", ""14"", ""15"", ""16"", ""17"", ""18"", ""19"", ""2"", ""20"", ""21"", ""22"", ""23"", ""24"", ""25"", ""26"", ""27"", ""28"", ""29"", ""3"", ""30"", ""31"", ""32"", ""33"", ""34"", ""35"", ""36"", ""37"", ""38"", ""4"", ""5"", ""6"", ""7"", ""8"", ""9""]}",
exp,4,11,52,"flx::floatx<11, 52>",39,0,13.929595,ok,"{""flx::floatx<11, 52>"": [""0"", ""1"", ""10"", ""11"", ""12"", ""13"", ""14"", ""15"", ""16"", ""17"", ""18"", ""19"", ""2"", ""20"", ""21"", ""22"", ""23"", ""24"", ""25"", ""26"", ""27"", ""28"", ""29"", ""3"", ""30"", ""31"", ""32"", ""33"", ""34"", ""35"", ""36"", ""37"", ""38"", ""4"", ""5"", ""6"", ""7"", ""8"", ""9""]}",
sig,5,11,1,"flx::floatx<11, 1>",27,12,155.573681,ok,"{""double"": [""18"", ""19"", ""20"", ""21"", ""22"", ""23"", ""29"", ""30"", ""31"", ""32"", ""33"", ""34""], ""flx::floatx<11, 1>"": [""0"", ""1"", ""10"", ""11"", ""12"", ""13"", ""14"", ""15"", ""16"", ""17"", ""2"", ""24"", ""25"", ""26"", ""27"", ""28"", ""3"", ""35"", ""36"", ""37"", ""38"", ""4"", ""5"", ""6"", ""7"", ""8"", ""9""]}",
sig,5,11,2,"flx::floatx<11, 2>",27,12,166.562894,ok,"{""double"": [""18"", ""19"", ""20"", ""21"", ""22"", ""23"", ""29"", ""30"", ""31"", ""32"", ""33"", ""34""], ""flx::floatx<11, 2>"": [""0"", ""1"", ""10"", ""11"", ""12"", ""13"", ""14"", ""15"", ""16"", ""17"", ""2"", ""24"", ""25"", ""26"", ""27"", ""28"", ""3"", ""35"", ""36"", ""37"", ""38"", ""4"", ""5"", ""6"", ""7"", ""8"", ""9""]}",
sig,5,11,3,"flx::floatx<11, 3>",27,12,178.181111,ok,"{""double"": [""18"", ""19"", ""20"", ""21"", ""22"", ""23"", ""29"", ""30"", ""31"", ""32"", ""33"", ""34""], ""flx::floatx<11, 3>"": [""0"", ""1"", ""10"", ""11"", ""12"", ""13"", ""14"", ""15"", ""16"", ""17"", ""2"", ""24"", ""25"", ""26"", ""27"", ""28"", ""3"", ""35"", ""36"", ""37"", ""38"", ""4"", ""5"", ""6"", ""7"", ""8"", ""9""]}",
sig,5,11,4,"flx::floatx<11, 4>",27,12,189.503908,ok,"{""double"": [""18"", ""19"", ""20"", ""21"", ""22"", ""23"", ""29"", ""30"", ""31"", ""32"", ""33"", ""34""], ""flx::floatx<11, 4>"": [""0"", ""1"", ""10"", ""11"", ""12"", ""13"", ""14"", ""15"", ""16"", ""17"", ""2"", ""24"", ""25"", ""26"", ""27"", ""28"", ""3"", ""35"", ""36"", ""37"", ""38"", ""4"", ""5"", ""6"", ""7"", ""8"", ""9""]}",
sig,5,11,5,"flx::floatx<11, 5>",27,12,188.609250,ok,"{""double"": [""18"", ""19"", ""20"", ""21"", ""22"", ""23"", ""29"", ""30"", ""31"", ""32"", ""33"", ""34""], ""flx::floatx<11, 5>"": [""0"", ""1"", ""10"", ""11"", ""12"", ""13"", ""14"", ""15"", ""16"", ""17"", ""2"", ""24"", ""25"", ""26"", ""27"", ""28"", ""3"", ""35"", ""36"", ""37"", ""38"", ""4"", ""5"", ""6"", ""7"", ""8"", ""9""]}",
sig,5,11,6,"flx::floatx<11, 6>",27,12,189.195790,ok,"{""double"": [""18"", ""19"", ""20"", ""21"", ""22"", ""23"", ""29"", ""30"", ""31"", ""32"", ""33"", ""34""], ""flx::floatx<11, 6>"": [""0"", ""1"", ""10"", ""11"", ""12"", ""13"", ""14"", ""15"", ""16"", ""17"", ""2"", ""24"", ""25"", ""26"", ""27"", ""28"", ""3"", ""35"", ""36"", ""37"", ""38"", ""4"", ""5"", ""6"", ""7"", ""8"", ""9""]}",
sig,5,11,7,"flx::floatx<11, 7>",27,12,188.596889,ok,"{""double"": [""18"", ""19"", ""20"", ""21"", ""22"", ""23"", ""29"", ""30"", ""31"", ""32"", ""33"", ""34""], ""flx::floatx<11, 7>"": [""0"", ""1"", ""10"", ""11"", ""12"", ""13"", ""14"", ""15"", ""16"", ""17"", ""2"", ""24"", ""25"", ""26"", ""27"", ""28"", ""3"", ""35"", ""36"", ""37"", ""38"", ""4"", ""5"", ""6"", ""7"", ""8"", ""9""]}",
sig,5,11,8,"flx::floatx<11, 8>",27,12,189.029962,ok,"{""double"": [""18"", ""19"", ""20"", ""21"", ""22"", ""23"", ""29"", ""30"", ""31"", ""32"", ""33"", ""34""], ""flx::floatx<11, 8>"": [""0"", ""1"", ""10"", ""11"", ""12"", ""13"", ""14"", ""15"", ""16"", ""17"", ""2"", ""24"", ""25"", ""26"", ""27"", ""28"", ""3"", ""35"", ""36"", ""37"", ""38"", ""4"", ""5"", ""6"", ""7"", ""8"", ""9""]}",
sig,5,11,9,"flx::floatx<11, 9>",27,12,188.722485,ok,"{""double"": [""18"", ""19"", ""20"", ""21"", ""22"", ""23"", ""29"", ""30"", ""31"", ""32"", ""33"", ""34""], ""flx::floatx<11, 9>"": [""0"", ""1"", ""10"", ""11"", ""12"", ""13"", ""14"", ""15"", ""16"", ""17"", ""2"", ""24"", ""25"", ""26"", ""27"", ""28"", ""3"", ""35"", ""36"", ""37"", ""38"", ""4"", ""5"", ""6"", ""7"", ""8"", ""9""]}",
sig,5,11,10,"flx::floatx<11, 10>",27,12,188.686623,ok,"{""double"": [""18"", ""19"", ""20"", ""21"", ""22"", ""23"", ""29"", ""30"", ""31"", ""32"", ""33"", ""34""], ""flx::floatx<11, 10>"": [""0"", ""1"", ""10"", ""11"", ""12"", ""13"", ""14"", ""15"", ""16"", ""17"", ""2"", ""24"", ""25"", ""26"", ""27"", ""28"", ""3"", ""35"", ""36"", ""37"", ""38"", ""4"", ""5"", ""6"", ""7"", ""8"", ""9""]}",
sig,5,11,11,"flx::floatx<11, 11>",27,12,188.610250,ok,"{""double"": [""18"", ""19"", ""20"", ""21"", ""22"", ""23"", ""29"", ""30"", ""31"", ""32"", ""33"", ""34""], ""flx::floatx<11, 11>"": [""0"", ""1"", ""10"", ""11"", ""12"", ""13"", ""14"", ""15"", ""16"", ""17"", ""2"", ""24"", ""25"", ""26"", ""27"", ""28"", ""3"", ""35"", ""36"", ""37"", ""38"", ""4"", ""5"", ""6"", ""7"", ""8"", ""9""]}",
sig,5,11,12,"flx::floatx<11, 12>",27,12,188.690280,ok,"{""double"": [""18"", ""19"", ""20"", ""21"", ""22"", ""23"", ""29"", ""30"", ""31"", ""32"", ""33"", ""34""], ""flx::floatx<11, 12>"": [""0"", ""1"", ""10"", ""11"", ""12"", ""13"", ""14"", ""15"", ""16"", ""17"", ""2"", ""24"", ""25"", ""26"", ""27"", ""28"", ""3"", ""35"", ""36"", ""37"", ""38"", ""4"", ""5"", ""6"", ""7"", ""8"", ""9""]}",
sig,5,11,13,"flx::floatx<11, 13>",27,12,188.473097,ok,"{""double"": [""18"", ""19"", ""20"", ""21"", ""22"", ""23"", ""29"", ""30"", ""31"", ""32"", ""33"", ""34""], ""flx::floatx<11, 13>"": [""0"", ""1"", ""10"", ""11"", ""12"", ""13"", ""14"", ""15"", ""16"", ""17"", ""2"", ""24"", ""25"", ""26"", ""27"", ""28"", ""3"", ""35"", ""36"", ""37"", ""38"", ""4"", ""5"", ""6"", ""7"", ""8"", ""9""]}",
sig,5,11,14,"flx::floatx<11, 14>",27,12,188.749070,ok,"{""double"": [""18"", ""19"", ""20"", ""21"", ""22"", ""23"", ""29"", ""30"", ""31"", ""32"", ""33"", ""34""], ""flx::floatx<11, 14>"": [""0"", ""1"", ""10"", ""11"", ""12"", ""13"", ""14"", ""15"", ""16"", ""17"", ""2"", ""24"", ""25"", ""26"", ""27"", ""28"", ""3"", ""35"", ""36"", ""37"", ""38"", ""4"", ""5"", ""6"", ""7"", ""8"", ""9""]}",
sig,5,11,15,"flx::floatx<11, 15>",27,12,187.954041,ok,"{""double"": [""18"", ""19"", ""20"", ""21"", ""22"", ""23"", ""29"", ""30"", ""31"", ""32"", ""33"", ""34""], ""flx::floatx<11, 15>"": [""0"", ""1"", ""10"", ""11"", ""12"", ""13"", ""14"", ""15"", ""16"", ""17"", ""2"", ""24"", ""25"", ""26"", ""27"", ""28"", ""3"", ""35"", ""36"", ""37"", ""38"", ""4"", ""5"", ""6"", ""7"", ""8"", ""9""]}",
sig,5,11,16,"flx::floatx<11, 16>",27,12,188.887750,ok,"{""double"": [""18"", ""19"", ""20"", ""21"", ""22"", ""23"", ""29"", ""30"", ""31"", ""32"", ""33"", ""34""], ""flx::floatx<11, 16>"": [""0"", ""1"", ""10"", ""11"", ""12"", ""13"", ""14"", ""15"", ""16"", ""17"", ""2"", ""24"", ""25"", ""26"", ""27"", ""28"", ""3"", ""35"", ""36"", ""37"", ""38"", ""4"", ""5"", ""6"", ""7"", ""8"", ""9""]}",
sig,5,11,17,"flx::floatx<11, 17>",27,12,188.931635,ok,"{""double"": [""18"", ""19"", ""20"", ""21"", ""22"", ""23"", ""29"", ""30"", ""31"", ""32"", ""33"", ""34""], ""flx::floatx<11, 17>"": [""0"", ""1"", ""10"", ""11"", ""12"", ""13"", ""14"", ""15"", ""16"", ""17"", ""2"", ""24"", ""25"", ""26"", ""27"", ""28"", ""3"", ""35"", ""36"", ""37"", ""38"", ""4"", ""5"", ""6"", ""7"", ""8"", ""9""]}",
sig,5,11,18,"flx::floatx<11, 18>",27,12,193.163377,ok,"{""double"": [""18"", ""19"", ""20"", ""21"", ""22"", ""23"", ""29"", ""30"", ""31"", ""32"", ""33"", ""34""], ""flx::floatx<11, 18>"": [""0"", ""1"", ""10"", ""11"", ""12"", ""13"", ""14"", ""15"", ""16"", ""17"", ""2"", ""24"", ""25"", ""26"", ""27"", ""28"", ""3"", ""35"", ""36"", ""37"", ""38"", ""4"", ""5"", ""6"", ""7"", ""8"", ""9""]}",
sig,5,11,19,"flx::floatx<11, 19>",27,12,194.335319,ok,"{""double"": [""18"", ""19"", ""20"", ""21"", ""22"", ""23"", ""29"", ""30"", ""31"", ""32"", ""33"", ""34""], ""flx::floatx<11, 19>"": [""0"", ""1"", ""10"", ""11"", ""12"", ""13"", ""14"", ""15"", ""16"", ""17"", ""2"", ""24"", ""25"", ""26"", ""27"", ""28"", ""3"", ""35"", ""36"", ""37"", ""38"", ""4"", ""5"", ""6"", ""7"", ""8"", ""9""]}",
sig,5,11,20,"flx::floatx<11, 20>",27,12,195.142900,ok,"{""double"": [""18"", ""19"", ""20"", ""21"", ""22"", ""23"", ""29"", ""30"", ""31"", ""32"", ""33"", ""34""], ""flx::floatx<11, 20>"": [""0"", ""1"", ""10"", ""11"", ""12"", ""13"", ""14"", ""15"", ""16"", ""17"", ""2"", ""24"", ""25"", ""26"", ""27"", ""28"", ""3"", ""35"", ""36"", ""37"", ""38"", ""4"", ""5"", ""6"", ""7"", ""8"", ""9""]}",
sig,5,11,21,"flx::floatx<11, 21>",27,12,193.635122,ok,"{""double"": [""18"", ""19"", ""20"", ""21"", ""22"", ""23"", ""29"", ""30"", ""31"", ""32"", ""33"", ""34""], ""flx::floatx<11, 21>"": [""0"", ""1"", ""10"", ""11"", ""12"", ""13"", ""14"", ""15"", ""16"", ""17"", ""2"", ""24"", ""25"", ""26"", ""27"", ""28"", ""3"", ""35"", ""36"", ""37"", ""38"", ""4"", ""5"", ""6"", ""7"", ""8"", ""9""]}",
sig,5,11,22,"flx::floatx<11, 22>",27,12,194.885239,ok,"{""double"": [""18"", ""19"", ""20"", ""21"", ""22"", ""23"", ""29"", ""30"", ""31"", ""32"", ""33"", ""34""], ""flx::floatx<11, 22>"": [""0"", ""1"", ""10"", ""11"", ""12"", ""13"", ""14"", ""15"", ""16"", ""17"", ""2"", ""24"", ""25"", ""26"", ""27"", ""28"", ""3"", ""35"", ""36"", ""37"", ""38"", ""4"", ""5"", ""6"", ""7"", ""8"", ""9""]}",
sig,5,11,23,"flx::floatx<11, 23>",27,12,195.250820,ok,"{""double"": [""18"", ""19"", ""20"", ""21"", ""22"", ""23"", ""29"", ""30"", ""31"", ""32"", ""33"", ""34""], ""flx::floatx<11, 23>"": [""0"", ""1"", ""10"", ""11"", ""12"", ""13"", ""14"", ""15"", ""16"", ""17"", ""2"", ""24"", ""25"", ""26"", ""27"", ""28"", ""3"", ""35"", ""36"", ""37"", ""38"", ""4"", ""5"", ""6"", ""7"", ""8"", ""9""]}",
sig,5,11,24,"flx::floatx<11, 24>",27,12,196.130732,ok,"{""double"": [""18"", ""19"", ""20"", ""21"", ""22"", ""23"", ""29"", ""30"", ""31"", ""32"", ""33"", ""34""], ""flx::floatx<11, 24>"": [""0"", ""1"", ""10"", ""11"", ""12"", ""13"", ""14"", ""15"", ""16"", ""17"", ""2"", ""24"", ""25"", ""26"", ""27"", ""28"", ""3"", ""35"", ""36"", ""37"", ""38"", ""4"", ""5"", ""6"", ""7"", ""8"", ""9""]}",
sig,5,11,25,"flx::floatx<11, 25>",27,12,195.788199,ok,"{""double"": [""18"", ""19"", ""20"", ""21"", ""22"", ""23"", ""29"", ""30"", ""31"", ""32"", ""33"", ""34""], ""flx::floatx<11, 25>"": [""0"", ""1"", ""10"", ""11"", ""12"", ""13"", ""14"", ""15"", ""16"", ""17"", ""2"", ""24"", ""25"", ""26"", ""27"", ""28"", ""3"", ""35"", ""36"", ""37"", ""38"", ""4"", ""5"", ""6"", ""7"", ""8"", ""9""]}",
sig,5,11,26,"flx::floatx<11, 26>",27,12,195.655699,ok,"{""double"": [""18"", ""19"", ""20"", ""21"", ""22"", ""23"", ""29"", ""30"", ""31"", ""32"", ""33"", ""34""], ""flx::floatx<11, 26>"": [""0"", ""1"", ""10"", ""11"", ""12"", ""13"", ""14"", ""15"", ""16"", ""17"", ""2"", ""24"", ""25"", ""26"", ""27"", ""28"", ""3"", ""35"", ""36"", ""37"", ""38"", ""4"", ""5"", ""6"", ""7"", ""8"", ""9""]}",
sig,5,11,27,"flx::floatx<11, 27>",27,12,195.865777,ok,"{""double"": [""18"", ""19"", ""20"", ""21"", ""22"", ""23"", ""29"", ""30"", ""31"", ""32"", ""33"", ""34""], ""flx::floatx<11, 27>"": [""0"", ""1"", ""10"", ""11"", ""12"", ""13"", ""14"", ""15"", ""16"", ""17"", ""2"", ""24"", ""25"", ""26"", ""27"", ""28"", ""3"", ""35"", ""36"", ""37"", ""38"", ""4"", ""5"", ""6"", ""7"", ""8"", ""9""]}",
sig,5,11,28,"flx::floatx<11, 28>",27,12,195.504750,ok,"{""double"": [""18"", ""19"", ""20"", ""21"", ""22"", ""23"", ""29"", ""30"", ""31"", ""32"", ""33"", ""34""], ""flx::floatx<11, 28>"": [""0"", ""1"", ""10"", ""11"", ""12"", ""13"", ""14"", ""15"", ""16"", ""17"", ""2"", ""24"", ""25"", ""26"", ""27"", ""28"", ""3"", ""35"", ""36"", ""37"", ""38"", ""4"", ""5"", ""6"", ""7"", ""8"", ""9""]}",
sig,5,11,29,"flx::floatx<11, 29>",27,12,195.302449,ok,"{""double"": [""18"", ""19"", ""20"", ""21"", ""22"", ""23"", ""29"", ""30"", ""31"", ""32"", ""33"", ""34""], ""flx::floatx<11, 29>"": [""0"", ""1"", ""10"", ""11"", ""12"", ""13"", ""14"", ""15"", ""16"", ""17"", ""2"", ""24"", ""25"", ""26"", ""27"", ""28"", ""3"", ""35"", ""36"", ""37"", ""38"", ""4"", ""5"", ""6"", ""7"", ""8"", ""9""]}",
sig,5,11,30,"flx::floatx<11, 30>",31,8,174.772736,ok,"{""double"": [""18"", ""19"", ""20"", ""21"", ""22"", ""23"", ""33"", ""34""], ""flx::floatx<11, 30>"": [""0"", ""1"", ""10"", ""11"", ""12"", ""13"", ""14"", ""15"", ""16"", ""17"", ""2"", ""24"", ""25"", ""26"", ""27"", ""28"", ""29"", ""3"", ""30"", ""31"", ""32"", ""35"", ""36"", ""37"", ""38"", ""4"", ""5"", ""6"", ""7"", ""8"", ""9""]}",
sig,5,11,31,"flx::floatx<11, 31>",39,0,20.760790,ok,"{""flx::floatx<11, 31>"": [""0"", ""1"", ""10"", ""11"", ""12"", ""13"", ""14"", ""15"", ""16"", ""17"", ""18"", ""19"", ""2"", ""20"", ""21"", ""22"", ""23"", ""24"", ""25"", ""26"", ""27"", ""28"", ""29"", ""3"", ""30"", ""31"", ""32"", ""33"", ""34"", ""35"", ""36"", ""37"", ""38"", ""4"", ""5"", ""6"", ""7"", ""8"", ""9""]}",
sig,5,11,32,"flx::floatx<11, 32>",39,0,20.840230,ok,"{""flx::floatx<11, 32>"": [""0"", ""1"", ""10"", ""11"", ""12"", ""13"", ""14"", ""15"", ""16"", ""17"", ""18"", ""19"", ""2"", ""20"", ""21"", ""22"", ""23"", ""24"", ""25"", ""26"", ""27"", ""28"", ""29"", ""3"", ""30"", ""31"", ""32"", ""33"", ""34"", ""35"", ""36"", ""37"", ""38"", ""4"", ""5"", ""6"", ""7"", ""8"", ""9""]}",
sig,5,11,33,"flx::floatx<11, 33>",39,0,20.874170,ok,"{""flx::floatx<11, 33>"": [""0"", ""1"", ""10"", ""11"", ""12"", ""13"", ""14"", ""15"", ""16"", ""17"", ""18"", ""19"", ""2"", ""20"", ""21"", ""22"", ""23"", ""24"", ""25"", ""26"", ""27"", ""28"", ""29"", ""3"", ""30"", ""31"", ""32"", ""33"", ""34"", ""35"", ""36"", ""37"", ""38"", ""4"", ""5"", ""6"", ""7"", ""8"", ""9""]}",
sig,5,11,34,"flx::floatx<11, 34>",39,0,20.892859,ok,"{""flx::floatx<11, 34>"": [""0"", ""1"", ""10"", ""11"", ""12"", ""13"", ""14"", ""15"", ""16"", ""17"", ""18"", ""19"", ""2"", ""20"", ""21"", ""22"", ""23"", ""24"", ""25"", ""26"", ""27"", ""28"", ""29"", ""3"", ""30"", ""31"", ""32"", ""33"", ""34"", ""35"", ""36"", ""37"", ""38"", ""4"", ""5"", ""6"", ""7"", ""8"", ""9""]}",
sig,5,11,35,"flx::floatx<11, 35>",39,0,20.975808,ok,"{""flx::floatx<11, 35>"": [""0"", ""1"", ""10"", ""11"", ""12"", ""13"", ""14"", ""15"", ""16"", ""17"", ""18"", ""19"", ""2"", ""20"", ""21"", ""22"", ""23"", ""24"", ""25"", ""26"", ""27"", ""28"", ""29"", ""3"", ""30"", ""31"", ""32"", ""33"", ""34"", ""35"", ""36"", ""37"", ""38"", ""4"", ""5"", ""6"", ""7"", ""8"", ""9""]}",
sig,5,11,36,"flx::floatx<11, 36>",39,0,20.818305,ok,"{""flx::floatx<11, 36>"": [""0"", ""1"", ""10"", ""11"", ""12"", ""13"", ""14"", ""15"", ""16"", ""17"", ""18"", ""19"", ""2"", ""20"", ""21"", ""22"", ""23"", ""24"", ""25"", ""26"", ""27"", ""28"", ""29"", ""3"", ""30"", ""31"", ""32"", ""33"", ""34"", ""35"", ""36"", ""37"", ""38"", ""4"", ""5"", ""6"", ""7"", ""8"", ""9""]}",
sig,5,11,37,"flx::floatx<11, 37>",39,0,20.926177,ok,"{""flx::floatx<11, 37>"": [""0"", ""1"", ""10"", ""11"", ""12"", ""13"", ""14"", ""15"", ""16"", ""17"", ""18"", ""19"", ""2"", ""20"", ""21"", ""22"", ""23"", ""24"", ""25"", ""26"", ""27"", ""28"", ""29"", ""3"", ""30"", ""31"", ""32"", ""33"", ""34"", ""35"", ""36"", ""37"", ""38"", ""4"", ""5"", ""6"", ""7"", ""8"", ""9""]}",
sig,5,11,38,"flx::floatx<11, 38>",39,0,21.012767,ok,"{""flx::floatx<11, 38>"": [""0"", ""1"", ""10"", ""11"", ""12"", ""13"", ""14"", ""15"", ""16"", ""17"", ""18"", ""19"", ""2"", ""20"", ""21"", ""22"", ""23"", ""24"", ""25"", ""26"", ""27"", ""28"", ""29"", ""3"", ""30"", ""31"", ""32"", ""33"", ""34"", ""35"", ""36"", ""37"", ""38"", ""4"", ""5"", ""6"", ""7"", ""8"", ""9""]}",
sig,5,11,39,"flx::floatx<11, 39>",39,0,20.736689,ok,"{""flx::floatx<11, 39>"": [""0"", ""1"", ""10"", ""11"", ""12"", ""13"", ""14"", ""15"", ""16"", ""17"", ""18"", ""19"", ""2"", ""20"", ""21"", ""22"", ""23"", ""24"", ""25"", ""26"", ""27"", ""28"", ""29"", ""3"", ""30"", ""31"", ""32"", ""33"", ""34"", ""35"", ""36"", ""37"", ""38"", ""4"", ""5"", ""6"", ""7"", ""8"", ""9""]}",
sig,5,11,40,"flx::floatx<11, 40>",39,0,21.273926,ok,"{""flx::floatx<11, 40>"": [""0"", ""1"", ""10"", ""11"", ""12"", ""13"", ""14"", ""15"", ""16"", ""17"", ""18"", ""19"", ""2"", ""20"", ""21"", ""22"", ""23"", ""24"", ""25"", ""26"", ""27"", ""28"", ""29"", ""3"", ""30"", ""31"", ""32"", ""33"", ""34"", ""35"", ""36"", ""37"", ""38"", ""4"", ""5"", ""6"", ""7"", ""8"", ""9""]}",
sig,5,11,41,"flx::floatx<11, 41>",39,0,21.243877,ok,"{""flx::floatx<11, 41>"": [""0"", ""1"", ""10"", ""11"", ""12"", ""13"", ""14"", ""15"", ""16"", ""17"", ""18"", ""19"", ""2"", ""20"", ""21"", ""22"", ""23"", ""24"", ""25"", ""26"", ""27"", ""28"", ""29"", ""3"", ""30"", ""31"", ""32"", ""33"", ""34"", ""35"", ""36"", ""37"", ""38"", ""4"", ""5"", ""6"", ""7"", ""8"", ""9""]}",
sig,5,11,42,"flx::floatx<11, 42>",39,0,21.041677,ok,"{""flx::floatx<11, 42>"": [""0"", ""1"", ""10"", ""11"", ""12"", ""13"", ""14"", ""15"", ""16"", ""17"", ""18"", ""19"", ""2"", ""20"", ""21"", ""22"", ""23"", ""24"", ""25"", ""26"", ""27"", ""28"", ""29"", ""3"", ""30"", ""31"", ""32"", ""33"", ""34"", ""35"", ""36"", ""37"", ""38"", ""4"", ""5"", ""6"", ""7"", ""8"", ""9""]}",
sig,5,11,43,"flx::floatx<11, 43>",39,0,21.014589,ok,"{""flx::floatx<11, 43>"": [""0"", ""1"", ""10"", ""11"", ""12"", ""13"", ""14"", ""15"", ""16"", ""17"", ""18"", ""19"", ""2"", ""20"", ""21"", ""22"", ""23"", ""24"", ""25"", ""26"", ""27"", ""28"", ""29"", ""3"", ""30"", ""31"", ""32"", ""33"", ""34"", ""35"", ""36"", ""37"", ""38"", ""4"", ""5"", ""6"", ""7"", ""8"", ""9""]}",
sig,5,11,44,"flx::floatx<11, 44>",39,0,20.930195,ok,"{""flx::floatx<11, 44>"": [""0"", ""1"", ""10"", ""11"", ""12"", ""13"", ""14"", ""15"", ""16"", ""17"", ""18"", ""19"", ""2"", ""20"", ""21"", ""22"", ""23"", ""24"", ""25"", ""26"", ""27"", ""28"", ""29"", ""3"", ""30"", ""31"", ""32"", ""33"", ""34"", ""35"", ""36"", ""37"", ""38"", ""4"", ""5"", ""6"", ""7"", ""8"", ""9""]}",
sig,5,11,45,"flx::floatx<11, 45>",39,0,20.798425,ok,"{""flx::floatx<11, 45>"": [""0"", ""1"", ""10"", ""11"", ""12"", ""13"", ""14"", ""15"", ""16"", ""17"", ""18"", ""19"", ""2"", ""20"", ""21"", ""22"", ""23"", ""24"", ""25"", ""26"", ""27"", ""28"", ""29"", ""3"", ""30"", ""31"", ""32"", ""33"", ""34"", ""35"", ""36"", ""37"", ""38"", ""4"", ""5"", ""6"", ""7"", ""8"", ""9""]}",
sig,5,11,46,"flx::floatx<11, 46>",39,0,20.751074,ok,"{""flx::floatx<11, 46>"": [""0"", ""1"", ""10"", ""11"", ""12"", ""13"", ""14"", ""15"", ""16"", ""17"", ""18"", ""19"", ""2"", ""20"", ""21"", ""22"", ""23"", ""24"", ""25"", ""26"", ""27"", ""28"", ""29"", ""3"", ""30"", ""31"", ""32"", ""33"", ""34"", ""35"", ""36"", ""37"", ""38"", ""4"", ""5"", ""6"", ""7"", ""8"", ""9""]}",
sig,5,11,47,"flx::floatx<11, 47>",39,0,20.479152,ok,"{""flx::floatx<11, 47>"": [""0"", ""1"", ""10"", ""11"", ""12"", ""13"", ""14"", ""15"", ""16"", ""17"", ""18"", ""19"", ""2"", ""20"", ""21"", ""22"", ""23"", ""24"", ""25"", ""26"", ""27"", ""28"", ""29"", ""3"", ""30"", ""31"", ""32"", ""33"", ""34"", ""35"", ""36"", ""37"", ""38"", ""4"", ""5"", ""6"", ""7"", ""8"", ""9""]}",
sig,5,11,48,"flx::floatx<11, 48>",39,0,21.080914,ok,"{""flx::floatx<11, 48>"": [""0"", ""1"", ""10"", ""11"", ""12"", ""13"", ""14"", ""15"", ""16"", ""17"", ""18"", ""19"", ""2"", ""20"", ""21"", ""22"", ""23"", ""24"", ""25"", ""26"", ""27"", ""28"", ""29"", ""3"", ""30"", ""31"", ""32"", ""33"", ""34"", ""35"", ""36"", ""37"", ""38"", ""4"", ""5"", ""6"", ""7"", ""8"", ""9""]}",
sig,5,11,49,"flx::floatx<11, 49>",39,0,21.202136,ok,"{""flx::floatx<11, 49>"": [""0"", ""1"", ""10"", ""11"", ""12"", ""13"", ""14"", ""15"", ""16"", ""17"", ""18"", ""19"", ""2"", ""20"", ""21"", ""22"", ""23"", ""24"", ""25"", ""26"", ""27"", ""28"", ""29"", ""3"", ""30"", ""31"", ""32"", ""33"", ""34"", ""35"", ""36"", ""37"", ""38"", ""4"", ""5"", ""6"", ""7"", ""8"", ""9""]}",
sig,5,11,50,"flx::floatx<11, 50>",39,0,21.521483,ok,"{""flx::floatx<11, 50>"": [""0"", ""1"", ""10"", ""11"", ""12"", ""13"", ""14"", ""15"", ""16"", ""17"", ""18"", ""19"", ""2"", ""20"", ""21"", ""22"", ""23"", ""24"", ""25"", ""26"", ""27"", ""28"", ""29"", ""3"", ""30"", ""31"", ""32"", ""33"", ""34"", ""35"", ""36"", ""37"", ""38"", ""4"", ""5"", ""6"", ""7"", ""8"", ""9""]}",
sig,5,11,51,"flx::floatx<11, 51>",39,0,21.694566,ok,"{""flx::floatx<11, 51>"": [""0"", ""1"", ""10"", ""11"", ""12"", ""13"", ""14"", ""15"", ""16"", ""17"", ""18"", ""19"", ""2"", ""20"", ""21"", ""22"", ""23"", ""24"", ""25"", ""26"", ""27"", ""28"", ""29"", ""3"", ""30"", ""31"", ""32"", ""33"", ""34"", ""35"", ""36"", ""37"", ""38"", ""4"", ""5"", ""6"", ""7"", ""8"", ""9""]}",
sig,5,11,52,"flx::floatx<11, 52>",39,0,14.717588,ok,"{""flx::floatx<11, 52>"": [""0"", ""1"", ""10"", ""11"", ""12"", ""13"", ""14"", ""15"", ""16"", ""17"", ""18"", ""19"", ""2"", ""20"", ""21"", ""22"", ""23"", ""24"", ""25"", ""26"", ""27"", ""28"", ""29"", ""3"", ""30"", ""31"", ""32"", ""33"", ""34"", ""35"", ""36"", ""37"", ""38"", ""4"", ""5"", ""6"", ""7"", ""8"", ""9""]}",
exp,5,1,52,"flx::floatx<1, 52>",23,16,108.250278,ok,"{""double"": [""18"", ""19"", ""20"", ""21"", ""22"", ""23"", ""24"", ""25"", ""26"", ""27"", ""29"", ""30"", ""31"", ""32"", ""33"", ""34""], ""flx::floatx<1, 52>"": [""0"", ""1"", ""10"", ""11"", ""12"", ""13"", ""14"", ""15"", ""16"", ""17"", ""2"", ""28"", ""3"", ""35"", ""36"", ""37"", ""38"", ""4"", ""5"", ""6"", ""7"", ""8"", ""9""]}",
exp,5,2,52,"flx::floatx<2, 52>",23,16,108.243723,ok,"{""double"": [""18"", ""19"", ""20"", ""21"", ""22"", ""23"", ""24"", ""25"", ""26"", ""27"", ""29"", ""30"", ""31"", ""32"", ""33"", ""34""], ""flx::floatx<2, 52>"": [""0"", ""1"", ""10"", ""11"", ""12"", ""13"", ""14"", ""15"", ""16"", ""17"", ""2"", ""28"", ""3"", ""35"", ""36"", ""37"", ""38"", ""4"", ""5"", ""6"", ""7"", ""8"", ""9""]}",
exp,5,3,52,"flx::floatx<3, 52>",23,16,111.974962,ok,"{""double"": [""18"", ""19"", ""20"", ""21"", ""22"", ""23"", ""24"", ""25"", ""26"", ""27"", ""29"", ""30"", ""31"", ""32"", ""33"", ""34""], ""flx::floatx<3, 52>"": [""0"", ""1"", ""10"", ""11"", ""12"", ""13"", ""14"", ""15"", ""16"", ""17"", ""2"", ""28"", ""3"", ""35"", ""36"", ""37"", ""38"", ""4"", ""5"", ""6"", ""7"", ""8"", ""9""]}",
exp,5,4,52,"flx::floatx<4, 52>",23,16,112.505530,ok,"{""double"": [""18"", ""19"", ""20"", ""21"", ""22"", ""23"", ""24"", ""25"", ""26"", ""27"", ""29"", ""30"", ""31"", ""32"", ""33"", ""34""], ""flx::floatx<4, 52>"": [""0"", ""1"", ""10"", ""11"", ""12"", ""13"", ""14"", ""15"", ""16"", ""17"", ""2"", ""28"", ""3"", ""35"", ""36"", ""37"", ""38"", ""4"", ""5"", ""6"", ""7"", ""8"", ""9""]}",
exp,5,5,52,"flx::floatx<5, 52>",39,0,14.968024,ok,"{""flx::floatx<5, 52>"": [""0"", ""1"", ""10"", ""11"", ""12"", ""13"", ""14"", ""15"", ""16"", ""17"", ""18"", ""19"", ""2"", ""20"", ""21"", ""22"", ""23"", ""24"", ""25"", ""26"", ""27"", ""28"", ""29"", ""3"", ""30"", ""31"", ""32"", ""33"", ""34"", ""35"", ""36"", ""37"", ""38"", ""4"", ""5"", ""6"", ""7"", ""8"", ""9""]}",
exp,5,6,52,"flx::floatx<6, 52>",39,0,14.947094,ok,"{""flx::floatx<6, 52>"": [""0"", ""1"", ""10"", ""11"", ""12"", ""13"", ""14"", ""15"", ""16"", ""17"", ""18"", ""19"", ""2"", ""20"", ""21"", ""22"", ""23"", ""24"", ""25"", ""26"", ""27"", ""28"", ""29"", ""3"", ""30"", ""31"", ""32"", ""33"", ""34"", ""35"", ""36"", ""37"", ""38"", ""4"", ""5"", ""6"", ""7"", ""8"", ""9""]}",
exp,5,7,52,"flx::floatx<7, 52>",39,0,14.835443,ok,"{""flx::floatx<7, 52>"": [""0"", ""1"", ""10"", ""11"", ""12"", ""13"", ""14"", ""15"", ""16"", ""17"", ""18"", ""19"", ""2"", ""20"", ""21"", ""22"", ""23"", ""24"", ""25"", ""26"", ""27"", ""28"", ""29"", ""3"", ""30"", ""31"", ""32"", ""33"", ""34"", ""35"", ""36"", ""37"", ""38"", ""4"", ""5"", ""6"", ""7"", ""8"", ""9""]}",
exp,5,8,52,"flx::floatx<8, 52>",39,0,14.968264,ok,"{""flx::floatx<8, 52>"": [""0"", ""1"", ""10"", ""11"", ""12"", ""13"", ""14"", ""15"", ""16"", ""17"", ""18"", ""19"", ""2"", ""20"", ""21"", ""22"", ""23"", ""24"", ""25"", ""26"", ""27"", ""28"", ""29"", ""3"", ""30"", ""31"", ""32"", ""33"", ""34"", ""35"", ""36"", ""37"", ""38"", ""4"", ""5"", ""6"", ""7"", ""8"", ""9""]}",
exp,5,9,52,"flx::floatx<9, 52>",39,0,15.057469,ok,"{""flx::floatx<9, 52>"": [""0"", ""1"", ""10"", ""11"", ""12"", ""13"", ""14"", ""15"", ""16"", ""17"", ""18"", ""19"", ""2"", ""20"", ""21"", ""22"", ""23"", ""24"", ""25"", ""26"", ""27"", ""28"", ""29"", ""3"", ""30"", ""31"", ""32"", ""33"", ""34"", ""35"", ""36"", ""37"", ""38"", ""4"", ""5"", ""6"", ""7"", ""8"", ""9""]}",
exp,5,10,52,"flx::floatx<10, 52>",39,0,14.941235,ok,"{""flx::floatx<10, 52>"": [""0"", ""1"", ""10"", ""11"", ""12"", ""13"", ""14"", ""15"", ""16"", ""17"", ""18"", ""19"", ""2"", ""20"", ""21"", ""22"", ""23"", ""24"", ""25"", ""26"", ""27"", ""28"", ""29"", ""3"", ""30"", ""31"", ""32"", ""33"", ""34"", ""35"", ""36"", ""37"", ""38"", ""4"", ""5"", ""6"", ""7"", ""8"", ""9""]}",
exp,5,11,52,"flx::floatx<11, 52>",39,0,14.222132,ok,"{""flx::floatx<11, 52>"": [""0"", ""1"", ""10"", ""11"", ""12"", ""13"", ""14"", ""15"", ""16"", ""17"", ""18"", ""19"", ""2"", ""20"", ""21"", ""22"", ""23"", ""24"", ""25"", ""26"", ""27"", ""28"", ""29"", ""3"", ""30"", ""31"", ""32"", ""33"", ""34"", ""35"", ""36"", ""37"", ""38"", ""4"", ""5"", ""6"", ""7"", ""8"", ""9""]}",
sig,6,11,1,"flx::floatx<11, 1>",27,12,161.182889,ok,"{""double"": [""18"", ""19"", ""20"", ""21"", ""22"", ""23"", ""29"", ""30"", ""31"", ""32"", ""33"", ""34""], ""flx::floatx<11, 1>"": [""0"", ""1"", ""10"", ""11"", ""12"", ""13"", ""14"", ""15"", ""16"", ""17"", ""2"", ""24"", ""25"", ""26"", ""27"", ""28"", ""3"", ""35"", ""36"", ""37"", ""38"", ""4"", ""5"", ""6"", ""7"", ""8"", ""9""]}",
sig,6,11,2,"flx::floatx<11, 2>",27,12,171.808883,ok,"{""double"": [""18"", ""19"", ""20"", ""21"", ""22"", ""23"", ""29"", ""30"", ""31"", ""32"", ""33"", ""34""], ""flx::floatx<11, 2>"": [""0"", ""1"", ""10"", ""11"", ""12"", ""13"", ""14"", ""15"", ""16"", ""17"", ""2"", ""24"", ""25"", ""26"", ""27"", ""28"", ""3"", ""35"", ""36"", ""37"", ""38"", ""4"", ""5"", ""6"", ""7"", ""8"", ""9""]}",
sig,6,11,3,"flx::floatx<11, 3>",27,12,183.411985,ok,"{""double"": [""18"", ""19"", ""20"", ""21"", ""22"", ""23"", ""29"", ""30"", ""31"", ""32"", ""33"", ""34""], ""flx::floatx<11, 3>"": [""0"", ""1"", ""10"", ""11"", ""12"", ""13"", ""14"", ""15"", ""16"", ""17"", ""2"", ""24"", ""25"", ""26"", ""27"", ""28"", ""3"", ""35"", ""36"", ""37"", ""38"", ""4"", ""5"", ""6"", ""7"", ""8"", ""9""]}",
sig,6,11,4,"flx::floatx<11, 4>",27,12,194.196837,ok,"{""double"": [""18"", ""19"", ""20"", ""21"", ""22"", ""23"", ""29"", ""30"", ""31"", ""32"", ""33"", ""34""], ""flx::floatx<11, 4>"": [""0"", ""1"", ""10"", ""11"", ""12"", ""13"", ""14"", ""15"", ""16"", ""17"", ""2"", ""24"", ""25"", ""26"", ""27"", ""28"", ""3"", ""35"", ""36"", ""37"", ""38"", ""4"", ""5"", ""6"", ""7"", ""8"", ""9""]}",
sig,6,11,5,"flx::floatx<11, 5>",27,12,193.938023,ok,"{""double"": [""18"", ""19"", ""20"", ""21"", ""22"", ""23"", ""29"", ""30"", ""31"", ""32"", ""33"", ""34""], ""flx::floatx<11, 5>"": [""0"", ""1"", ""10"", ""11"", ""12"", ""13"", ""14"", ""15"", ""16"", ""17"", ""2"", ""24"", ""25"", ""26"", ""27"", ""28"", ""3"", ""35"", ""36"", ""37"", ""38"", ""4"", ""5"", ""6"", ""7"", ""8"", ""9""]}",
sig,6,11,6,"flx::floatx<11, 6>",27,12,194.435104,ok,"{""double"": [""18"", ""19"", ""20"", ""21"", ""22"", ""23"", ""29"", ""30"", ""31"", ""32"", ""33"", ""34""], ""flx::floatx<11, 6>"": [""0"", ""1"", ""10"", ""11"", ""12"", ""13"", ""14"", ""15"", ""16"", ""17"", ""2"", ""24"", ""25"", ""26"", ""27"", ""28"", ""3"", ""35"", ""36"", ""37"", ""38"", ""4"", ""5"", ""6"", ""7"", ""8"", ""9""]}",
sig,6,11,7,"flx::floatx<11, 7>",27,12,195.050236,ok,"{""double"": [""18"", ""19"", ""20"", ""21"", ""22"", ""23"", ""29"", ""30"", ""31"", ""32"", ""33"", ""34""], ""flx::floatx<11, 7>"": [""0"", ""1"", ""10"", ""11"", ""12"", ""13"", ""14"", ""15"", ""16"", ""17"", ""2"", ""24"", ""25"", ""26"", ""27"", ""28"", ""3"", ""35"", ""36"", ""37"", ""38"", ""4"", ""5"", ""6"", ""7"", ""8"", ""9""]}",
sig,6,11,8,"flx::floatx<11, 8>",27,12,194.506179,ok,"{""double"": [""18"", ""19"", ""20"", ""21"", ""22"", ""23"", ""29"", ""30"", ""31"", ""32"", ""33"", ""34""], ""flx::floatx<11, 8>"": [""0"", ""1"", ""10"", ""11"", ""12"", ""13"", ""14"", ""15"", ""16"", ""17"", ""2"", ""24"", ""25"", ""26"", ""27"", ""28"", ""3"", ""35"", ""36"", ""37"", ""38"", ""4"", ""5"", ""6"", ""7"", ""8"", ""9""]}",
sig,6,11,9,"flx::floatx<11, 9>",27,12,193.393610,ok,"{""double"": [""18"", ""19"", ""20"", ""21"", ""22"", ""23"", ""29"", ""30"", ""31"", ""32"", ""33"", ""34""], ""flx::floatx<11, 9>"": [""0"", ""1"", ""10"", ""11"", ""12"", ""13"", ""14"", ""15"", ""16"", ""17"", ""2"", ""24"", ""25"", ""26"", ""27"", ""28"", ""3"", ""35"", ""36"", ""37"", ""38"", ""4"", ""5"", ""6"", ""7"", ""8"", ""9""]}",
sig,6,11,10,"flx::floatx<11, 10>",27,12,194.055643,ok,"{""double"": [""18"", ""19"", ""20"", ""21"", ""22"", ""23"", ""29"", ""30"", ""31"", ""32"", ""33"", ""34""], ""flx::floatx<11, 10>"": [""0"", ""1"", ""10"", ""11"", ""12"", ""13"", ""14"", ""15"", ""16"", ""17"", ""2"", ""24"", ""25"", ""26"", ""27"", ""28"", ""3"", ""35"", ""36"", ""37"", ""38"", ""4"", ""5"", ""6"", ""7"", ""8"", ""9""]}",
sig,6,11,11,"flx::floatx<11, 11>",27,12,194.465611,ok,"{""double"": [""18"", ""19"", ""20"", ""21"", ""22"", ""23"", ""29"", ""30"", ""31"", ""32"", ""33"", ""34""], ""flx::floatx<11, 11>"": [""0"", ""1"", ""10"", ""11"", ""12"", ""13"", ""14"", ""15"", ""16"", ""17"", ""2"", ""24"", ""25"", ""26"", ""27"", ""28"", ""3"", ""35"", ""36"", ""37"", ""38"", ""4"", ""5"", ""6"", ""7"", ""8"", ""9""]}",
sig,6,11,12,"flx::floatx<11, 12>",27,12,194.066932,ok,"{""double"": [""18"", ""19"", ""20"", ""21"", ""22"", ""23"", ""29"", ""30"", ""31"", ""32"", ""33"", ""34""], ""flx::floatx<11, 12>"": [""0"", ""1"", ""10"", ""11"", ""12"", ""13"", ""14"", ""15"", ""16"", ""17"", ""2"", ""24"", ""25"", ""26"", ""27"", ""28"", ""3"", ""35"", ""36"", ""37"", ""38"", ""4"", ""5"", ""6"", ""7"", ""8"", ""9""]}",
sig,6,11,13,"flx::floatx<11, 13>",27,12,193.842616,ok,"{""double"": [""18"", ""19"", ""20"", ""21"", ""22"", ""23"", ""29"", ""30"", ""31"", ""32"", ""33"", ""34""], ""flx::floatx<11, 13>"": [""0"", ""1"", ""10"", ""11"", ""12"", ""13"", ""14"", ""15"", ""16"", ""17"", ""2"", ""24"", ""25"", ""26"", ""27"", ""28"", ""3"", ""35"", ""36"", ""37"", ""38"", ""4"", ""5"", ""6"", ""7"", ""8"", ""9""]}",
sig,6,11,14,"flx::floatx<11, 14>",27,12,194.790910,ok,"{""double"": [""18"", ""19"", ""20"", ""21"", ""22"", ""23"", ""29"", ""30"", ""31"", ""32"", ""33"", ""34""], ""flx::floatx<11, 14>"": [""0"", ""1"", ""10"", ""11"", ""12"", ""13"", ""14"", ""15"", ""16"", ""17"", ""2"", ""24"", ""25"", ""26"", ""27"", ""28"", ""3"", ""35"", ""36"", ""37"", ""38"", ""4"", ""5"", ""6"", ""7"", ""8"", ""9""]}",
sig,6,11,15,"flx::floatx<11, 15>",27,12,194.336627,ok,"{""double"": [""18"", ""19"", ""20"", ""21"", ""22"", ""23"", ""29"", ""30"", ""31"", ""32"", ""33"", ""34""], ""flx::floatx<11, 15>"": [""0"", ""1"", ""10"", ""11"", ""12"", ""13"", ""14"", ""15"", ""16"", ""17"", ""2"", ""24"", ""25"", ""26"", ""27"", ""28"", ""3"", ""35"", ""36"", ""37"", ""38"", ""4"", ""5"", ""6"", ""7"", ""8"", ""9""]}",
sig,6,11,16,"flx::floatx<11, 16>",27,12,193.873085,ok,"{""double"": [""18"", ""19"", ""20"", ""21"", ""22"", ""23"", ""29"", ""30"", ""31"", ""32"", ""33"", ""34""], ""flx::floatx<11, 16>"": [""0"", ""1"", ""10"", ""11"", ""12"", ""13"", ""14"", ""15"", ""16"", ""17"", ""2"", ""24"", ""25"", ""26"", ""27"", ""28"", ""3"", ""35"", ""36"", ""37"", ""38"", ""4"", ""5"", ""6"", ""7"", ""8"", ""9""]}",
sig,6,11,17,"flx::floatx<11, 17>",27,12,194.083890,ok,"{""double"": [""18"", ""19"", ""20"", ""21"", ""22"", ""23"", ""29"", ""30"", ""31"", ""32"", ""33"", ""34""], ""flx::floatx<11, 17>"": [""0"", ""1"", ""10"", ""11"", ""12"", ""13"", ""14"", ""15"", ""16"", ""17"", ""2"", ""24"", ""25"", ""26"", ""27"", ""28"", ""3"", ""35"", ""36"", ""37"", ""38"", ""4"", ""5"", ""6"", ""7"", ""8"", ""9""]}",
sig,6,11,18,"flx::floatx<11, 18>",27,12,194.044572,ok,"{""double"": [""18"", ""19"", ""20"", ""21"", ""22"", ""23"", ""29"", ""30"", ""31"", ""32"", ""33"", ""34""], ""flx::floatx<11, 18>"": [""0"", ""1"", ""10"", ""11"", ""12"", ""13"", ""14"", ""15"", ""16"", ""17"", ""2"", ""24"", ""25"", ""26"", ""27"", ""28"", ""3"", ""35"", ""36"", ""37"", ""38"", ""4"", ""5"", ""6"", ""7"", ""8"", ""9""]}",
sig,6,11,19,"flx::floatx<11, 19>",27,12,194.263341,ok,"{""double"": [""18"", ""19"", ""20"", ""21"", ""22"", ""23"", ""29"", ""30"", ""31"", ""32"", ""33"", ""34""], ""flx::floatx<11, 19>"": [""0"", ""1"", ""10"", ""11"", ""12"", ""13"", ""14"", ""15"", ""16"", ""17"", ""2"", ""24"", ""25"", ""26"", ""27"", ""28"", ""3"", ""35"", ""36"", ""37"", ""38"", ""4"", ""5"", ""6"", ""7"", ""8"", ""9""]}",
sig,6,11,20,"flx::floatx<11, 20>",27,12,191.744785,ok,"{""double"": [""18"", ""19"", ""20"", ""21"", ""22"", ""23"", ""29"", ""30"", ""31"", ""32"", ""33"", ""34""], ""flx::floatx<11, 20>"": [""0"", ""1"", ""10"", ""11"", ""12"", ""13"", ""14"", ""15"", ""16"", ""17"", ""2"", ""24"", ""25"", ""26"", ""27"", ""28"", ""3"", ""35"", ""36"", ""37"", ""38"", ""4"", ""5"", ""6"", ""7"", ""8"", ""9""]}",
sig,6,11,21,"flx::floatx<11, 21>",27,12,192.658159,ok,"{""double"": [""18"", ""19"", ""20"", ""21"", ""22"", ""23"", ""29"", ""30"", ""31"", ""32"", ""33"", ""34""], ""flx::floatx<11, 21>"": [""0"", ""1"", ""10"", ""11"", ""12"", ""13"", ""14"", ""15"", ""16"", ""17"", ""2"", ""24"", ""25"", ""26"", ""27"", ""28"", ""3"", ""35"", ""36"", ""37"", ""38"", ""4"", ""5"", ""6"", ""7"", ""8"", ""9""]}",
sig,6,11,22,"flx::floatx<11, 22>",27,12,194.954354,ok,"{""double"": [""18"", ""19"", ""20"", ""21"", ""22"", ""23"", ""29"", ""30"", ""31"", ""32"", ""33"", ""34""], ""flx::floatx<11, 22>"": [""0"", ""1"", ""10"", ""11"", ""12"", ""13"", ""14"", ""15"", ""16"", ""17"", ""2"", ""24"", ""25"", ""26"", ""27"", ""28"", ""3"", ""35"", ""36"", ""37"", ""38"", ""4"", ""5"", ""6"", ""7"", ""8"", ""9""]}",
sig,6,11,23,"flx::floatx<11, 23>",27,12,195.283276,ok,"{""double"": [""18"", ""19"", ""20"", ""21"", ""22"", ""23"", ""29"", ""30"", ""31"", ""32"", ""33"", ""34""], ""flx::floatx<11, 23>"": [""0"", ""1"", ""10"", ""11"", ""12"", ""13"", ""14"", ""15"", ""16"", ""17"", ""2"", ""24"", ""25"", ""26"", ""27"", ""28"", ""3"", ""35"", ""36"", ""37"", ""38"", ""4"", ""5"", ""6"", ""7"", ""8"", ""9""]}",
sig,6,11,24,"flx::floatx<11, 24>",27,12,195.281151,ok,"{""double"": [""18"", ""19"", ""20"", ""21"", ""22"", ""23"", ""29"", ""30"", ""31"", ""32"", ""33"", ""34""], ""flx::floatx<11, 24>"": [""0"", ""1"", ""10"", ""11"", ""12"", ""13"", ""14"", ""15"", ""16"", ""17"", ""2"", ""24"", ""25"", ""26"", ""27"", ""28"", ""3"", ""35"", ""36"", ""37"", ""38"", ""4"", ""5"", ""6"", ""7"", ""8"", ""9""]}",
sig,6,11,25,"flx::floatx<11, 25>",27,12,195.637327,ok,"{""double"": [""18"", ""19"", ""20"", ""21"", ""22"", ""23"", ""29"", ""30"", ""31"", ""32"", ""33"", ""34""], ""flx::floatx<11, 25>"": [""0"", ""1"", ""10"", ""11"", ""12"", ""13"", ""14"", ""15"", ""16"", ""17"", ""2"", ""24"", ""25"", ""26"", ""27"", ""28"", ""3"", ""35"", ""36"", ""37"", ""38"", ""4"", ""5"", ""6"", ""7"", ""8"", ""9""]}",
sig,6,11,26,"flx::floatx<11, 26>",27,12,194.558662,ok,"{""double"": [""18"", ""19"", ""20"", ""21"", ""22"", ""23"", ""29"", ""30"", ""31"", ""32"", ""33"", ""34""], ""flx::floatx<11, 26>"": [""0"", ""1"", ""10"", ""11"", ""12"", ""13"", ""14"", ""15"", ""16"", ""17"", ""2"", ""24"", ""25"", ""26"", ""27"", ""28"", ""3"", ""35"", ""36"", ""37"", ""38"", ""4"", ""5"", ""6"", ""7"", ""8"", ""9""]}",
sig,6,11,27,"flx::floatx<11, 27>",27,12,195.485718,ok,"{""double"": [""18"", ""19"", ""20"", ""21"", ""22"", ""23"", ""29"", ""30"", ""31"", ""32"", ""33"", ""34""], ""flx::floatx<11, 27>"": [""0"", ""1"", ""10"", ""11"", ""12"", ""13"", ""14"", ""15"", ""16"", ""17"", ""2"", ""24"", ""25"", ""26"", ""27"", ""28"", ""3"", ""35"", ""36"", ""37"", ""38"", ""4"", ""5"", ""6"", ""7"", ""8"", ""9""]}",
sig,6,11,28,"flx::floatx<11, 28>",27,12,195.655902,ok,"{""double"": [""18"", ""19"", ""20"", ""21"", ""22"", ""23"", ""29"", ""30"", ""31"", ""32"", ""33"", ""34""], ""flx::floatx<11, 28>"": [""0"", ""1"", ""10"", ""11"", ""12"", ""13"", ""14"", ""15"", ""16"", ""17"", ""2"", ""24"", ""25"", ""26"", ""27"", ""28"", ""3"", ""35"", ""36"", ""37"", ""38"", ""4"", ""5"", ""6"", ""7"", ""8"", ""9""]}",
sig,6,11,29,"flx::floatx<11, 29>",27,12,195.918522,ok,"{""double"": [""18"", ""19"", ""20"", ""21"", ""22"", ""23"", ""29"", ""30"", ""31"", ""32"", ""33"", ""34""], ""flx::floatx<11, 29>"": [""0"", ""1"", ""10"", ""11"", ""12"", ""13"", ""14"", ""15"", ""16"", ""17"", ""2"", ""24"", ""25"", ""26"", ""27"", ""28"", ""3"", ""35"", ""36"", ""37"", ""38"", ""4"", ""5"", ""6"", ""7"", ""8"", ""9""]}",
sig,6,11,30,"flx::floatx<11, 30>",27,12,196.008276,ok,"{""double"": [""18"", ""19"", ""20"", ""21"", ""22"", ""23"", ""29"", ""30"", ""31"", ""32"", ""33"", ""34""], ""flx::floatx<11, 30>"": [""0"", ""1"", ""10"", ""11"", ""12"", ""13"", ""14"", ""15"", ""16"", ""17"", ""2"", ""24"", ""25"", ""26"", ""27"", ""28"", ""3"", ""35"", ""36"", ""37"", ""38"", ""4"", ""5"", ""6"", ""7"", ""8"", ""9""]}",
sig,6,11,31,"flx::floatx<11, 31>",27,12,195.502669,ok,"{""double"": [""18"", ""19"", ""20"", ""21"", ""22"", ""23"", ""29"", ""30"", ""31"", ""32"", ""33"", ""34""], ""flx::floatx<11, 31>"": [""0"", ""1"", ""10"", ""11"", ""12"", ""13"", ""14"", ""15"", ""16"", ""17"", ""2"", ""24"", ""25"", ""26"", ""27"", ""28"", ""3"", ""35"", ""36"", ""37"", ""38"", ""4"", ""5"", ""6"", ""7"", ""8"", ""9""]}",
sig,6,11,32,"flx::floatx<11, 32>",27,12,192.509453,ok,"{""double"": [""18"", ""19"", ""20"", ""21"", ""22"", ""23"", ""29"", ""30"", ""31"", ""32"", ""33"", ""34""], ""flx::floatx<11, 32>"": [""0"", ""1"", ""10"", ""11"", ""12"", ""13"", ""14"", ""15"", ""16"", ""17"", ""2"", ""24"", ""25"", ""26"", ""27"", ""28"", ""3"", ""35"", ""36"", ""37"", ""38"", ""4"", ""5"", ""6"", ""7"", ""8"", ""9""]}",
sig,6,11,33,"flx::floatx<11, 33>",31,8,172.960277,ok,"{""double"": [""18"", ""19"", ""20"", ""21"", ""22"", ""23"", ""33"", ""34""], ""flx::floatx<11, 33>"": [""0"", ""1"", ""10"", ""11"", ""12"", ""13"", ""14"", ""15"", ""16"", ""17"", ""2"", ""24"", ""25"", ""26"", ""27"", ""28"", ""29"", ""3"", ""30"", ""31"", ""32"", ""35"", ""36"", ""37"", ""38"", ""4"", ""5"", ""6"", ""7"", ""8"", ""9""]}",
sig,6,11,34,"flx::floatx<11, 34>",39,0,20.628114,ok,"{""flx::floatx<11, 34>"": [""0"", ""1"", ""10"", ""11"", ""12"", ""13"", ""14"", ""15"", ""16"", ""17"", ""18"", ""19"", ""2"", ""20"", ""21"", ""22"", ""23"", ""24"", ""25"", ""26"", ""27"", ""28"", ""29"", ""3"", ""30"", ""31"", ""32"", ""33"", ""34"", ""35"", ""36"", ""37"", ""38"", ""4"", ""5"", ""6"", ""7"", ""8"", ""9""]}",
sig,6,11,35,"flx::floatx<11, 35>",39,0,20.609194,ok,"{""flx::floatx<11, 35>"": [""0"", ""1"", ""10"", ""11"", ""12"", ""13"", ""14"", ""15"", ""16"", ""17"", ""18"", ""19"", ""2"", ""20"", ""21"", ""22"", ""23"", ""24"", ""25"", ""26"", ""27"", ""28"", ""29"", ""3"", ""30"", ""31"", ""32"", ""33"", ""34"", ""35"", ""36"", ""37"", ""38"", ""4"", ""5"", ""6"", ""7"", ""8"", ""9""]}",
sig,6,11,36,"flx::floatx<11, 36>",39,0,20.881289,ok,"{""flx::floatx<11, 36>"": [""0"", ""1"", ""10"", ""11"", ""12"", ""13"", ""14"", ""15"", ""16"", ""17"", ""18"", ""19"", ""2"", ""20"", ""21"", ""22"", ""23"", ""24"", ""25"", ""26"", ""27"", ""28"", ""29"", ""3"", ""30"", ""31"", ""32"", ""33"", ""34"", ""35"", ""36"", ""37"", ""38"", ""4"", ""5"", ""6"", ""7"", ""8"", ""9""]}",
sig,6,11,37,"flx::floatx<11, 37>",39,0,20.936023,ok,"{""flx::floatx<11, 37>"": [""0"", ""1"", ""10"", ""11"", ""12"", ""13"", ""14"", ""15"", ""16"", ""17"", ""18"", ""19"", ""2"", ""20"", ""21"", ""22"", ""23"", ""24"", ""25"", ""26"", ""27"", ""28"", ""29"", ""3"", ""30"", ""31"", ""32"", ""33"", ""34"", ""35"", ""36"", ""37"", ""38"", ""4"", ""5"", ""6"", ""7"", ""8"", ""9""]}",
sig,6,11,38,"flx::floatx<11, 38>",39,0,20.902812,ok,"{""flx::floatx<11, 38>"": [""0"", ""1"", ""10"", ""11"", ""12"", ""13"", ""14"", ""15"", ""16"", ""17"", ""18"", ""19"", ""2"", ""20"", ""21"", ""22"", ""23"", ""24"", ""25"", ""26"", ""27"", ""28"", ""29"", ""3"", ""30"", ""31"", ""32"", ""33"", ""34"", ""35"", ""36"", ""37"", ""38"", ""4"", ""5"", ""6"", ""7"", ""8"", ""9""]}",
sig,6,11,39,"flx::floatx<11, 39>",39,0,20.952529,ok,"{""flx::floatx<11, 39>"": [""0"", ""1"", ""10"", ""11"", ""12"", ""13"", ""14"", ""15"", ""16"", ""17"", ""18"", ""19"", ""2"", ""20"", ""21"", ""22"", ""23"", ""24"", ""25"", ""26"", ""27"", ""28"", ""29"", ""3"", ""30"", ""31"", ""32"", ""33"", ""34"", ""35"", ""36"", ""37"", ""38"", ""4"", ""5"", ""6"", ""7"", ""8"", ""9""]}",
sig,6,11,40,"flx::floatx<11, 40>",39,0,20.839514,ok,"{""flx::floatx<11, 40>"": [""0"", ""1"", ""10"", ""11"", ""12"", ""13"", ""14"", ""15"", ""16"", ""17"", ""18"", ""19"", ""2"", ""20"", ""21"", ""22"", ""23"", ""24"", ""25"", ""26"", ""27"", ""28"", ""29"", ""3"", ""30"", ""31"", ""32"", ""33"", ""34"", ""35"", ""36"", ""37"", ""38"", ""4"", ""5"", ""6"", ""7"", ""8"", ""9""]}",
sig,6,11,41,"flx::floatx<11, 41>",39,0,20.707965,ok,"{""flx::floatx<11, 41>"": [""0"", ""1"", ""10"", ""11"", ""12"", ""13"", ""14"", ""15"", ""16"", ""17"", ""18"", ""19"", ""2"", ""20"", ""21"", ""22"", ""23"", ""24"", ""25"", ""26"", ""27"", ""28"", ""29"", ""3"", ""30"", ""31"", ""32"", ""33"", ""34"", ""35"", ""36"", ""37"", ""38"", ""4"", ""5"", ""6"", ""7"", ""8"", ""9""]}",
sig,6,11,42,"flx::floatx<11, 42>",39,0,20.902335,ok,"{""flx::floatx<11, 42>"": [""0"", ""1"", ""10"", ""11"", ""12"", ""13"", ""14"", ""15"", ""16"", ""17"", ""18"", ""19"", ""2"", ""20"", ""21"", ""22"", ""23"", ""24"", ""25"", ""26"", ""27"", ""28"", ""29"", ""3"", ""30"", ""31"", ""32"", ""33"", ""34"", ""35"", ""36"", ""37"", ""38"", ""4"", ""5"", ""6"", ""7"", ""8"", ""9""]}",
sig,6,11,43,"flx::floatx<11, 43>",39,0,20.690427,ok,"{""flx::floatx<11, 43>"": [""0"", ""1"", ""10"", ""11"", ""12"", ""13"", ""14"", ""15"", ""16"", ""17"", ""18"", ""19"", ""2"", ""20"", ""21"", ""22"", ""23"", ""24"", ""25"", ""26"", ""27"", ""28"", ""29"", ""3"", ""30"", ""31"", ""32"", ""33"", ""34"", ""35"", ""36"", ""37"", ""38"", ""4"", ""5"", ""6"", ""7"", ""8"", ""9""]}",
sig,6,11,44,"flx::floatx<11, 44>",39,0,20.601951,ok,"{""flx::floatx<11, 44>"": [""0"", ""1"", ""10"", ""11"", ""12"", ""13"", ""14"", ""15"", ""16"", ""17"", ""18"", ""19"", ""2"", ""20"", ""21"", ""22"", ""23"", ""24"", ""25"", ""26"", ""27"", ""28"", ""29"", ""3"", ""30"", ""31"", ""32"", ""33"", ""34"", ""35"", ""36"", ""37"", ""38"", ""4"", ""5"", ""6"", ""7"", ""8"", ""9""]}",
sig,6,11,45,"flx::floatx<11, 45>",39,0,20.548651,ok,"{""flx::floatx<11, 45>"": [""0"", ""1"", ""10"", ""11"", ""12"", ""13"", ""14"", ""15"", ""16"", ""17"", ""18"", ""19"", ""2"", ""20"", ""21"", ""22"", ""23"", ""24"", ""25"", ""26"", ""27"", ""28"", ""29"", ""3"", ""30"", ""31"", ""32"", ""33"", ""34"", ""35"", ""36"", ""37"", ""38"", ""4"", ""5"", ""6"", ""7"", ""8"", ""9""]}",
sig,6,11,46,"flx::floatx<11, 46>",39,0,20.674980,ok,"{""flx::floatx<11, 46>"": [""0"", ""1"", ""10"", ""11"", ""12"", ""13"", ""14"", ""15"", ""16"", ""17"", ""18"", ""19"", ""2"", ""20"", ""21"", ""22"", ""23"", ""24"", ""25"", ""26"", ""27"", ""28"", ""29"", ""3"", ""30"", ""31"", ""32"", ""33"", ""34"", ""35"", ""36"", ""37"", ""38"", ""4"", ""5"", ""6"", ""7"", ""8"", ""9""]}",
sig,6,11,47,"flx::floatx<11, 47>",39,0,20.880946,ok,"{""flx::floatx<11, 47>"": [""0"", ""1"", ""10"", ""11"", ""12"", ""13"", ""14"", ""15"", ""16"", ""17"", ""18"", ""19"", ""2"", ""20"", ""21"", ""22"", ""23"", ""24"", ""25"", ""26"", ""27"", ""28"", ""29"", ""3"", ""30"", ""31"", ""32"", ""33"", ""34"", ""35"", ""36"", ""37"", ""38"", ""4"", ""5"", ""6"", ""7"", ""8"", ""9""]}",
sig,6,11,48,"flx::floatx<11, 48>",39,0,20.837416,ok,"{""flx::floatx<11, 48>"": [""0"", ""1"", ""10"", ""11"", ""12"", ""13"", ""14"", ""15"", ""16"", ""17"", ""18"", ""19"", ""2"", ""20"", ""21"", ""22"", ""23"", ""24"", ""25"", ""26"", ""27"", ""28"", ""29"", ""3"", ""30"", ""31"", ""32"", ""33"", ""34"", ""35"", ""36"", ""37"", ""38"", ""4"", ""5"", ""6"", ""7"", ""8"", ""9""]}",
sig,6,11,49,"flx::floatx<11, 49>",39,0,20.720692,ok,"{""flx::floatx<11, 49>"": [""0"", ""1"", ""10"", ""11"", ""12"", ""13"", ""14"", ""15"", ""16"", ""17"", ""18"", ""19"", ""2"", ""20"", ""21"", ""22"", ""23"", ""24"", ""25"", ""26"", ""27"", ""28"", ""29"", ""3"", ""30"", ""31"", ""32"", ""33"", ""34"", ""35"", ""36"", ""37"", ""38"", ""4"", ""5"", ""6"", ""7"", ""8"", ""9""]}",
sig,6,11,50,"flx::floatx<11, 50>",39,0,21.253670,ok,"{""flx::floatx<11, 50>"": [""0"", ""1"", ""10"", ""11"", ""12"", ""13"", ""14"", ""15"", ""16"", ""17"", ""18"", ""19"", ""2"", ""20"", ""21"", ""22"", ""23"", ""24"", ""25"", ""26"", ""27"", ""28"", ""29"", ""3"", ""30"", ""31"", ""32"", ""33"", ""34"", ""35"", ""36"", ""37"", ""38"", ""4"", ""5"", ""6"", ""7"", ""8"", ""9""]}",
sig,6,11,51,"flx::floatx<11, 51>",39,0,21.388876,ok,"{""flx::floatx<11, 51>"": [""0"", ""1"", ""10"", ""11"", ""12"", ""13"", ""14"", ""15"", ""16"", ""17"", ""18"", ""19"", ""2"", ""20"", ""21"", ""22"", ""23"", ""24"", ""25"", ""26"", ""27"", ""28"", ""29"", ""3"", ""30"", ""31"", ""32"", ""33"", ""34"", ""35"", ""36"", ""37"", ""38"", ""4"", ""5"", ""6"", ""7"", ""8"", ""9""]}",
sig,6,11,52,"flx::floatx<11, 52>",39,0,14.297672,ok,"{""flx::floatx<11, 52>"": [""0"", ""1"", ""10"", ""11"", ""12"", ""13"", ""14"", ""15"", ""16"", ""17"", ""18"", ""19"", ""2"", ""20"", ""21"", ""22"", ""23"", ""24"", ""25"", ""26"", ""27"", ""28"", ""29"", ""3"", ""30"", ""31"", ""32"", ""33"", ""34"", ""35"", ""36"", ""37"", ""38"", ""4"", ""5"", ""6"", ""7"", ""8"", ""9""]}",
exp,6,1,52,"flx::floatx<1, 52>",23,16,107.210746,ok,"{""double"": [""18"", ""19"", ""20"", ""21"", ""22"", ""23"", ""24"", ""25"", ""26"", ""27"", ""29"", ""30"", ""31"", ""32"", ""33"", ""34""], ""flx::floatx<1, 52>"": [""0"", ""1"", ""10"", ""11"", ""12"", ""13"", ""14"", ""15"", ""16"", ""17"", ""2"", ""28"", ""3"", ""35"", ""36"", ""37"", ""38"", ""4"", ""5"", ""6"", ""7"", ""8"", ""9""]}",
exp,6,2,52,"flx::floatx<2, 52>",23,16,107.897215,ok,"{""double"": [""18"", ""19"", ""20"", ""21"", ""22"", ""23"", ""24"", ""25"", ""26"", ""27"", ""29"", ""30"", ""31"", ""32"", ""33"", ""34""], ""flx::floatx<2, 52>"": [""0"", ""1"", ""10"", ""11"", ""12"", ""13"", ""14"", ""15"", ""16"", ""17"", ""2"", ""28"", ""3"", ""35"", ""36"", ""37"", ""38"", ""4"", ""5"", ""6"", ""7"", ""8"", ""9""]}",
exp,6,3,52,"flx::floatx<3, 52>",23,16,111.525795,ok,"{""double"": [""18"", ""19"", ""20"", ""21"", ""22"", ""23"", ""24"", ""25"", ""26"", ""27"", ""29"", ""30"", ""31"", ""32"", ""33"", ""34""], ""flx::floatx<3, 52>"": [""0"", ""1"", ""10"", ""11"", ""12"", ""13"", ""14"", ""15"", ""16"", ""17"", ""2"", ""28"", ""3"", ""35"", ""36"", ""37"", ""38"", ""4"", ""5"", ""6"", ""7"", ""8"", ""9""]}",
exp,6,4,52,"flx::floatx<4, 52>",23,16,111.920385,ok,"{""double"": [""18"", ""19"", ""20"", ""21"", ""22"", ""23"", ""24"", ""25"", ""26"", ""27"", ""29"", ""30"", ""31"", ""32"", ""33"", ""34""], ""flx::floatx<4, 52>"": [""0"", ""1"", ""10"", ""11"", ""12"", ""13"", ""14"", ""15"", ""16"", ""17"", ""2"", ""28"", ""3"", ""35"", ""36"", ""37"", ""38"", ""4"", ""5"", ""6"", ""7"", ""8"", ""9""]}",
exp,6,5,52,"flx::floatx<5, 52>",39,0,14.639979,ok,"{""flx::floatx<5, 52>"": [""0"", ""1"", ""10"", ""11"", ""12"", ""13"", ""14"", ""15"", ""16"", ""17"", ""18"", ""19"", ""2"", ""20"", ""21"", ""22"", ""23"", ""24"", ""25"", ""26"", ""27"", ""28"", ""29"", ""3"", ""30"", ""31"", ""32"", ""33"", ""34"", ""35"", ""36"", ""37"", ""38"", ""4"", ""5"", ""6"", ""7"", ""8"", ""9""]}",
exp,6,6,52,"flx::floatx<6, 52>",39,0,14.613611,ok,"{""flx::floatx<6, 52>"": [""0"", ""1"", ""10"", ""11"", ""12"", ""13"", ""14"", ""15"", ""16"", ""17"", ""18"", ""19"", ""2"", ""20"", ""21"", ""22"", ""23"", ""24"", ""25"", ""26"", ""27"", ""28"", ""29"", ""3"", ""30"", ""31"", ""32"", ""33"", ""34"", ""35"", ""36"", ""37"", ""38"", ""4"", ""5"", ""6"", ""7"", ""8"", ""9""]}",
exp,6,7,52,"flx::floatx<7, 52>",39,0,14.765711,ok,"{""flx::floatx<7, 52>"": [""0"", ""1"", ""10"", ""11"", ""12"", ""13"", ""14"", ""15"", ""16"", ""17"", ""18"", ""19"", ""2"", ""20"", ""21"", ""22"", ""23"", ""24"", ""25"", ""26"", ""27"", ""28"", ""29"", ""3"", ""30"", ""31"", ""32"", ""33"", ""34"", ""35"", ""36"", ""37"", ""38"", ""4"", ""5"", ""6"", ""7"", ""8"", ""9""]}",
exp,6,8,52,"flx::floatx<8, 52>",39,0,14.860047,ok,"{""flx::floatx<8, 52>"": [""0"", ""1"", ""10"", ""11"", ""12"", ""13"", ""14"", ""15"", ""16"", ""17"", ""18"", ""19"", ""2"", ""20"", ""21"", ""22"", ""23"", ""24"", ""25"", ""26"", ""27"", ""28"", ""29"", ""3"", ""30"", ""31"", ""32"", ""33"", ""34"", ""35"", ""36"", ""37"", ""38"", ""4"", ""5"", ""6"", ""7"", ""8"", ""9""]}",
exp,6,9,52,"flx::floatx<9, 52>",39,0,14.686221,ok,"{""flx::floatx<9, 52>"": [""0"", ""1"", ""10"", ""11"", ""12"", ""13"", ""14"", ""15"", ""16"", ""17"", ""18"", ""19"", ""2"", ""20"", ""21"", ""22"", ""23"", ""24"", ""25"", ""26"", ""27"", ""28"", ""29"", ""3"", ""30"", ""31"", ""32"", ""33"", ""34"", ""35"", ""36"", ""37"", ""38"", ""4"", ""5"", ""6"", ""7"", ""8"", ""9""]}",
exp,6,10,52,"flx::floatx<10, 52>",39,0,14.706354,ok,"{""flx::floatx<10, 52>"": [""0"", ""1"", ""10"", ""11"", ""12"", ""13"", ""14"", ""15"", ""16"", ""17"", ""18"", ""19"", ""2"", ""20"", ""21"", ""22"", ""23"", ""24"", ""25"", ""26"", ""27"", ""28"", ""29"", ""3"", ""30"", ""31"", ""32"", ""33"", ""34"", ""35"", ""36"", ""37"", ""38"", ""4"", ""5"", ""6"", ""7"", ""8"", ""9""]}",
exp,6,11,52,"flx::floatx<11, 52>",39,0,14.585001,ok,"{""flx::floatx<11, 52>"": [""0"", ""1"", ""10"", ""11"", ""12"", ""13"", ""14"", ""15"", ""16"", ""17"", ""18"", ""19"", ""2"", ""20"", ""21"", ""22"", ""23"", ""24"", ""25"", ""26"", ""27"", ""28"", ""29"", ""3"", ""30"", ""31"", ""32"", ""33"", ""34"", ""35"", ""36"", ""37"", ""38"", ""4"", ""5"", ""6"", ""7"", ""8"", ""9""]}",
sig,7,11,1,"flx::floatx<11, 1>",27,12,160.428414,ok,"{""double"": [""18"", ""19"", ""20"", ""21"", ""22"", ""23"", ""29"", ""30"", ""31"", ""32"", ""33"", ""34""], ""flx::floatx<11, 1>"": [""0"", ""1"", ""10"", ""11"", ""12"", ""13"", ""14"", ""15"", ""16"", ""17"", ""2"", ""24"", ""25"", ""26"", ""27"", ""28"", ""3"", ""35"", ""36"", ""37"", ""38"", ""4"", ""5"", ""6"", ""7"", ""8"", ""9""]}",
sig,7,11,2,"flx::floatx<11, 2>",27,12,171.741762,ok,"{""double"": [""18"", ""19"", ""20"", ""21"", ""22"", ""23"", ""29"", ""30"", ""31"", ""32"", ""33"", ""34""], ""flx::floatx<11, 2>"": [""0"", ""1"", ""10"", ""11"", ""12"", ""13"", ""14"", ""15"", ""16"", ""17"", ""2"", ""24"", ""25"", ""26"", ""27"", ""28"", ""3"", ""35"", ""36"", ""37"", ""38"", ""4"", ""5"", ""6"", ""7"", ""8"", ""9""]}",
sig,7,11,3,"flx::floatx<11, 3>",27,12,182.820964,ok,"{""double"": [""18"", ""19"", ""20"", ""21"", ""22"", ""23"", ""29"", ""30"", ""31"", ""32"", ""33"", ""34""], ""flx::floatx<11, 3>"": [""0"", ""1"", ""10"", ""11"", ""12"", ""13"", ""14"", ""15"", ""16"", ""17"", ""2"", ""24"", ""25"", ""26"", ""27"", ""28"", ""3"", ""35"", ""36"", ""37"", ""38"", ""4"", ""5"", ""6"", ""7"", ""8"", ""9""]}",
sig,7,11,4,"flx::floatx<11, 4>",27,12,194.387222,ok,"{""double"": [""18"", ""19"", ""20"", ""21"", ""22"", ""23"", ""29"", ""30"", ""31"", ""32"", ""33"", ""34""], ""flx::floatx<11, 4>"": [""0"", ""1"", ""10"", ""11"", ""12"", ""13"", ""14"", ""15"", ""16"", ""17"", ""2"", ""24"", ""25"", ""26"", ""27"", ""28"", ""3"", ""35"", ""36"", ""37"", ""38"", ""4"", ""5"", ""6"", ""7"", ""8"", ""9""]}",
sig,7,11,5,"flx::floatx<11, 5>",27,12,194.525449,ok,"{""double"": [""18"", ""19"", ""20"", ""21"", ""22"", ""23"", ""29"", ""30"", ""31"", ""32"", ""33"", ""34""], ""flx::floatx<11, 5>"": [""0"", ""1"", ""10"", ""11"", ""12"", ""13"", ""14"", ""15"", ""16"", ""17"", ""2"", ""24"", ""25"", ""26"", ""27"", ""28"", ""3"", ""35"", ""36"", ""37"", ""38"", ""4"", ""5"", ""6"", ""7"", ""8"", ""9""]}",
sig,7,11,6,"flx::floatx<11, 6>",27,12,194.865010,ok,"{""double"": [""18"", ""19"", ""20"", ""21"", ""22"", ""23"", ""29"", ""30"", ""31"", ""32"", ""33"", ""34""], ""flx::floatx<11, 6>"": [""0"", ""1"", ""10"", ""11"", ""12"", ""13"", ""14"", ""15"", ""16"", ""17"", ""2"", ""24"", ""25"", ""26"", ""27"", ""28"", ""3"", ""35"", ""36"", ""37"", ""38"", ""4"", ""5"", ""6"", ""7"", ""8"", ""9""]}",
sig,7,11,7,"flx::floatx<11, 7>",27,12,197.119343,ok,"{""double"": [""18"", ""19"", ""20"", ""21"", ""22"", ""23"", ""29"", ""30"", ""31"", ""32"", ""33"", ""34""], ""flx::floatx<11, 7>"": [""0"", ""1"", ""10"", ""11"", ""12"", ""13"", ""14"", ""15"", ""16"", ""17"", ""2"", ""24"", ""25"", ""26"", ""27"", ""28"", ""3"", ""35"", ""36"", ""37"", ""38"", ""4"", ""5"", ""6"", ""7"", ""8"", ""9""]}",
sig,7,11,8,"flx::floatx<11, 8>",27,12,196.591587,ok,"{""double"": [""18"", ""19"", ""20"", ""21"", ""22"", ""23"", ""29"", ""30"", ""31"", ""32"", ""33"", ""34""], ""flx::floatx<11, 8>"": [""0"", ""1"", ""10"", ""11"", ""12"", ""13"", ""14"", ""15"", ""16"", ""17"", ""2"", ""24"", ""25"", ""26"", ""27"", ""28"", ""3"", ""35"", ""36"", ""37"", ""38"", ""4"", ""5"", ""6"", ""7"", ""8"", ""9""]}",
sig,7,11,9,"flx::floatx<11, 9>",27,12,196.979641,ok,"{""double"": [""18"", ""19"", ""20"", ""21"", ""22"", ""23"", ""29"", ""30"", ""31"", ""32"", ""33"", ""34""], ""flx::floatx<11, 9>"": [""0"", ""1"", ""10"", ""11"", ""12"", ""13"", ""14"", ""15"", ""16"", ""17"", ""2"", ""24"", ""25"", ""26"", ""27"", ""28"", ""3"", ""35"", ""36"", ""37"", ""38"", ""4"", ""5"", ""6"", ""7"", ""8"", ""9""]}",
sig,7,11,10,"flx::floatx<11, 10>",27,12,196.914283,ok,"{""double"": [""18"", ""19"", ""20"", ""21"", ""22"", ""23"", ""29"", ""30"", ""31"", ""32"", ""33"", ""34""], ""flx::floatx<11, 10>"": [""0"", ""1"", ""10"", ""11"", ""12"", ""13"", ""14"", ""15"", ""16"", ""17"", ""2"", ""24"", ""25"", ""26"", ""27"", ""28"", ""3"", ""35"", ""36"", ""37"", ""38"", ""4"", ""5"", ""6"", ""7"", ""8"", ""9""]}",
sig,7,11,11,"flx::floatx<11, 11>",27,12,197.146883,ok,"{""double"": [""18"", ""19"", ""20"", ""21"", ""22"", ""23"", ""29"", ""30"", ""31"", ""32"", ""33"", ""34""], ""flx::floatx<11, 11>"": [""0"", ""1"", ""10"", ""11"", ""12"", ""13"", ""14"", ""15"", ""16"", ""17"", ""2"", ""24"", ""25"", ""26"", ""27"", ""28"", ""3"", ""35"", ""36"", ""37"", ""38"", ""4"", ""5"", ""6"", ""7"", ""8"", ""9""]}",
sig,7,11,12,"flx::floatx<11, 12>",27,12,196.097496,ok,"{""double"": [""18"", ""19"", ""20"", ""21"", ""22"", ""23"", ""29"", ""30"", ""31"", ""32"", ""33"", ""34""], ""flx::floatx<11, 12>"": [""0"", ""1"", ""10"", ""11"", ""12"", ""13"", ""14"", ""15"", ""16"", ""17"", ""2"", ""24"", ""25"", ""26"", ""27"", ""28"", ""3"", ""35"", ""36"", ""37"", ""38"", ""4"", ""5"", ""6"", ""7"", ""8"", ""9""]}",
sig,7,11,13,"flx::floatx<11, 13>",27,12,196.405688,ok,"{""double"": [""18"", ""19"", ""20"", ""21"", ""22"", ""23"", ""29"", ""30"", ""31"", ""32"", ""33"", ""34""], ""flx::floatx<11, 13>"": [""0"", ""1"", ""10"", ""11"", ""12"", ""13"", ""14"", ""15"", ""16"", ""17"", ""2"", ""24"", ""25"", ""26"", ""27"", ""28"", ""3"", ""35"", ""36"", ""37"", ""38"", ""4"", ""5"", ""6"", ""7"", ""8"", ""9""]}",
sig,7,11,14,"flx::floatx<11, 14>",27,12,196.470359,ok,"{""double"": [""18"", ""19"", ""20"", ""21"", ""22"", ""23"", ""29"", ""30"", ""31"", ""32"", ""33"", ""34""], ""flx::floatx<11, 14>"": [""0"", ""1"", ""10"", ""11"", ""12"", ""13"", ""14"", ""15"", ""16"", ""17"", ""2"", ""24"", ""25"", ""26"", ""27"", ""28"", ""3"", ""35"", ""36"", ""37"", ""38"", ""4"", ""5"", ""6"", ""7"", ""8"", ""9""]}",
sig,7,11,15,"flx::floatx<11, 15>",27,12,196.718657,ok,"{""double"": [""18"", ""19"", ""20"", ""21"", ""22"", ""23"", ""29"", ""30"", ""31"", ""32"", ""33"", ""34""], ""flx::floatx<11, 15>"": [""0"", ""1"", ""10"", ""11"", ""12"", ""13"", ""14"", ""15"", ""16"", ""17"", ""2"", ""24"", ""25"", ""26"", ""27"", ""28"", ""3"", ""35"", ""36"", ""37"", ""38"", ""4"", ""5"", ""6"", ""7"", ""8"", ""9""]}",
sig,7,11,16,"flx::floatx<11, 16>",27,12,196.830714,ok,"{""double"": [""18"", ""19"", ""20"", ""21"", ""22"", ""23"", ""29"", ""30"", ""31"", ""32"", ""33"", ""34""], ""flx::floatx<11, 16>"": [""0"", ""1"", ""10"", ""11"", ""12"", ""13"", ""14"", ""15"", ""16"", ""17"", ""2"", ""24"", ""25"", ""26"", ""27"", ""28"", ""3"", ""35"", ""36"", ""37"", ""38"", ""4"", ""5"", ""6"", ""7"", ""8"", ""9""]}",
sig,7,11,17,"flx::floatx<11, 17>",27,12,196.887929,ok,"{""double"": [""18"", ""19"", ""20"", ""21"", ""22"", ""23"", ""29"", ""30"", ""31"", ""32"", ""33"", ""34""], ""flx::floatx<11, 17>"": [""0"", ""1"", ""10"", ""11"", ""12"", ""13"", ""14"", ""15"", ""16"", ""17"", ""2"", ""24"", ""25"", ""26"", ""27"", ""28"", ""3"", ""35"", ""36"", ""37"", ""38"", ""4"", ""5"", ""6"", ""7"", ""8"", ""9""]}",
sig,7,11,18,"flx::floatx<11, 18>",27,12,196.408913,ok,"{""double"": [""18"", ""19"", ""20"", ""21"", ""22"", ""23"", ""29"", ""30"", ""31"", ""32"", ""33"", ""34""], ""flx::floatx<11, 18>"": [""0"", ""1"", ""10"", ""11"", ""12"", ""13"", ""14"", ""15"", ""16"", ""17"", ""2"", ""24"", ""25"", ""26"", ""27"", ""28"", ""3"", ""35"", ""36"", ""37"", ""38"", ""4"", ""5"", ""6"", ""7"", ""8"", ""9""]}",
sig,7,11,19,"flx::floatx<11, 19>",27,12,196.517264,ok,"{""double"": [""18"", ""19"", ""20"", ""21"", ""22"", ""23"", ""29"", ""30"", ""31"", ""32"", ""33"", ""34""], ""flx::floatx<11, 19>"": [""0"", ""1"", ""10"", ""11"", ""12"", ""13"", ""14"", ""15"", ""16"", ""17"", ""2"", ""24"", ""25"", ""26"", ""27"", ""28"", ""3"", ""35"", ""36"", ""37"", ""38"", ""4"", ""5"", ""6"", ""7"", ""8"", ""9""]}",
sig,7,11,20,"flx::floatx<11, 20>",27,12,197.156719,ok,"{""double"": [""18"", ""19"", ""20"", ""21"", ""22"", ""23"", ""29"", ""30"", ""31"", ""32"", ""33"", ""34""], ""flx::floatx<11, 20>"": [""0"", ""1"", ""10"", ""11"", ""12"", ""13"", ""14"", ""15"", ""16"", ""17"", ""2"", ""24"", ""25"", ""26"", ""27"", ""28"", ""3"", ""35"", ""36"", ""37"", ""38"", ""4"", ""5"", ""6"", ""7"", ""8"", ""9""]}",
sig,7,11,21,"flx::floatx<11, 21>",27,12,194.579610,ok,"{""double"": [""18"", ""19"", ""20"", ""21"", ""22"", ""23"", ""29"", ""30"", ""31"", ""32"", ""33"", ""34""], ""flx::floatx<11, 21>"": [""0"", ""1"", ""10"", ""11"", ""12"", ""13"", ""14"", ""15"", ""16"", ""17"", ""2"", ""24"", ""25"", ""26"", ""27"", ""28"", ""3"", ""35"", ""36"", ""37"", ""38"", ""4"", ""5"", ""6"", ""7"", ""8"", ""9""]}",
sig,7,11,22,"flx::floatx<11, 22>",27,12,193.435763,ok,"{""double"": [""18"", ""19"", ""20"", ""21"", ""22"", ""23"", ""29"", ""30"", ""31"", ""32"", ""33"", ""34""], ""flx::floatx<11, 22>"": [""0"", ""1"", ""10"", ""11"", ""12"", ""13"", ""14"", ""15"", ""16"", ""17"", ""2"", ""24"", ""25"", ""26"", ""27"", ""28"", ""3"", ""35"", ""36"", ""37"", ""38"", ""4"", ""5"", ""6"", ""7"", ""8"", ""9""]}",
sig,7,11,23,"flx::floatx<11, 23>",27,12,193.464813,ok,"{""double"": [""18"", ""19"", ""20"", ""21"", ""22"", ""23"", ""29"", ""30"", ""31"", ""32"", ""33"", ""34""], ""flx::floatx<11, 23>"": [""0"", ""1"", ""10"", ""11"", ""12"", ""13"", ""14"", ""15"", ""16"", ""17"", ""2"", ""24"", ""25"", ""26"", ""27"", ""28"", ""3"", ""35"", ""36"", ""37"", ""38"", ""4"", ""5"", ""6"", ""7"", ""8"", ""9""]}",
sig,7,11,24,"flx::floatx<11, 24>",27,12,192.950456,ok,"{""double"": [""18"", ""19"", ""20"", ""21"", ""22"", ""23"", ""29"", ""30"", ""31"", ""32"", ""33"", ""34""], ""flx::floatx<11, 24>"": [""0"", ""1"", ""10"", ""11"", ""12"", ""13"", ""14"", ""15"", ""16"", ""17"", ""2"", ""24"", ""25"", ""26"", ""27"", ""28"", ""3"", ""35"", ""36"", ""37"", ""38"", ""4"", ""5"", ""6"", ""7"", ""8"", ""9""]}",
sig,7,11,25,"flx::floatx<11, 25>",27,12,193.014024,ok,"{""double"": [""18"", ""19"", ""20"", ""21"", ""22"", ""23"", ""29"", ""30"", ""31"", ""32"", ""33"", ""34""], ""flx::floatx<11, 25>"": [""0"", ""1"", ""10"", ""11"", ""12"", ""13"", ""14"", ""15"", ""16"", ""17"", ""2"", ""24"", ""25"", ""26"", ""27"", ""28"", ""3"", ""35"", ""36"", ""37"", ""38"", ""4"", ""5"", ""6"", ""7"", ""8"", ""9""]}",
sig,7,11,26,"flx::floatx<11, 26>",27,12,193.436073,ok,"{""double"": [""18"", ""19"", ""20"", ""21"", ""22"", ""23"", ""29"", ""30"", ""31"", ""32"", ""33"", ""34""], ""flx::floatx<11, 26>"": [""0"", ""1"", ""10"", ""11"", ""12"", ""13"", ""14"", ""15"", ""16"", ""17"", ""2"", ""24"", ""25"", ""26"", ""27"", ""28"", ""3"", ""35"", ""36"", ""37"", ""38"", ""4"", ""5"", ""6"", ""7"", ""8"", ""9""]}",
sig,7,11,27,"flx::floatx<11, 27>",27,12,192.992635,ok,"{""double"": [""18"", ""19"", ""20"", ""21"", ""22"", ""23"", ""29"", ""30"", ""31"", ""32"", ""33"", ""34""], ""flx::floatx<11, 27>"": [""0"", ""1"", ""10"", ""11"", ""12"", ""13"", ""14"", ""15"", ""16"", ""17"", ""2"", ""24"", ""25"", ""26"", ""27"", ""28"", ""3"", ""35"", ""36"", ""37"", ""38"", ""4"", ""5"", ""6"", ""7"", ""8"", ""9""]}",
sig,7,11,28,"flx::floatx<11, 28>",27,12,193.270002,ok,"{""double"": [""18"", ""19"", ""20"", ""21"", ""22"", ""23"", ""29"", ""30"", ""31"", ""32"", ""33"", ""34""], ""flx::floatx<11, 28>"": [""0"", ""1"", ""10"", ""11"", ""12"", ""13"", ""14"", ""15"", ""16"", ""17"", ""2"", ""24"", ""25"", ""26"", ""27"", ""28"", ""3"", ""35"", ""36"", ""37"", ""38"", ""4"", ""5"", ""6"", ""7"", ""8"", ""9""]}",
sig,7,11,29,"flx::floatx<11, 29>",27,12,193.379469,ok,"{""double"": [""18"", ""19"", ""20"", ""21"", ""22"", ""23"", ""29"", ""30"", ""31"", ""32"", ""33"", ""34""], ""flx::floatx<11, 29>"": [""0"", ""1"", ""10"", ""11"", ""12"", ""13"", ""14"", ""15"", ""16"", ""17"", ""2"", ""24"", ""25"", ""26"", ""27"", ""28"", ""3"", ""35"", ""36"", ""37"", ""38"", ""4"", ""5"", ""6"", ""7"", ""8"", ""9""]}",
sig,7,11,30,"flx::floatx<11, 30>",27,12,192.957623,ok,"{""double"": [""18"", ""19"", ""20"", ""21"", ""22"", ""23"", ""29"", ""30"", ""31"", ""32"", ""33"", ""34""], ""flx::floatx<11, 30>"": [""0"", ""1"", ""10"", ""11"", ""12"", ""13"", ""14"", ""15"", ""16"", ""17"", ""2"", ""24"", ""25"", ""26"", ""27"", ""28"", ""3"", ""35"", ""36"", ""37"", ""38"", ""4"", ""5"", ""6"", ""7"", ""8"", ""9""]}",
sig,7,11,31,"flx::floatx<11, 31>",27,12,193.346956,ok,"{""double"": [""18"", ""19"", ""20"", ""21"", ""22"", ""23"", ""29"", ""30"", ""31"", ""32"", ""33"", ""34""], ""flx::floatx<11, 31>"": [""0"", ""1"", ""10"", ""11"", ""12"", ""13"", ""14"", ""15"", ""16"", ""17"", ""2"", ""24"", ""25"", ""26"", ""27"", ""28"", ""3"", ""35"", ""36"", ""37"", ""38"", ""4"", ""5"", ""6"", ""7"", ""8"", ""9""]}",
sig,7,11,32,"flx::floatx<11, 32>",27,12,190.663235,ok,"{""double"": [""18"", ""19"", ""20"", ""21"", ""22"", ""23"", ""29"", ""30"", ""31"", ""32"", ""33"", ""34""], ""flx::floatx<11, 32>"": [""0"", ""1"", ""10"", ""11"", ""12"", ""13"", ""14"", ""15"", ""16"", ""17"", ""2"", ""24"", ""25"", ""26"", ""27"", ""28"", ""3"", ""35"", ""36"", ""37"", ""38"", ""4"", ""5"", ""6"", ""7"", ""8"", ""9""]}",
sig,7,11,33,"flx::floatx<11, 33>",27,12,191.494527,ok,"{""double"": [""18"", ""19"", ""20"", ""21"", ""22"", ""23"", ""29"", ""30"", ""31"", ""32"", ""33"", ""34""], ""flx::floatx<11, 33>"": [""0"", ""1"", ""10"", ""11"", ""12"", ""13"", ""14"", ""15"", ""16"", ""17"", ""2"", ""24"", ""25"", ""26"", ""27"", ""28"", ""3"", ""35"", ""36"", ""37"", ""38"", ""4"", ""5"", ""6"", ""7"", ""8"", ""9""]}",
sig,7,11,34,"flx::floatx<11, 34>",27,12,191.574596,ok,"{""double"": [""18"", ""19"", ""20"", ""21"", ""22"", ""23"", ""29"", ""30"", ""31"", ""32"", ""33"", ""34""], ""flx::floatx<11, 34>"": [""0"", ""1"", ""10"", ""11"", ""12"", ""13"", ""14"", ""15"", ""16"", ""17"", ""2"", ""24"", ""25"", ""26"", ""27"", ""28"", ""3"", ""35"", ""36"", ""37"", ""38"", ""4"", ""5"", ""6"", ""7"", ""8"", ""9""]}",
sig,7,11,35,"flx::floatx<11, 35>",27,12,190.607042,ok,"{""double"": [""18"", ""19"", ""20"", ""21"", ""22"", ""23"", ""29"", ""30"", ""31"", ""32"", ""33"", ""34""], ""flx::floatx<11, 35>"": [""0"", ""1"", ""10"", ""11"", ""12"", ""13"", ""14"", ""15"", ""16"", ""17"", ""2"", ""24"", ""25"", ""26"", ""27"", ""28"", ""3"", ""35"", ""36"", ""37"", ""38"", ""4"", ""5"", ""6"", ""7"", ""8"", ""9""]}",
sig,7,11,36,"flx::floatx<11, 36>",31,8,174.706899,ok,"{""double"": [""18"", ""19"", ""20"", ""21"", ""22"", ""23"", ""33"", ""34""], ""flx::floatx<11, 36>"": [""0"", ""1"", ""10"", ""11"", ""12"", ""13"", ""14"", ""15"", ""16"", ""17"", ""2"", ""24"", ""25"", ""26"", ""27"", ""28"", ""29"", ""3"", ""30"", ""31"", ""32"", ""35"", ""36"", ""37"", ""38"", ""4"", ""5"", ""6"", ""7"", ""8"", ""9""]}",
sig,7,11,37,"flx::floatx<11, 37>",39,0,20.719238,ok,"{""flx::floatx<11, 37>"": [""0"", ""1"", ""10"", ""11"", ""12"", ""13"", ""14"", ""15"", ""16"", ""17"", ""18"", ""19"", ""2"", ""20"", ""21"", ""22"", ""23"", ""24"", ""25"", ""26"", ""27"", ""28"", ""29"", ""3"", ""30"", ""31"", ""32"", ""33"", ""34"", ""35"", ""36"", ""37"", ""38"", ""4"", ""5"", ""6"", ""7"", ""8"", ""9""]}",
sig,7,11,38,"flx::floatx<11, 38>",39,0,20.568353,ok,"{""flx::floatx<11, 38>"": [""0"", ""1"", ""10"", ""11"", ""12"", ""13"", ""14"", ""15"", ""16"", ""17"", ""18"", ""19"", ""2"", ""20"", ""21"", ""22"", ""23"", ""24"", ""25"", ""26"", ""27"", ""28"", ""29"", ""3"", ""30"", ""31"", ""32"", ""33"", ""34"", ""35"", ""36"", ""37"", ""38"", ""4"", ""5"", ""6"", ""7"", ""8"", ""9""]}",
sig,7,11,39,"flx::floatx<11, 39>",39,0,20.714758,ok,"{""flx::floatx<11, 39>"": [""0"", ""1"", ""10"", ""11"", ""12"", ""13"", ""14"", ""15"", ""16"", ""17"", ""18"", ""19"", ""2"", ""20"", ""21"", ""22"", ""23"", ""24"", ""25"", ""26"", ""27"", ""28"", ""29"", ""3"", ""30"", ""31"", ""32"", ""33"", ""34"", ""35"", ""36"", ""37"", ""38"", ""4"", ""5"", ""6"", ""7"", ""8"", ""9""]}",
sig,7,11,40,"flx::floatx<11, 40>",39,0,20.629096,ok,"{""flx::floatx<11, 40>"": [""0"", ""1"", ""10"", ""11"", ""12"", ""13"", ""14"", ""15"", ""16"", ""17"", ""18"", ""19"", ""2"", ""20"", ""21"", ""22"", ""23"", ""24"", ""25"", ""26"", ""27"", ""28"", ""29"", ""3"", ""30"", ""31"", ""32"", ""33"", ""34"", ""35"", ""36"", ""37"", ""38"", ""4"", ""5"", ""6"", ""7"", ""8"", ""9""]}",
sig,7,11,41,"flx::floatx<11, 41>",39,0,20.660514,ok,"{""flx::floatx<11, 41>"": [""0"", ""1"", ""10"", ""11"", ""12"", ""13"", ""14"", ""15"", ""16"", ""17"", ""18"", ""19"", ""2"", ""20"", ""21"", ""22"", ""23"", ""24"", ""25"", ""26"", ""27"", ""28"", ""29"", ""3"", ""30"", ""31"", ""32"", ""33"", ""34"", ""35"", ""36"", ""37"", ""38"", ""4"", ""5"", ""6"", ""7"", ""8"", ""9""]}",
sig,7,11,42,"flx::floatx<11, 42>",39,0,20.680004,ok,"{""flx::floatx<11, 42>"": [""0"", ""1"", ""10"", ""11"", ""12"", ""13"", ""14"", ""15"", ""16"", ""17"", ""18"", ""19"", ""2"", ""20"", ""21"", ""22"", ""23"", ""24"", ""25"", ""26"", ""27"", ""28"", ""29"", ""3"", ""30"", ""31"", ""32"", ""33"", ""34"", ""35"", ""36"", ""37"", ""38"", ""4"", ""5"", ""6"", ""7"", ""8"", ""9""]}",
sig,7,11,43,"flx::floatx<11, 43>",39,0,20.635008,ok,"{""flx::floatx<11, 43>"": [""0"", ""1"", ""10"", ""11"", ""12"", ""13"", ""14"", ""15"", ""16"", ""17"", ""18"", ""19"", ""2"", ""20"", ""21"", ""22"", ""23"", ""24"", ""25"", ""26"", ""27"", ""28"", ""29"", ""3"", ""30"", ""31"", ""32"", ""33"", ""34"", ""35"", ""36"", ""37"", ""38"", ""4"", ""5"", ""6"", ""7"", ""8"", ""9""]}",
sig,7,11,44,"flx::floatx<11, 44>",39,0,20.334842,ok,"{""flx::floatx<11, 44>"": [""0"", ""1"", ""10"", ""11"", ""12"", ""13"", ""14"", ""15"", ""16"", ""17"", ""18"", ""19"", ""2"", ""20"", ""21"", ""22"", ""23"", ""24"", ""25"", ""26"", ""27"", ""28"", ""29"", ""3"", ""30"", ""31"", ""32"", ""33"", ""34"", ""35"", ""36"", ""37"", ""38"", ""4"", ""5"", ""6"", ""7"", ""8"", ""9""]}",
sig,7,11,45,"flx::floatx<11, 45>",39,0,20.380519,ok,"{""flx::floatx<11, 45>"": [""0"", ""1"", ""10"", ""11"", ""12"", ""13"", ""14"", ""15"", ""16"", ""17"", ""18"", ""19"", ""2"", ""20"", ""21"", ""22"", ""23"", ""24"", ""25"", ""26"", ""27"", ""28"", ""29"", ""3"", ""30"", ""31"", ""32"", ""33"", ""34"", ""35"", ""36"", ""37"", ""38"", ""4"", ""5"", ""6"", ""7"", ""8"", ""9""]}",
sig,7,11,46,"flx::floatx<11, 46>",39,0,20.522719,ok,"{""flx::floatx<11, 46>"": [""0"", ""1"", ""10"", ""11"", ""12"", ""13"", ""14"", ""15"", ""16"", ""17"", ""18"", ""19"", ""2"", ""20"", ""21"", ""22"", ""23"", ""24"", ""25"", ""26"", ""27"", ""28"", ""29"", ""3"", ""30"", ""31"", ""32"", ""33"", ""34"", ""35"", ""36"", ""37"", ""38"", ""4"", ""5"", ""6"", ""7"", ""8"", ""9""]}",
sig,7,11,47,"flx::floatx<11, 47>",39,0,20.458238,ok,"{""flx::floatx<11, 47>"": [""0"", ""1"", ""10"", ""11"", ""12"", ""13"", ""14"", ""15"", ""16"", ""17"", ""18"", ""19"", ""2"", ""20"", ""21"", ""22"", ""23"", ""24"", ""25"", ""26"", ""27"", ""28"", ""29"", ""3"", ""30"", ""31"", ""32"", ""33"", ""34"", ""35"", ""36"", ""37"", ""38"", ""4"", ""5"", ""6"", ""7"", ""8"", ""9""]}",
sig,7,11,48,"flx::floatx<11, 48>",39,0,20.728067,ok,"{""flx::floatx<11, 48>"": [""0"", ""1"", ""10"", ""11"", ""12"", ""13"", ""14"", ""15"", ""16"", ""17"", ""18"", ""19"", ""2"", ""20"", ""21"", ""22"", ""23"", ""24"", ""25"", ""26"", ""27"", ""28"", ""29"", ""3"", ""30"", ""31"", ""32"", ""33"", ""34"", ""35"", ""36"", ""37"", ""38"", ""4"", ""5"", ""6"", ""7"", ""8"", ""9""]}",
sig,7,11,49,"flx::floatx<11, 49>",39,0,20.809725,ok,"{""flx::floatx<11, 49>"": [""0"", ""1"", ""10"", ""11"", ""12"", ""13"", ""14"", ""15"", ""16"", ""17"", ""18"", ""19"", ""2"", ""20"", ""21"", ""22"", ""23"", ""24"", ""25"", ""26"", ""27"", ""28"", ""29"", ""3"", ""30"", ""31"", ""32"", ""33"", ""34"", ""35"", ""36"", ""37"", ""38"", ""4"", ""5"", ""6"", ""7"", ""8"", ""9""]}",
sig,7,11,50,"flx::floatx<11, 50>",39,0,21.013889,ok,"{""flx::floatx<11, 50>"": [""0"", ""1"", ""10"", ""11"", ""12"", ""13"", ""14"", ""15"", ""16"", ""17"", ""18"", ""19"", ""2"", ""20"", ""21"", ""22"", ""23"", ""24"", ""25"", ""26"", ""27"", ""28"", ""29"", ""3"", ""30"", ""31"", ""32"", ""33"", ""34"", ""35"", ""36"", ""37"", ""38"", ""4"", ""5"", ""6"", ""7"", ""8"", ""9""]}",
sig,7,11,51,"flx::floatx<11, 51>",39,0,21.230810,ok,"{""flx::floatx<11, 51>"": [""0"", ""1"", ""10"", ""11"", ""12"", ""13"", ""14"", ""15"", ""16"", ""17"", ""18"", ""19"", ""2"", ""20"", ""21"", ""22"", ""23"", ""24"", ""25"", ""26"", ""27"", ""28"", ""29"", ""3"", ""30"", ""31"", ""32"", ""33"", ""34"", ""35"", ""36"", ""37"", ""38"", ""4"", ""5"", ""6"", ""7"", ""8"", ""9""]}",
sig,7,11,52,"flx::floatx<11, 52>",39,0,14.251189,ok,"{""flx::floatx<11, 52>"": [""0"", ""1"", ""10"", ""11"", ""12"", ""13"", ""14"", ""15"", ""16"", ""17"", ""18"", ""19"", ""2"", ""20"", ""21"", ""22"", ""23"", ""24"", ""25"", ""26"", ""27"", ""28"", ""29"", ""3"", ""30"", ""31"", ""32"", ""33"", ""34"", ""35"", ""36"", ""37"", ""38"", ""4"", ""5"", ""6"", ""7"", ""8"", ""9""]}",
exp,7,1,52,"flx::floatx<1, 52>",23,16,105.021646,ok,"{""double"": [""18"", ""19"", ""20"", ""21"", ""22"", ""23"", ""24"", ""25"", ""26"", ""27"", ""29"", ""30"", ""31"", ""32"", ""33"", ""34""], ""flx::floatx<1, 52>"": [""0"", ""1"", ""10"", ""11"", ""12"", ""13"", ""14"", ""15"", ""16"", ""17"", ""2"", ""28"", ""3"", ""35"", ""36"", ""37"", ""38"", ""4"", ""5"", ""6"", ""7"", ""8"", ""9""]}",
exp,7,2,52,"flx::floatx<2, 52>",23,16,104.140711,ok,"{""double"": [""18"", ""19"", ""20"", ""21"", ""22"", ""23"", ""24"", ""25"", ""26"", ""27"", ""29"", ""30"", ""31"", ""32"", ""33"", ""34""], ""flx::floatx<2, 52>"": [""0"", ""1"", ""10"", ""11"", ""12"", ""13"", ""14"", ""15"", ""16"", ""17"", ""2"", ""28"", ""3"", ""35"", ""36"", ""37"", ""38"", ""4"", ""5"", ""6"", ""7"", ""8"", ""9""]}",
exp,7,3,52,"flx::floatx<3, 52>",23,16,108.795248,ok,"{""double"": [""18"", ""19"", ""20"", ""21"", ""22"", ""23"", ""24"", ""25"", ""26"", ""27"", ""29"", ""30"", ""31"", ""32"", ""33"", ""34""], ""flx::floatx<3, 52>"": [""0"", ""1"", ""10"", ""11"", ""12"", ""13"", ""14"", ""15"", ""16"", ""17"", ""2"", ""28"", ""3"", ""35"", ""36"", ""37"", ""38"", ""4"", ""5"", ""6"", ""7"", ""8"", ""9""]}",
exp,7,4,52,"flx::floatx<4, 52>",23,16,110.057268,ok,"{""double"": [""18"", ""19"", ""20"", ""21"", ""22"", ""23"", ""24"", ""25"", ""26"", ""27"", ""29"", ""30"", ""31"", ""32"", ""33"", ""34""], ""flx::floatx<4, 52>"": [""0"", ""1"", ""10"", ""11"", ""12"", ""13"", ""14"", ""15"", ""16"", ""17"", ""2"", ""28"", ""3"", ""35"", ""36"", ""37"", ""38"", ""4"", ""5"", ""6"", ""7"", ""8"", ""9""]}",
exp,7,5,52,"flx::floatx<5, 52>",39,0,14.747364,ok,"{""flx::floatx<5, 52>"": [""0"", ""1"", ""10"", ""11"", ""12"", ""13"", ""14"", ""15"", ""16"", ""17"", ""18"", ""19"", ""2"", ""20"", ""21"", ""22"", ""23"", ""24"", ""25"", ""26"", ""27"", ""28"", ""29"", ""3"", ""30"", ""31"", ""32"", ""33"", ""34"", ""35"", ""36"", ""37"", ""38"", ""4"", ""5"", ""6"", ""7"", ""8"", ""9""]}",
exp,7,6,52,"flx::floatx<6, 52>",39,0,14.381970,ok,"{""flx::floatx<6, 52>"": [""0"", ""1"", ""10"", ""11"", ""12"", ""13"", ""14"", ""15"", ""16"", ""17"", ""18"", ""19"", ""2"", ""20"", ""21"", ""22"", ""23"", ""24"", ""25"", ""26"", ""27"", ""28"", ""29"", ""3"", ""30"", ""31"", ""32"", ""33"", ""34"", ""35"", ""36"", ""37"", ""38"", ""4"", ""5"", ""6"", ""7"", ""8"", ""9""]}",
exp,7,7,52,"flx::floatx<7, 52>",39,0,14.654036,ok,"{""flx::floatx<7, 52>"": [""0"", ""1"", ""10"", ""11"", ""12"", ""13"", ""14"", ""15"", ""16"", ""17"", ""18"", ""19"", ""2"", ""20"", ""21"", ""22"", ""23"", ""24"", ""25"", ""26"", ""27"", ""28"", ""29"", ""3"", ""30"", ""31"", ""32"", ""33"", ""34"", ""35"", ""36"", ""37"", ""38"", ""4"", ""5"", ""6"", ""7"", ""8"", ""9""]}",
exp,7,8,52,"flx::floatx<8, 52>",39,0,14.491102,ok,"{""flx::floatx<8, 52>"": [""0"", ""1"", ""10"", ""11"", ""12"", ""13"", ""14"", ""15"", ""16"", ""17"", ""18"", ""19"", ""2"", ""20"", ""21"", ""22"", ""23"", ""24"", ""25"", ""26"", ""27"", ""28"", ""29"", ""3"", ""30"", ""31"", ""32"", ""33"", ""34"", ""35"", ""36"", ""37"", ""38"", ""4"", ""5"", ""6"", ""7"", ""8"", ""9""]}",
exp,7,9,52,"flx::floatx<9, 52>",39,0,14.553954,ok,"{""flx::floatx<9, 52>"": [""0"", ""1"", ""10"", ""11"", ""12"", ""13"", ""14"", ""15"", ""16"", ""17"", ""18"", ""19"", ""2"", ""20"", ""21"", ""22"", ""23"", ""24"", ""25"", ""26"", ""27"", ""28"", ""29"", ""3"", ""30"", ""31"", ""32"", ""33"", ""34"", ""35"", ""36"", ""37"", ""38"", ""4"", ""5"", ""6"", ""7"", ""8"", ""9""]}",
exp,7,10,52,"flx::floatx<10, 52>",39,0,14.398687,ok,"{""flx::floatx<10, 52>"": [""0"", ""1"", ""10"", ""11"", ""12"", ""13"", ""14"", ""15"", ""16"", ""17"", ""18"", ""19"", ""2"", ""20"", ""21"", ""22"", ""23"", ""24"", ""25"", ""26"", ""27"", ""28"", ""29"", ""3"", ""30"", ""31"", ""32"", ""33"", ""34"", ""35"", ""36"", ""37"", ""38"", ""4"", ""5"", ""6"", ""7"", ""8"", ""9""]}",
exp,7,11,52,"flx::floatx<11, 52>",39,0,14.306898,ok,"{""flx::floatx<11, 52>"": [""0"", ""1"", ""10"", ""11"", ""12"", ""13"", ""14"", ""15"", ""16"", ""17"", ""18"", ""19"", ""2"", ""20"", ""21"", ""22"", ""23"", ""24"", ""25"", ""26"", ""27"", ""28"", ""29"", ""3"", ""30"", ""31"", ""32"", ""33"", ""34"", ""35"", ""36"", ""37"", ""38"", ""4"", ""5"", ""6"", ""7"", ""8"", ""9""]}",
sig,8,11,1,"flx::floatx<11, 1>",27,12,158.885924,ok,"{""double"": [""18"", ""19"", ""20"", ""21"", ""22"", ""23"", ""29"", ""30"", ""31"", ""32"", ""33"", ""34""], ""flx::floatx<11, 1>"": [""0"", ""1"", ""10"", ""11"", ""12"", ""13"", ""14"", ""15"", ""16"", ""17"", ""2"", ""24"", ""25"", ""26"", ""27"", ""28"", ""3"", ""35"", ""36"", ""37"", ""38"", ""4"", ""5"", ""6"", ""7"", ""8"", ""9""]}",
sig,8,11,2,"flx::floatx<11, 2>",27,12,170.596522,ok,"{""double"": [""18"", ""19"", ""20"", ""21"", ""22"", ""23"", ""29"", ""30"", ""31"", ""32"", ""33"", ""34""], ""flx::floatx<11, 2>"": [""0"", ""1"", ""10"", ""11"", ""12"", ""13"", ""14"", ""15"", ""16"", ""17"", ""2"", ""24"", ""25"", ""26"", ""27"", ""28"", ""3"", ""35"", ""36"", ""37"", ""38"", ""4"", ""5"", ""6"", ""7"", ""8"", ""9""]}",
sig,8,11,3,"flx::floatx<11, 3>",27,12,181.934465,ok,"{""double"": [""18"", ""19"", ""20"", ""21"", ""22"", ""23"", ""29"", ""30"", ""31"", ""32"", ""33"", ""34""], ""flx::floatx<11, 3>"": [""0"", ""1"", ""10"", ""11"", ""12"", ""13"", ""14"", ""15"", ""16"", ""17"", ""2"", ""24"", ""25"", ""26"", ""27"", ""28"", ""3"", ""35"", ""36"", ""37"", ""38"", ""4"", ""5"", ""6"", ""7"", ""8"", ""9""]}",
sig,8,11,4,"flx::floatx<11, 4>",27,12,193.065184,ok,"{""double"": [""18"", ""19"", ""20"", ""21"", ""22"", ""23"", ""29"", ""30"", ""31"", ""32"", ""33"", ""34""], ""flx::floatx<11, 4>"": [""0"", ""1"", ""10"", ""11"", ""12"", ""13"", ""14"", ""15"", ""16"", ""17"", ""2"", ""24"", ""25"", ""26"", ""27"", ""28"", ""3"", ""35"", ""36"", ""37"", ""38"", ""4"", ""5"", ""6"", ""7"", ""8"", ""9""]}",
sig,8,11,5,"flx::floatx<11, 5>",27,12,193.456866,ok,"{""double"": [""18"", ""19"", ""20"", ""21"", ""22"", ""23"", ""29"", ""30"", ""31"", ""32"", ""33"", ""34""], ""flx::floatx<11, 5>"": [""0"", ""1"", ""10"", ""11"", ""12"", ""13"", ""14"", ""15"", ""16"", ""17"", ""2"", ""24"", ""25"", ""26"", ""27"", ""28"", ""3"", ""35"", ""36"", ""37"", ""38"", ""4"", ""5"", ""6"", ""7"", ""8"", ""9""]}",
sig,8,11,6,"flx::floatx<11, 6>",27,12,193.509105,ok,"{""double"": [""18"", ""19"", ""20"", ""21"", ""22"", ""23"", ""29"", ""30"", ""31"", ""32"", ""33"", ""34""], ""flx::floatx<11, 6>"": [""0"", ""1"", ""10"", ""11"", ""12"", ""13"", ""14"", ""15"", ""16"", ""17"", ""2"", ""24"", ""25"", ""26"", ""27"", ""28"", ""3"", ""35"", ""36"", ""37"", ""38"", ""4"", ""5"", ""6"", ""7"", ""8"", ""9""]}",
sig,8,11,7,"flx::floatx<11, 7>",27,12,193.647113,ok,"{""double"": [""18"", ""19"", ""20"", ""21"", ""22"", ""23"", ""29"", ""30"", ""31"", ""32"", ""33"", ""34""], ""flx::floatx<11, 7>"": [""0"", ""1"", ""10"", ""11"", ""12"", ""13"", ""14"", ""15"", ""16"", ""17"", ""2"", ""24"", ""25"", ""26"", ""27"", ""28"", ""3"", ""35"", ""36"", ""37"", ""38"", ""4"", ""5"", ""6"", ""7"", ""8"", ""9""]}",
sig,8,11,8,"flx::floatx<11, 8>",27,12,193.621352,ok,"{""double"": [""18"", ""19"", ""20"", ""21"", ""22"", ""23"", ""29"", ""30"", ""31"", ""32"", ""33"", ""34""], ""flx::floatx<11, 8>"": [""0"", ""1"", ""10"", ""11"", ""12"", ""13"", ""14"", ""15"", ""16"", ""17"", ""2"", ""24"", ""25"", ""26"", ""27"", ""28"", ""3"", ""35"", ""36"", ""37"", ""38"", ""4"", ""5"", ""6"", ""7"", ""8"", ""9""]}",
sig,8,11,9,"flx::floatx<11, 9>",27,12,193.309836,ok,"{""double"": [""18"", ""19"", ""20"", ""21"", ""22"", ""23"", ""29"", ""30"", ""31"", ""32"", ""33"", ""34""], ""flx::floatx<11, 9>"": [""0"", ""1"", ""10"", ""11"", ""12"", ""13"", ""14"", ""15"", ""16"", ""17"", ""2"", ""24"", ""25"", ""26"", ""27"", ""28"", ""3"", ""35"", ""36"", ""37"", ""38"", ""4"", ""5"", ""6"", ""7"", ""8"", ""9""]}",
sig,8,11,10,"flx::floatx<11, 10>",27,12,193.598967,ok,"{""double"": [""18"", ""19"", ""20"", ""21"", ""22"", ""23"", ""29"", ""30"", ""31"", ""32"", ""33"", ""34""], ""flx::floatx<11, 10>"": [""0"", ""1"", ""10"", ""11"", ""12"", ""13"", ""14"", ""15"", ""16"", ""17"", ""2"", ""24"", ""25"", ""26"", ""27"", ""28"", ""3"", ""35"", ""36"", ""37"", ""38"", ""4"", ""5"", ""6"", ""7"", ""8"", ""9""]}",
sig,8,11,11,"flx::floatx<11, 11>",27,12,193.730150,ok,"{""double"": [""18"", ""19"", ""20"", ""21"", ""22"", ""23"", ""29"", ""30"", ""31"", ""32"", ""33"", ""34""], ""flx::floatx<11, 11>"": [""0"", ""1"", ""10"", ""11"", ""12"", ""13"", ""14"", ""15"", ""16"", ""17"", ""2"", ""24"", ""25"", ""26"", ""27"", ""28"", ""3"", ""35"", ""36"", ""37"", ""38"", ""4"", ""5"", ""6"", ""7"", ""8"", ""9""]}",
sig,8,11,12,"flx::floatx<11, 12>",27,12,193.716278,ok,"{""double"": [""18"", ""19"", ""20"", ""21"", ""22"", ""23"", ""29"", ""30"", ""31"", ""32"", ""33"", ""34""], ""flx::floatx<11, 12>"": [""0"", ""1"", ""10"", ""11"", ""12"", ""13"", ""14"", ""15"", ""16"", ""17"", ""2"", ""24"", ""25"", ""26"", ""27"", ""28"", ""3"", ""35"", ""36"", ""37"", ""38"", ""4"", ""5"", ""6"", ""7"", ""8"", ""9""]}",
sig,8,11,13,"flx::floatx<11, 13>",27,12,193.142234,ok,"{""double"": [""18"", ""19"", ""20"", ""21"", ""22"", ""23"", ""29"", ""30"", ""31"", ""32"", ""33"", ""34""], ""flx::floatx<11, 13>"": [""0"", ""1"", ""10"", ""11"", ""12"", ""13"", ""14"", ""15"", ""16"", ""17"", ""2"", ""24"", ""25"", ""26"", ""27"", ""28"", ""3"", ""35"", ""36"", ""37"", ""38"", ""4"", ""5"", ""6"", ""7"", ""8"", ""9""]}",
sig,8,11,14,"flx::floatx<11, 14>",27,12,193.670859,ok,"{""double"": [""18"", ""19"", ""20"", ""21"", ""22"", ""23"", ""29"", ""30"", ""31"", ""32"", ""33"", ""34""], ""flx::floatx<11, 14>"": [""0"", ""1"", ""10"", ""11"", ""12"", ""13"", ""14"", ""15"", ""16"", ""17"", ""2"", ""24"", ""25"", ""26"", ""27"", ""28"", ""3"", ""35"", ""36"", ""37"", ""38"", ""4"", ""5"", ""6"", ""7"", ""8"", ""9""]}",
sig,8,11,15,"flx::floatx<11, 15>",27,12,193.311118,ok,"{""double"": [""18"", ""19"", ""20"", ""21"", ""22"", ""23"", ""29"", ""30"", ""31"", ""32"", ""33"", ""34""], ""flx::floatx<11, 15>"": [""0"", ""1"", ""10"", ""11"", ""12"", ""13"", ""14"", ""15"", ""16"", ""17"", ""2"", ""24"", ""25"", ""26"", ""27"", ""28"", ""3"", ""35"", ""36"", ""37"", ""38"", ""4"", ""5"", ""6"", ""7"", ""8"", ""9""]}",
sig,8,11,16,"flx::floatx<11, 16>",27,12,193.485439,ok,"{""double"": [""18"", ""19"", ""20"", ""21"", ""22"", ""23"", ""29"", ""30"", ""31"", ""32"", ""33"", ""34""], ""flx::floatx<11, 16>"": [""0"", ""1"", ""10"", ""11"", ""12"", ""13"", ""14"", ""15"", ""16"", ""17"", ""2"", ""24"", ""25"", ""26"", ""27"", ""28"", ""3"", ""35"", ""36"", ""37"", ""38"", ""4"", ""5"", ""6"", ""7"", ""8"", ""9""]}",
sig,8,11,17,"flx::floatx<11, 17>",27,12,192.916617,ok,"{""double"": [""18"", ""19"", ""20"", ""21"", ""22"", ""23"", ""29"", ""30"", ""31"", ""32"", ""33"", ""34""], ""flx::floatx<11, 17>"": [""0"", ""1"", ""10"", ""11"", ""12"", ""13"", ""14"", ""15"", ""16"", ""17"", ""2"", ""24"", ""25"", ""26"", ""27"", ""28"", ""3"", ""35"", ""36"", ""37"", ""38"", ""4"", ""5"", ""6"", ""7"", ""8"", ""9""]}",
sig,8,11,18,"flx::floatx<11, 18>",27,12,193.000227,ok,"{""double"": [""18"", ""19"", ""20"", ""21"", ""22"", ""23"", ""29"", ""30"", ""31"", ""32"", ""33"", ""34""], ""flx::floatx<11, 18>"": [""0"", ""1"", ""10"", ""11"", ""12"", ""13"", ""14"", ""15"", ""16"", ""17"", ""2"", ""24"", ""25"", ""26"", ""27"", ""28"", ""3"", ""35"", ""36"", ""37"", ""38"", ""4"", ""5"", ""6"", ""7"", ""8"", ""9""]}",
sig,8,11,19,"flx::floatx<11, 19>",27,12,193.359724,ok,"{""double"": [""18"", ""19"", ""20"", ""21"", ""22"", ""23"", ""29"", ""30"", ""31"", ""32"", ""33"", ""34""], ""flx::floatx<11, 19>"": [""0"", ""1"", ""10"", ""11"", ""12"", ""13"", ""14"", ""15"", ""16"", ""17"", ""2"", ""24"", ""25"", ""26"", ""27"", ""28"", ""3"", ""35"", ""36"", ""37"", ""38"", ""4"", ""5"", ""6"", ""7"", ""8"", ""9""]}",
sig,8,11,20,"flx::floatx<11, 20>",27,12,193.599791,ok,"{""double"": [""18"", ""19"", ""20"", ""21"", ""22"", ""23"", ""29"", ""30"", ""31"", ""32"", ""33"", ""34""], ""flx::floatx<11, 20>"": [""0"", ""1"", ""10"", ""11"", ""12"", ""13"", ""14"", ""15"", ""16"", ""17"", ""2"", ""24"", ""25"", ""26"", ""27"", ""28"", ""3"", ""35"", ""36"", ""37"", ""38"", ""4"", ""5"", ""6"", ""7"", ""8"", ""9""]}",
sig,8,11,21,"flx::floatx<11, 21>",27,12,192.504738,ok,"{""double"": [""18"", ""19"", ""20"", ""21"", ""22"", ""23"", ""29"", ""30"", ""31"", ""32"", ""33"", ""34""], ""flx::floatx<11, 21>"": [""0"", ""1"", ""10"", ""11"", ""12"", ""13"", ""14"", ""15"", ""16"", ""17"", ""2"", ""24"", ""25"", ""26"", ""27"", ""28"", ""3"", ""35"", ""36"", ""37"", ""38"", ""4"", ""5"", ""6"", ""7"", ""8"", ""9""]}",
sig,8,11,22,"flx::floatx<11, 22>",27,12,194.242961,ok,"{""double"": [""18"", ""19"", ""20"", ""21"", ""22"", ""23"", ""29"", ""30"", ""31"", ""32"", ""33"", ""34""], ""flx::floatx<11, 22>"": [""0"", ""1"", ""10"", ""11"", ""12"", ""13"", ""14"", ""15"", ""16"", ""17"", ""2"", ""24"", ""25"", ""26"", ""27"", ""28"", ""3"", ""35"", ""36"", ""37"", ""38"", ""4"", ""5"", ""6"", ""7"", ""8"", ""9""]}",
sig,8,11,23,"flx::floatx<11, 23>",27,12,194.317833,ok,"{""double"": [""18"", ""19"", ""20"", ""21"", ""22"", ""23"", ""29"", ""30"", ""31"", ""32"", ""33"", ""34""], ""flx::floatx<11, 23>"": [""0"", ""1"", ""10"", ""11"", ""12"", ""13"", ""14"", ""15"", ""16"", ""17"", ""2"", ""24"", ""25"", ""26"", ""27"", ""28"", ""3"", ""35"", ""36"", ""37"", ""38"", ""4"", ""5"", ""6"", ""7"", ""8"", ""9""]}",
sig,8,11,24,"flx::floatx<11, 24>",27,12,193.724675,ok,"{""double"": [""18"", ""19"", ""20"", ""21"", ""22"", ""23"", ""29"", ""30"", ""31"", ""32"", ""33"", ""34""], ""flx::floatx<11, 24>"": [""0"", ""1"", ""10"", ""11"", ""12"", ""13"", ""14"", ""15"", ""16"", ""17"", ""2"", ""24"", ""25"", ""26"", ""27"", ""28"", ""3"", ""35"", ""36"", ""37"", ""38"", ""4"", ""5"", ""6"", ""7"", ""8"", ""9""]}",
sig,8,11,25,"flx::floatx<11, 25>",27,12,194.174893,ok,"{""double"": [""18"", ""19"", ""20"", ""21"", ""22"", ""23"", ""29"", ""30"", ""31"", ""32"", ""33"", ""34""], ""flx::floatx<11, 25>"": [""0"", ""1"", ""10"", ""11"", ""12"", ""13"", ""14"", ""15"", ""16"", ""17"", ""2"", ""24"", ""25"", ""26"", ""27"", ""28"", ""3"", ""35"", ""36"", ""37"", ""38"", ""4"", ""5"", ""6"", ""7"", ""8"", ""9""]}",
sig,8,11,26,"flx::floatx<11, 26>",27,12,194.482930,ok,"{""double"": [""18"", ""19"", ""20"", ""21"", ""22"", ""23"", ""29"", ""30"", ""31"", ""32"", ""33"", ""34""], ""flx::floatx<11, 26>"": [""0"", ""1"", ""10"", ""11"", ""12"", ""13"", ""14"", ""15"", ""16"", ""17"", ""2"", ""24"", ""25"", ""26"", ""27"", ""28"", ""3"", ""35"", ""36"", ""37"", ""38"", ""4"", ""5"", ""6"", ""7"", ""8"", ""9""]}",
sig,8,11,27,"flx::floatx<11, 27>",27,12,194.375297,ok,"{""double"": [""18"", ""19"", ""20"", ""21"", ""22"", ""23"", ""29"", ""30"", ""31"", ""32"", ""33"", ""34""], ""flx::floatx<11, 27>"": [""0"", ""1"", ""10"", ""11"", ""12"", ""13"", ""14"", ""15"", ""16"", ""17"", ""2"", ""24"", ""25"", ""26"", ""27"", ""28"", ""3"", ""35"", ""36"", ""37"", ""38"", ""4"", ""5"", ""6"", ""7"", ""8"", ""9""]}",
sig,8,11,28,"flx::floatx<11, 28>",27,12,194.011764,ok,"{""double"": [""18"", ""19"", ""20"", ""21"", ""22"", ""23"", ""29"", ""30"", ""31"", ""32"", ""33"", ""34""], ""flx::floatx<11, 28>"": [""0"", ""1"", ""10"", ""11"", ""12"", ""13"", ""14"", ""15"", ""16"", ""17"", ""2"", ""24"", ""25"", ""26"", ""27"", ""28"", ""3"", ""35"", ""36"", ""37"", ""38"", ""4"", ""5"", ""6"", ""7"", ""8"", ""9""]}",
sig,8,11,29,"flx::floatx<11, 29>",27,12,193.807101,ok,"{""double"": [""18"", ""19"", ""20"", ""21"", ""22"", ""23"", ""29"", ""30"", ""31"", ""32"", ""33"", ""34""], ""flx::floatx<11, 29>"": [""0"", ""1"", ""10"", ""11"", ""12"", ""13"", ""14"", ""15"", ""16"", ""17"", ""2"", ""24"", ""25"", ""26"", ""27"", ""28"", ""3"", ""35"", ""36"", ""37"", ""38"", ""4"", ""5"", ""6"", ""7"", ""8"", ""9""]}",
sig,8,11,30,"flx::floatx<11, 30>",27,12,194.599427,ok,"{""double"": [""18"", ""19"", ""20"", ""21"", ""22"", ""23"", ""29"", ""30"", ""31"", ""32"", ""33"", ""34""], ""flx::floatx<11, 30>"": [""0"", ""1"", ""10"", ""11"", ""12"", ""13"", ""14"", ""15"", ""16"", ""17"", ""2"", ""24"", ""25"", ""26"", ""27"", ""28"", ""3"", ""35"", ""36"", ""37"", ""38"", ""4"", ""5"", ""6"", ""7"", ""8"", ""9""]}",
sig,8,11,31,"flx::floatx<11, 31>",27,12,193.598927,ok,"{""double"": [""18"", ""19"", ""20"", ""21"", ""22"", ""23"", ""29"", ""30"", ""31"", ""32"", ""33"", ""34""], ""flx::floatx<11, 31>"": [""0"", ""1"", ""10"", ""11"", ""12"", ""13"", ""14"", ""15"", ""16"", ""17"", ""2"", ""24"", ""25"", ""26"", ""27"", ""28"", ""3"", ""35"", ""36"", ""37"", ""38"", ""4"", ""5"", ""6"", ""7"", ""8"", ""9""]}",
sig,8,11,32,"flx::floatx<11, 32>",27,12,192.094767,ok,"{""double"": [""18"", ""19"", ""20"", ""21"", ""22"", ""23"", ""29"", ""30"", ""31"", ""32"", ""33"", ""34""], ""flx::floatx<11, 32>"": [""0"", ""1"", ""10"", ""11"", ""12"", ""13"", ""14"", ""15"", ""16"", ""17"", ""2"", ""24"", ""25"", ""26"", ""27"", ""28"", ""3"", ""35"", ""36"", ""37"", ""38"", ""4"", ""5"", ""6"", ""7"", ""8"", ""9""]}",
sig,8,11,33,"flx::floatx<11, 33>",27,12,192.992728,ok,"{""double"": [""18"", ""19"", ""20"", ""21"", ""22"", ""23"", ""29"", ""30"", ""31"", ""32"", ""33"", ""34""], ""flx::floatx<11, 33>"": [""0"", ""1"", ""10"", ""11"", ""12"", ""13"", ""14"", ""15"", ""16"", ""17"", ""2"", ""24"", ""25"", ""26"", ""27"", ""28"", ""3"", ""35"", ""36"", ""37"", ""38"", ""4"", ""5"", ""6"", ""7"", ""8"", ""9""]}",
sig,8,11,34,"flx::floatx<11, 34>",27,12,192.594052,ok,"{""double"": [""18"", ""19"", ""20"", ""21"", ""22"", ""23"", ""29"", ""30"", ""31"", ""32"", ""33"", ""34""], ""flx::floatx<11, 34>"": [""0"", ""1"", ""10"", ""11"", ""12"", ""13"", ""14"", ""15"", ""16"", ""17"", ""2"", ""24"", ""25"", ""26"", ""27"", ""28"", ""3"", ""35"", ""36"", ""37"", ""38"", ""4"", ""5"", ""6"", ""7"", ""8"", ""9""]}",
sig,8,11,35,"flx::floatx<11, 35>",27,12,192.493914,ok,"{""double"": [""18"", ""19"", ""20"", ""21"", ""22"", ""23"", ""29"", ""30"", ""31"", ""32"", ""33"", ""34""], ""flx::floatx<11, 35>"": [""0"", ""1"", ""10"", ""11"", ""12"", ""13"", ""14"", ""15"", ""16"", ""17"", ""2"", ""24"", ""25"", ""26"", ""27"", ""28"", ""3"", ""35"", ""36"", ""37"", ""38"", ""4"", ""5"", ""6"", ""7"", ""8"", ""9""]}",
sig,8,11,36,"flx::floatx<11, 36>",27,12,195.329650,ok,"{""double"": [""18"", ""19"", ""20"", ""21"", ""22"", ""23"", ""29"", ""30"", ""31"", ""32"", ""33"", ""34""], ""flx::floatx<11, 36>"": [""0"", ""1"", ""10"", ""11"", ""12"", ""13"", ""14"", ""15"", ""16"", ""17"", ""2"", ""24"", ""25"", ""26"", ""27"", ""28"", ""3"", ""35"", ""36"", ""37"", ""38"", ""4"", ""5"", ""6"", ""7"", ""8"", ""9""]}",
sig,8,11,37,"flx::floatx<11, 37>",27,12,195.189194,ok,"{""double"": [""18"", ""19"", ""20"", ""21"", ""22"", ""23"", ""29"", ""30"", ""31"", ""32"", ""33"", ""34""], ""flx::floatx<11, 37>"": [""0"", ""1"", ""10"", ""11"", ""12"", ""13"", ""14"", ""15"", ""16"", ""17"", ""2"", ""24"", ""25"", ""26"", ""27"", ""28"", ""3"", ""35"", ""36"", ""37"", ""38"", ""4"", ""5"", ""6"", ""7"", ""8"", ""9""]}",
sig,8,11,38,"flx::floatx<11, 38>",27,12,195.961481,ok,"{""double"": [""18"", ""19"", ""20"", ""21"", ""22"", ""23"", ""29"", ""30"", ""31"", ""32"", ""33"", ""34""], ""flx::floatx<11, 38>"": [""0"", ""1"", ""10"", ""11"", ""12"", ""13"", ""14"", ""15"", ""16"", ""17"", ""2"", ""24"", ""25"", ""26"", ""27"", ""28"", ""3"", ""35"", ""36"", ""37"", ""38"", ""4"", ""5"", ""6"", ""7"", ""8"", ""9""]}",
sig,8,11,39,"flx::floatx<11, 39>",27,12,195.463166,ok,"{""double"": [""18"", ""19"", ""20"", ""21"", ""22"", ""23"", ""29"", ""30"", ""31"", ""32"", ""33"", ""34""], ""flx::floatx<11, 39>"": [""0"", ""1"", ""10"", ""11"", ""12"", ""13"", ""14"", ""15"", ""16"", ""17"", ""2"", ""24"", ""25"", ""26"", ""27"", ""28"", ""3"", ""35"", ""36"", ""37"", ""38"", ""4"", ""5"", ""6"", ""7"", ""8"", ""9""]}",
sig,8,11,40,"flx::floatx<11, 40>",39,0,20.638783,ok,"{""flx::floatx<11, 40>"": [""0"", ""1"", ""10"", ""11"", ""12"", ""13"", ""14"", ""15"", ""16"", ""17"", ""18"", ""19"", ""2"", ""20"", ""21"", ""22"", ""23"", ""24"", ""25"", ""26"", ""27"", ""28"", ""29"", ""3"", ""30"", ""31"", ""32"", ""33"", ""34"", ""35"", ""36"", ""37"", ""38"", ""4"", ""5"", ""6"", ""7"", ""8"", ""9""]}",
sig,8,11,41,"flx::floatx<11, 41>",39,0,20.471545,ok,"{""flx::floatx<11, 41>"": [""0"", ""1"", ""10"", ""11"", ""12"", ""13"", ""14"", ""15"", ""16"", ""17"", ""18"", ""19"", ""2"", ""20"", ""21"", ""22"", ""23"", ""24"", ""25"", ""26"", ""27"", ""28"", ""29"", ""3"", ""30"", ""31"", ""32"", ""33"", ""34"", ""35"", ""36"", ""37"", ""38"", ""4"", ""5"", ""6"", ""7"", ""8"", ""9""]}",
sig,8,11,42,"flx::floatx<11, 42>",39,0,20.808943,ok,"{""flx::floatx<11, 42>"": [""0"", ""1"", ""10"", ""11"", ""12"", ""13"", ""14"", ""15"", ""16"", ""17"", ""18"", ""19"", ""2"", ""20"", ""21"", ""22"", ""23"", ""24"", ""25"", ""26"", ""27"", ""28"", ""29"", ""3"", ""30"", ""31"", ""32"", ""33"", ""34"", ""35"", ""36"", ""37"", ""38"", ""4"", ""5"", ""6"", ""7"", ""8"", ""9""]}",
sig,8,11,43,"flx::floatx<11, 43>",39,0,20.681458,ok,"{""flx::floatx<11, 43>"": [""0"", ""1"", ""10"", ""11"", ""12"", ""13"", ""14"", ""15"", ""16"", ""17"", ""18"", ""19"", ""2"", ""20"", ""21"", ""22"", ""23"", ""24"", ""25"", ""26"", ""27"", ""28"", ""29"", ""3"", ""30"", ""31"", ""32"", ""33"", ""34"", ""35"", ""36"", ""37"", ""38"", ""4"", ""5"", ""6"", ""7"", ""8"", ""9""]}",
sig,8,11,44,"flx::floatx<11, 44>",39,0,20.229129,ok,"{""flx::floatx<11, 44>"": [""0"", ""1"", ""10"", ""11"", ""12"", ""13"", ""14"", ""15"", ""16"", ""17"", ""18"", ""19"", ""2"", ""20"", ""21"", ""22"", ""23"", ""24"", ""25"", ""26"", ""27"", ""28"", ""29"", ""3"", ""30"", ""31"", ""32"", ""33"", ""34"", ""35"", ""36"", ""37"", ""38"", ""4"", ""5"", ""6"", ""7"", ""8"", ""9""]}",
sig,8,11,45,"flx::floatx<11, 45>",39,0,20.669067,ok,"{""flx::floatx<11, 45>"": [""0"", ""1"", ""10"", ""11"", ""12"", ""13"", ""14"", ""15"", ""16"", ""17"", ""18"", ""19"", ""2"", ""20"", ""21"", ""22"", ""23"", ""24"", ""25"", ""26"", ""27"", ""28"", ""29"", ""3"", ""30"", ""31"", ""32"", ""33"", ""34"", ""35"", ""36"", ""37"", ""38"", ""4"", ""5"", ""6"", ""7"", ""8"", ""9""]}",
sig,8,11,46,"flx::floatx<11, 46>",39,0,20.525783,ok,"{""flx::floatx<11, 46>"": [""0"", ""1"", ""10"", ""11"", ""12"", ""13"", ""14"", ""15"", ""16"", ""17"", ""18"", ""19"", ""2"", ""20"", ""21"", ""22"", ""23"", ""24"", ""25"", ""26"", ""27"", ""28"", ""29"", ""3"", ""30"", ""31"", ""32"", ""33"", ""34"", ""35"", ""36"", ""37"", ""38"", ""4"", ""5"", ""6"", ""7"", ""8"", ""9""]}",
sig,8,11,47,"flx::floatx<11, 47>",39,0,20.566425,ok,"{""flx::floatx<11, 47>"": [""0"", ""1"", ""10"", ""11"", ""12"", ""13"", ""14"", ""15"", ""16"", ""17"", ""18"", ""19"", ""2"", ""20"", ""21"", ""22"", ""23"", ""24"", ""25"", ""26"", ""27"", ""28"", ""29"", ""3"", ""30"", ""31"", ""32"", ""33"", ""34"", ""35"", ""36"", ""37"", ""38"", ""4"", ""5"", ""6"", ""7"", ""8"", ""9""]}",
sig,8,11,48,"flx::floatx<11, 48>",39,0,20.372853,ok,"{""flx::floatx<11, 48>"": [""0"", ""1"", ""10"", ""11"", ""12"", ""13"", ""14"", ""15"", ""16"", ""17"", ""18"", ""19"", ""2"", ""20"", ""21"", ""22"", ""23"", ""24"", ""25"", ""26"", ""27"", ""28"", ""29"", ""3"", ""30"", ""31"", ""32"", ""33"", ""34"", ""35"", ""36"", ""37"", ""38"", ""4"", ""5"", ""6"", ""7"", ""8"", ""9""]}",
sig,8,11,49,"flx::floatx<11, 49>",39,0,20.776714,ok,"{""flx::floatx<11, 49>"": [""0"", ""1"", ""10"", ""11"", ""12"", ""13"", ""14"", ""15"", ""16"", ""17"", ""18"", ""19"", ""2"", ""20"", ""21"", ""22"", ""23"", ""24"", ""25"", ""26"", ""27"", ""28"", ""29"", ""3"", ""30"", ""31"", ""32"", ""33"", ""34"", ""35"", ""36"", ""37"", ""38"", ""4"", ""5"", ""6"", ""7"", ""8"", ""9""]}",
sig,8,11,50,"flx::floatx<11, 50>",39,0,20.911600,ok,"{""flx::floatx<11, 50>"": [""0"", ""1"", ""10"", ""11"", ""12"", ""13"", ""14"", ""15"", ""16"", ""17"", ""18"", ""19"", ""2"", ""20"", ""21"", ""22"", ""23"", ""24"", ""25"", ""26"", ""27"", ""28"", ""29"", ""3"", ""30"", ""31"", ""32"", ""33"", ""34"", ""35"", ""36"", ""37"", ""38"", ""4"", ""5"", ""6"", ""7"", ""8"", ""9""]}",
sig,8,11,51,"flx::floatx<11, 51>",39,0,21.373011,ok,"{""flx::floatx<11, 51>"": [""0"", ""1"", ""10"", ""11"", ""12"", ""13"", ""14"", ""15"", ""16"", ""17"", ""18"", ""19"", ""2"", ""20"", ""21"", ""22"", ""23"", ""24"", ""25"", ""26"", ""27"", ""28"", ""29"", ""3"", ""30"", ""31"", ""32"", ""33"", ""34"", ""35"", ""36"", ""37"", ""38"", ""4"", ""5"", ""6"", ""7"", ""8"", ""9""]}",
sig,8,11,52,"flx::floatx<11, 52>",39,0,14.446606,ok,"{""flx::floatx<11, 52>"": [""0"", ""1"", ""10"", ""11"", ""12"", ""13"", ""14"", ""15"", ""16"", ""17"", ""18"", ""19"", ""2"", ""20"", ""21"", ""22"", ""23"", ""24"", ""25"", ""26"", ""27"", ""28"", ""29"", ""3"", ""30"", ""31"", ""32"", ""33"", ""34"", ""35"", ""36"", ""37"", ""38"", ""4"", ""5"", ""6"", ""7"", ""8"", ""9""]}",
exp,8,1,52,"flx::floatx<1, 52>",23,16,104.913347,ok,"{""double"": [""18"", ""19"", ""20"", ""21"", ""22"", ""23"", ""24"", ""25"", ""26"", ""27"", ""29"", ""30"", ""31"", ""32"", ""33"", ""34""], ""flx::floatx<1, 52>"": [""0"", ""1"", ""10"", ""11"", ""12"", ""13"", ""14"", ""15"", ""16"", ""17"", ""2"", ""28"", ""3"", ""35"", ""36"", ""37"", ""38"", ""4"", ""5"", ""6"", ""7"", ""8"", ""9""]}",
exp,8,2,52,"flx::floatx<2, 52>",23,16,104.055462,ok,"{""double"": [""18"", ""19"", ""20"", ""21"", ""22"", ""23"", ""24"", ""25"", ""26"", ""27"", ""29"", ""30"", ""31"", ""32"", ""33"", ""34""], ""flx::floatx<2, 52>"": [""0"", ""1"", ""10"", ""11"", ""12"", ""13"", ""14"", ""15"", ""16"", ""17"", ""2"", ""28"", ""3"", ""35"", ""36"", ""37"", ""38"", ""4"", ""5"", ""6"", ""7"", ""8"", ""9""]}",
exp,8,3,52,"flx::floatx<3, 52>",23,16,109.495813,ok,"{""double"": [""18"", ""19"", ""20"", ""21"", ""22"", ""23"", ""24"", ""25"", ""26"", ""27"", ""29"", ""30"", ""31"", ""32"", ""33"", ""34""], ""flx::floatx<3, 52>"": [""0"", ""1"", ""10"", ""11"", ""12"", ""13"", ""14"", ""15"", ""16"", ""17"", ""2"", ""28"", ""3"", ""35"", ""36"", ""37"", ""38"", ""4"", ""5"", ""6"", ""7"", ""8"", ""9""]}",
exp,8,4,52,"flx::floatx<4, 52>",23,16,110.890592,ok,"{""double"": [""18"", ""19"", ""20"", ""21"", ""22"", ""23"", ""24"", ""25"", ""26"", ""27"", ""29"", ""30"", ""31"", ""32"", ""33"", ""34""], ""flx::floatx<4, 52>"": [""0"", ""1"", ""10"", ""11"", ""12"", ""13"", ""14"", ""15"", ""16"", ""17"", ""2"", ""28"", ""3"", ""35"", ""36"", ""37"", ""38"", ""4"", ""5"", ""6"", ""7"", ""8"", ""9""]}",
exp,8,5,52,"flx::floatx<5, 52>",39,0,14.726335,ok,"{""flx::floatx<5, 52>"": [""0"", ""1"", ""10"", ""11"", ""12"", ""13"", ""14"", ""15"", ""16"", ""17"", ""18"", ""19"", ""2"", ""20"", ""21"", ""22"", ""23"", ""24"", ""25"", ""26"", ""27"", ""28"", ""29"", ""3"", ""30"", ""31"", ""32"", ""33"", ""34"", ""35"", ""36"", ""37"", ""38"", ""4"", ""5"", ""6"", ""7"", ""8"", ""9""]}",
exp,8,6,52,"flx::floatx<6, 52>",39,0,14.383642,ok,"{""flx::floatx<6, 52>"": [""0"", ""1"", ""10"", ""11"", ""12"", ""13"", ""14"", ""15"", ""16"", ""17"", ""18"", ""19"", ""2"", ""20"", ""21"", ""22"", ""23"", ""24"", ""25"", ""26"", ""27"", ""28"", ""29"", ""3"", ""30"", ""31"", ""32"", ""33"", ""34"", ""35"", ""36"", ""37"", ""38"", ""4"", ""5"", ""6"", ""7"", ""8"", ""9""]}",
exp,8,7,52,"flx::floatx<7, 52>",39,0,14.629879,ok,"{""flx::floatx<7, 52>"": [""0"", ""1"", ""10"", ""11"", ""12"", ""13"", ""14"", ""15"", ""16"", ""17"", ""18"", ""19"", ""2"", ""20"", ""21"", ""22"", ""23"", ""24"", ""25"", ""26"", ""27"", ""28"", ""29"", ""3"", ""30"", ""31"", ""32"", ""33"", ""34"", ""35"", ""36"", ""37"", ""38"", ""4"", ""5"", ""6"", ""7"", ""8"", ""9""]}",
exp,8,8,52,"flx::floatx<8, 52>",39,0,14.421883,ok,"{""flx::floatx<8, 52>"": [""0"", ""1"", ""10"", ""11"", ""12"", ""13"", ""14"", ""15"", ""16"", ""17"", ""18"", ""19"", ""2"", ""20"", ""21"", ""22"", ""23"", ""24"", ""25"", ""26"", ""27"", ""28"", ""29"", ""3"", ""30"", ""31"", ""32"", ""33"", ""34"", ""35"", ""36"", ""37"", ""38"", ""4"", ""5"", ""6"", ""7"", ""8"", ""9""]}",
exp,8,9,52,"flx::floatx<9, 52>",39,0,14.640539,ok,"{""flx::floatx<9, 52>"": [""0"", ""1"", ""10"", ""11"", ""12"", ""13"", ""14"", ""15"", ""16"", ""17"", ""18"", ""19"", ""2"", ""20"", ""21"", ""22"", ""23"", ""24"", ""25"", ""26"", ""27"", ""28"", ""29"", ""3"", ""30"", ""31"", ""32"", ""33"", ""34"", ""35"", ""36"", ""37"", ""38"", ""4"", ""5"", ""6"", ""7"", ""8"", ""9""]}",
exp,8,10,52,"flx::floatx<10, 52>",39,0,14.323422,ok,"{""flx::floatx<10, 52>"": [""0"", ""1"", ""10"", ""11"", ""12"", ""13"", ""14"", ""15"", ""16"", ""17"", ""18"", ""19"", ""2"", ""20"", ""21"", ""22"", ""23"", ""24"", ""25"", ""26"", ""27"", ""28"", ""29"", ""3"", ""30"", ""31"", ""32"", ""33"", ""34"", ""35"", ""36"", ""37"", ""38"", ""4"", ""5"", ""6"", ""7"", ""8"", ""9""]}",
exp,8,11,52,"flx::floatx<11, 52>",39,0,14.147340,ok,"{""flx::floatx<11, 52>"": [""0"", ""1"", ""10"", ""11"", ""12"", ""13"", ""14"", ""15"", ""16"", ""17"", ""18"", ""19"", ""2"", ""20"", ""21"", ""22"", ""23"", ""24"", ""25"", ""26"", ""27"", ""28"", ""29"", ""3"", ""30"", ""31"", ""32"", ""33"", ""34"", ""35"", ""36"", ""37"", ""38"", ""4"", ""5"", ""6"", ""7"", ""8"", ""9""]}",
sig,9,11,1,"flx::floatx<11, 1>",27,12,159.563640,ok,"{""double"": [""18"", ""19"", ""20"", ""21"", ""22"", ""23"", ""29"", ""30"", ""31"", ""32"", ""33"", ""34""], ""flx::floatx<11, 1>"": [""0"", ""1"", ""10"", ""11"", ""12"", ""13"", ""14"", ""15"", ""16"", ""17"", ""2"", ""24"", ""25"", ""26"", ""27"", ""28"", ""3"", ""35"", ""36"", ""37"", ""38"", ""4"", ""5"", ""6"", ""7"", ""8"", ""9""]}",
sig,9,11,2,"flx::floatx<11, 2>",27,12,170.187202,ok,"{""double"": [""18"", ""19"", ""20"", ""21"", ""22"", ""23"", ""29"", ""30"", ""31"", ""32"", ""33"", ""34""], ""flx::floatx<11, 2>"": [""0"", ""1"", ""10"", ""11"", ""12"", ""13"", ""14"", ""15"", ""16"", ""17"", ""2"", ""24"", ""25"", ""26"", ""27"", ""28"", ""3"", ""35"", ""36"", ""37"", ""38"", ""4"", ""5"", ""6"", ""7"", ""8"", ""9""]}",
sig,9,11,3,"flx::floatx<11, 3>",27,12,182.317465,ok,"{""double"": [""18"", ""19"", ""20"", ""21"", ""22"", ""23"", ""29"", ""30"", ""31"", ""32"", ""33"", ""34""], ""flx::floatx<11, 3>"": [""0"", ""1"", ""10"", ""11"", ""12"", ""13"", ""14"", ""15"", ""16"", ""17"", ""2"", ""24"", ""25"", ""26"", ""27"", ""28"", ""3"", ""35"", ""36"", ""37"", ""38"", ""4"", ""5"", ""6"", ""7"", ""8"", ""9""]}",
sig,9,11,4,"flx::floatx<11, 4>",27,12,193.837777,ok,"{""double"": [""18"", ""19"", ""20"", ""21"", ""22"", ""23"", ""29"", ""30"", ""31"", ""32"", ""33"", ""34""], ""flx::floatx<11, 4>"": [""0"", ""1"", ""10"", ""11"", ""12"", ""13"", ""14"", ""15"", ""16"", ""17"", ""2"", ""24"", ""25"", ""26"", ""27"", ""28"", ""3"", ""35"", ""36"", ""37"", ""38"", ""4"", ""5"", ""6"", ""7"", ""8"", ""9""]}",
sig,9,11,5,"flx::floatx<11, 5>",27,12,193.256801,ok,"{""double"": [""18"", ""19"", ""20"", ""21"", ""22"", ""23"", ""29"", ""30"", ""31"", ""32"", ""33"", ""34""], ""flx::floatx<11, 5>"": [""0"", ""1"", ""10"", ""11"", ""12"", ""13"", ""14"", ""15"", ""16"", ""17"", ""2"", ""24"", ""25"", ""26"", ""27"", ""28"", ""3"", ""35"", ""36"", ""37"", ""38"", ""4"", ""5"", ""6"", ""7"", ""8"", ""9""]}",
sig,9,11,6,"flx::floatx<11, 6>",27,12,194.361768,ok,"{""double"": [""18"", ""19"", ""20"", ""21"", ""22"", ""23"", ""29"", ""30"", ""31"", ""32"", ""33"", ""34""], ""flx::floatx<11, 6>"": [""0"", ""1"", ""10"", ""11"", ""12"", ""13"", ""14"", ""15"", ""16"", ""17"", ""2"", ""24"", ""25"", ""26"", ""27"", ""28"", ""3"", ""35"", ""36"", ""37"", ""38"", ""4"", ""5"", ""6"", ""7"", ""8"", ""9""]}",
sig,9,11,7,"flx::floatx<11, 7>",27,12,193.944738,ok,"{""double"": [""18"", ""19"", ""20"", ""21"", ""22"", ""23"", ""29"", ""30"", ""31"", ""32"", ""33"", ""34""], ""flx::floatx<11, 7>"": [""0"", ""1"", ""10"", ""11"", ""12"", ""13"", ""14"", ""15"", ""16"", ""17"", ""2"", ""24"", ""25"", ""26"", ""27"", ""28"", ""3"", ""35"", ""36"", ""37"", ""38"", ""4"", ""5"", ""6"", ""7"", ""8"", ""9""]}",
sig,9,11,8,"flx::floatx<11, 8>",27,12,194.287085,ok,"{""double"": [""18"", ""19"", ""20"", ""21"", ""22"", ""23"", ""29"", ""30"", ""31"", ""32"", ""33"", ""34""], ""flx::floatx<11, 8>"": [""0"", ""1"", ""10"", ""11"", ""12"", ""13"", ""14"", ""15"", ""16"", ""17"", ""2"", ""24"", ""25"", ""26"", ""27"", ""28"", ""3"", ""35"", ""36"", ""37"", ""38"", ""4"", ""5"", ""6"", ""7"", ""8"", ""9""]}",
sig,9,11,9,"flx::floatx<11, 9>",27,12,193.448241,ok,"{""double"": [""18"", ""19"", ""20"", ""21"", ""22"", ""23"", ""29"", ""30"", ""31"", ""32"", ""33"", ""34""], ""flx::floatx<11, 9>"": [""0"", ""1"", ""10"", ""11"", ""12"", ""13"", ""14"", ""15"", ""16"", ""17"", ""2"", ""24"", ""25"", ""26"", ""27"", ""28"", ""3"", ""35"", ""36"", ""37"", ""38"", ""4"", ""5"", ""6"", ""7"", ""8"", ""9""]}",
sig,9,11,10,"flx::floatx<11, 10>",27,12,193.789652,ok,"{""double"": [""18"", ""19"", ""20"", ""21"", ""22"", ""23"", ""29"", ""30"", ""31"", ""32"", ""33"", ""34""], ""flx::floatx<11, 10>"": [""0"", ""1"", ""10"", ""11"", ""12"", ""13"", ""14"", ""15"", ""16"", ""17"", ""2"", ""24"", ""25"", ""26"", ""27"", ""28"", ""3"", ""35"", ""36"", ""37"", ""38"", ""4"", ""5"", ""6"", ""7"", ""8"", ""9""]}",
sig,9,11,11,"flx::floatx<11, 11>",27,12,194.057466,ok,"{""double"": [""18"", ""19"", ""20"", ""21"", ""22"", ""23"", ""29"", ""30"", ""31"", ""32"", ""33"", ""34""], ""flx::floatx<11, 11>"": [""0"", ""1"", ""10"", ""11"", ""12"", ""13"", ""14"", ""15"", ""16"", ""17"", ""2"", ""24"", ""25"", ""26"", ""27"", ""28"", ""3"", ""35"", ""36"", ""37"", ""38"", ""4"", ""5"", ""6"", ""7"", ""8"", ""9""]}",
sig,9,11,12,"flx::floatx<11, 12>",27,12,193.989967,ok,"{""double"": [""18"", ""19"", ""20"", ""21"", ""22"", ""23"", ""29"", ""30"", ""31"", ""32"", ""33"", ""34""], ""flx::floatx<11, 12>"": [""0"", ""1"", ""10"", ""11"", ""12"", ""13"", ""14"", ""15"", ""16"", ""17"", ""2"", ""24"", ""25"", ""26"", ""27"", ""28"", ""3"", ""35"", ""36"", ""37"", ""38"", ""4"", ""5"", ""6"", ""7"", ""8"", ""9""]}",
sig,9,11,13,"flx::floatx<11, 13>",27,12,193.952656,ok,"{""double"": [""18"", ""19"", ""20"", ""21"", ""22"", ""23"", ""29"", ""30"", ""31"", ""32"", ""33"", ""34""], ""flx::floatx<11, 13>"": [""0"", ""1"", ""10"", ""11"", ""12"", ""13"", ""14"", ""15"", ""16"", ""17"", ""2"", ""24"", ""25"", ""26"", ""27"", ""28"", ""3"", ""35"", ""36"", ""37"", ""38"", ""4"", ""5"", ""6"", ""7"", ""8"", ""9""]}",
sig,9,11,14,"flx::floatx<11, 14>",27,12,193.401072,ok,"{""double"": [""18"", ""19"", ""20"", ""21"", ""22"", ""23"", ""29"", ""30"", ""31"", ""32"", ""33"", ""34""], ""flx::floatx<11, 14>"": [""0"", ""1"", ""10"", ""11"", ""12"", ""13"", ""14"", ""15"", ""16"", ""17"", ""2"", ""24"", ""25"", ""26"", ""27"", ""28"", ""3"", ""35"", ""36"", ""37"", ""38"", ""4"", ""5"", ""6"", ""7"", ""8"", ""9""]}",
sig,9,11,15,"flx::floatx<11, 15>",27,12,193.140545,ok,"{""double"": [""18"", ""19"", ""20"", ""21"", ""22"", ""23"", ""29"", ""30"", ""31"", ""32"", ""33"", ""34""], ""flx::floatx<11, 15>"": [""0"", ""1"", ""10"", ""11"", ""12"", ""13"", ""14"", ""15"", ""16"", ""17"", ""2"", ""24"", ""25"", ""26"", ""27"", ""28"", ""3"", ""35"", ""36"", ""37"", ""38"", ""4"", ""5"", ""6"", ""7"", ""8"", ""9""]}",
sig,9,11,16,"flx::floatx<11, 16>",27,12,194.227960,ok,"{""double"": [""18"", ""19"", ""20"", ""21"", ""22"", ""23"", ""29"", ""30"", ""31"", ""32"", ""33"", ""34""], ""flx::floatx<11, 16>"": [""0"", ""1"", ""10"", ""11"", ""12"", ""13"", ""14"", ""15"", ""16"", ""17"", ""2"", ""24"", ""25"", ""26"", ""27"", ""28"", ""3"", ""35"", ""36"", ""37"", ""38"", ""4"", ""5"", ""6"", ""7"", ""8"", ""9""]}",
sig,9,11,17,"flx::floatx<11, 17>",27,12,193.619458,ok,"{""double"": [""18"", ""19"", ""20"", ""21"", ""22"", ""23"", ""29"", ""30"", ""31"", ""32"", ""33"", ""34""], ""flx::floatx<11, 17>"": [""0"", ""1"", ""10"", ""11"", ""12"", ""13"", ""14"", ""15"", ""16"", ""17"", ""2"", ""24"", ""25"", ""26"", ""27"", ""28"", ""3"", ""35"", ""36"", ""37"", ""38"", ""4"", ""5"", ""6"", ""7"", ""8"", ""9""]}",
sig,9,11,18,"flx::floatx<11, 18>",27,12,193.406867,ok,"{""double"": [""18"", ""19"", ""20"", ""21"", ""22"", ""23"", ""29"", ""30"", ""31"", ""32"", ""33"", ""34""], ""flx::floatx<11, 18>"": [""0"", ""1"", ""10"", ""11"", ""12"", ""13"", ""14"", ""15"", ""16"", ""17"", ""2"", ""24"", ""25"", ""26"", ""27"", ""28"", ""3"", ""35"", ""36"", ""37"", ""38"", ""4"", ""5"", ""6"", ""7"", ""8"", ""9""]}",
sig,9,11,19,"flx::floatx<11, 19>",27,12,193.570225,ok,"{""double"": [""18"", ""19"", ""20"", ""21"", ""22"", ""23"", ""29"", ""30"", ""31"", ""32"", ""33"", ""34""], ""flx::floatx<11, 19>"": [""0"", ""1"", ""10"", ""11"", ""12"", ""13"", ""14"", ""15"", ""16"", ""17"", ""2"", ""24"", ""25"", ""26"", ""27"", ""28"", ""3"", ""35"", ""36"", ""37"", ""38"", ""4"", ""5"", ""6"", ""7"", ""8"", ""9""]}",
sig,9,11,20,"flx::floatx<11, 20>",27,12,193.607756,ok,"{""double"": [""18"", ""19"", ""20"", ""21"", ""22"", ""23"", ""29"", ""30"", ""31"", ""32"", ""33"", ""34""], ""flx::floatx<11, 20>"": [""0"", ""1"", ""10"", ""11"", ""12"", ""13"", ""14"", ""15"", ""16"", ""17"", ""2"", ""24"", ""25"", ""26"", ""27"", ""28"", ""3"", ""35"", ""36"", ""37"", ""38"", ""4"", ""5"", ""6"", ""7"", ""8"", ""9""]}",
sig,9,11,21,"flx::floatx<11, 21>",27,12,192.378869,ok,"{""double"": [""18"", ""19"", ""20"", ""21"", ""22"", ""23"", ""29"", ""30"", ""31"", ""32"", ""33"", ""34""], ""flx::floatx<11, 21>"": [""0"", ""1"", ""10"", ""11"", ""12"", ""13"", ""14"", ""15"", ""16"", ""17"", ""2"", ""24"", ""25"", ""26"", ""27"", ""28"", ""3"", ""35"", ""36"", ""37"", ""38"", ""4"", ""5"", ""6"", ""7"", ""8"", ""9""]}",
sig,9,11,22,"flx::floatx<11, 22>",27,12,194.391780,ok,"{""double"": [""18"", ""19"", ""20"", ""21"", ""22"", ""23"", ""29"", ""30"", ""31"", ""32"", ""33"", ""34""], ""flx::floatx<11, 22>"": [""0"", ""1"", ""10"", ""11"", ""12"", ""13"", ""14"", ""15"", ""16"", ""17"", ""2"", ""24"", ""25"", ""26"", ""27"", ""28"", ""3"", ""35"", ""36"", ""37"", ""38"", ""4"", ""5"", ""6"", ""7"", ""8"", ""9""]}",
sig,9,11,23,"flx::floatx<11, 23>",27,12,194.510875,ok,"{""double"": [""18"", ""19"", ""20"", ""21"", ""22"", ""23"", ""29"", ""30"", ""31"", ""32"", ""33"", ""34""], ""flx::floatx<11, 23>"": [""0"", ""1"", ""10"", ""11"", ""12"", ""13"", ""14"", ""15"", ""16"", ""17"", ""2"", ""24"", ""25"", ""26"", ""27"", ""28"", ""3"", ""35"", ""36"", ""37"", ""38"", ""4"", ""5"", ""6"", ""7"", ""8"", ""9""]}",
sig,9,11,24,"flx::floatx<11, 24>",27,12,194.325571,ok,"{""double"": [""18"", ""19"", ""20"", ""21"", ""22"", ""23"", ""29"", ""30"", ""31"", ""32"", ""33"", ""34""], ""flx::floatx<11, 24>"": [""0"", ""1"", ""10"", ""11"", ""12"", ""13"", ""14"", ""15"", ""16"", ""17"", ""2"", ""24"", ""25"", ""26"", ""27"", ""28"", ""3"", ""35"", ""36"", ""37"", ""38"", ""4"", ""5"", ""6"", ""7"", ""8"", ""9""]}",
sig,9,11,25,"flx::floatx<11, 25>",27,12,194.957859,ok,"{""double"": [""18"", ""19"", ""20"", ""21"", ""22"", ""23"", ""29"", ""30"", ""31"", ""32"", ""33"", ""34""], ""flx::floatx<11, 25>"": [""0"", ""1"", ""10"", ""11"", ""12"", ""13"", ""14"", ""15"", ""16"", ""17"", ""2"", ""24"", ""25"", ""26"", ""27"", ""28"", ""3"", ""35"", ""36"", ""37"", ""38"", ""4"", ""5"", ""6"", ""7"", ""8"", ""9""]}",
sig,9,11,26,"flx::floatx<11, 26>",27,12,194.339801,ok,"{""double"": [""18"", ""19"", ""20"", ""21"", ""22"", ""23"", ""29"", ""30"", ""31"", ""32"", ""33"", ""34""], ""flx::floatx<11, 26>"": [""0"", ""1"", ""10"", ""11"", ""12"", ""13"", ""14"", ""15"", ""16"", ""17"", ""2"", ""24"", ""25"", ""26"", ""27"", ""28"", ""3"", ""35"", ""36"", ""37"", ""38"", ""4"", ""5"", ""6"", ""7"", ""8"", ""9""]}",
sig,9,11,27,"flx::floatx<11, 27>",27,12,194.234840,ok,"{""double"": [""18"", ""19"", ""20"", ""21"", ""22"", ""23"", ""29"", ""30"", ""31"", ""32"", ""33"", ""34""], ""flx::floatx<11, 27>"": [""0"", ""1"", ""10"", ""11"", ""12"", ""13"", ""14"", ""15"", ""16"", ""17"", ""2"", ""24"", ""25"", ""26"", ""27"", ""28"", ""3"", ""35"", ""36"", ""37"", ""38"", ""4"", ""5"", ""6"", ""7"", ""8"", ""9""]}",
sig,9,11,28,"flx::floatx<11, 28>",27,12,194.687027,ok,"{""double"": [""18"", ""19"", ""20"", ""21"", ""22"", ""23"", ""29"", ""30"", ""31"", ""32"", ""33"", ""34""], ""flx::floatx<11, 28>"": [""0"", ""1"", ""10"", ""11"", ""12"", ""13"", ""14"", ""15"", ""16"", ""17"", ""2"", ""24"", ""25"", ""26"", ""27"", ""28"", ""3"", ""35"", ""36"", ""37"", ""38"", ""4"", ""5"", ""6"", ""7"", ""8"", ""9""]}",
sig,9,11,29,"flx::floatx<11, 29>",27,12,195.053821,ok,"{""double"": [""18"", ""19"", ""20"", ""21"", ""22"", ""23"", ""29"", ""30"", ""31"", ""32"", ""33"", ""34""], ""flx::floatx<11, 29>"": [""0"", ""1"", ""10"", ""11"", ""12"", ""13"", ""14"", ""15"", ""16"", ""17"", ""2"", ""24"", ""25"", ""26"", ""27"", ""28"", ""3"", ""35"", ""36"", ""37"", ""38"", ""4"", ""5"", ""6"", ""7"", ""8"", ""9""]}",
sig,9,11,30,"flx::floatx<11, 30>",27,12,194.883480,ok,"{""double"": [""18"", ""19"", ""20"", ""21"", ""22"", ""23"", ""29"", ""30"", ""31"", ""32"", ""33"", ""34""], ""flx::floatx<11, 30>"": [""0"", ""1"", ""10"", ""11"", ""12"", ""13"", ""14"", ""15"", ""16"", ""17"", ""2"", ""24"", ""25"", ""26"", ""27"", ""28"", ""3"", ""35"", ""36"", ""37"", ""38"", ""4"", ""5"", ""6"", ""7"", ""8"", ""9""]}",
sig,9,11,31,"flx::floatx<11, 31>",27,12,194.910850,ok,"{""double"": [""18"", ""19"", ""20"", ""21"", ""22"", ""23"", ""29"", ""30"", ""31"", ""32"", ""33"", ""34""], ""flx::floatx<11, 31>"": [""0"", ""1"", ""10"", ""11"", ""12"", ""13"", ""14"", ""15"", ""16"", ""17"", ""2"", ""24"", ""25"", ""26"", ""27"", ""28"", ""3"", ""35"", ""36"", ""37"", ""38"", ""4"", ""5"", ""6"", ""7"", ""8"", ""9""]}",
sig,9,11,32,"flx::floatx<11, 32>",27,12,192.456367,ok,"{""double"": [""18"", ""19"", ""20"", ""21"", ""22"", ""23"", ""29"", ""30"", ""31"", ""32"", ""33"", ""34""], ""flx::floatx<11, 32>"": [""0"", ""1"", ""10"", ""11"", ""12"", ""13"", ""14"", ""15"", ""16"", ""17"", ""2"", ""24"", ""25"", ""26"", ""27"", ""28"", ""3"", ""35"", ""36"", ""37"", ""38"", ""4"", ""5"", ""6"", ""7"", ""8"", ""9""]}",
sig,9,11,33,"flx::floatx<11, 33>",27,12,192.786377,ok,"{""double"": [""18"", ""19"", ""20"", ""21"", ""22"", ""23"", ""29"", ""30"", ""31"", ""32"", ""33"", ""34""], ""flx::floatx<11, 33>"": [""0"", ""1"", ""10"", ""11"", ""12"", ""13"", ""14"", ""15"", ""16"", ""17"", ""2"", ""24"", ""25"", ""26"", ""27"", ""28"", ""3"", ""35"", ""36"", ""37"", ""38"", ""4"", ""5"", ""6"", ""7"", ""8"", ""9""]}",
sig,9,11,34,"flx::floatx<11, 34>",27,12,193.497921,ok,"{""double"": [""18"", ""19"", ""20"", ""21"", ""22"", ""23"", ""29"", ""30"", ""31"", ""32"", ""33"", ""34""], ""flx::floatx<11, 34>"": [""0"", ""1"", ""10"", ""11"", ""12"", ""13"", ""14"", ""15"", ""16"", ""17"", ""2"", ""24"", ""25"", ""26"", ""27"", ""28"", ""3"", ""35"", ""36"", ""37"", ""38"", ""4"", ""5"", ""6"", ""7"", ""8"", ""9""]}",
sig,9,11,35,"flx::floatx<11, 35>",27,12,192.053046,ok,"{""double"": [""18"", ""19"", ""20"", ""21"", ""22"", ""23"", ""29"", ""30"", ""31"", ""32"", ""33"", ""34""], ""flx::floatx<11, 35>"": [""0"", ""1"", ""10"", ""11"", ""12"", ""13"", ""14"", ""15"", ""16"", ""17"", ""2"", ""24"", ""25"", ""26"", ""27"", ""28"", ""3"", ""35"", ""36"", ""37"", ""38"", ""4"", ""5"", ""6"", ""7"", ""8"", ""9""]}",
sig,9,11,36,"flx::floatx<11, 36>",27,12,195.518012,ok,"{""double"": [""18"", ""19"", ""20"", ""21"", ""22"", ""23"", ""29"", ""30"", ""31"", ""32"", ""33"", ""34""], ""flx::floatx<11, 36>"": [""0"", ""1"", ""10"", ""11"", ""12"", ""13"", ""14"", ""15"", ""16"", ""17"", ""2"", ""24"", ""25"", ""26"", ""27"", ""28"", ""3"", ""35"", ""36"", ""37"", ""38"", ""4"", ""5"", ""6"", ""7"", ""8"", ""9""]}",
sig,9,11,37,"flx::floatx<11, 37>",27,12,195.075712,ok,"{""double"": [""18"", ""19"", ""20"", ""21"", ""22"", ""23"", ""29"", ""30"", ""31"", ""32"", ""33"", ""34""], ""flx::floatx<11, 37>"": [""0"", ""1"", ""10"", ""11"", ""12"", ""13"", ""14"", ""15"", ""16"", ""17"", ""2"", ""24"", ""25"", ""26"", ""27"", ""28"", ""3"", ""35"", ""36"", ""37"", ""38"", ""4"", ""5"", ""6"", ""7"", ""8"", ""9""]}",
sig,9,11,38,"flx::floatx<11, 38>",27,12,195.709708,ok,"{""double"": [""18"", ""19"", ""20"", ""21"", ""22"", ""23"", ""29"", ""30"", ""31"", ""32"", ""33"", ""34""], ""flx::floatx<11, 38>"": [""0"", ""1"", ""10"", ""11"", ""12"", ""13"", ""14"", ""15"", ""16"", ""17"", ""2"", ""24"", ""25"", ""26"", ""27"", ""28"", ""3"", ""35"", ""36"", ""37"", ""38"", ""4"", ""5"", ""6"", ""7"", ""8"", ""9""]}",
sig,9,11,39,"flx::floatx<11, 39>",27,12,195.636980,ok,"{""double"": [""18"", ""19"", ""20"", ""21"", ""22"", ""23"", ""29"", ""30"", ""31"", ""32"", ""33"", ""34""], ""flx::floatx<11, 39>"": [""0"", ""1"", ""10"", ""11"", ""12"", ""13"", ""14"", ""15"", ""16"", ""17"", ""2"", ""24"", ""25"", ""26"", ""27"", ""28"", ""3"", ""35"", ""36"", ""37"", ""38"", ""4"", ""5"", ""6"", ""7"", ""8"", ""9""]}",
sig,9,11,40,"flx::floatx<11, 40>",27,12,196.014497,ok,"{""double"": [""18"", ""19"", ""20"", ""21"", ""22"", ""23"", ""29"", ""30"", ""31"", ""32"", ""33"", ""34""], ""flx::floatx<11, 40>"": [""0"", ""1"", ""10"", ""11"", ""12"", ""13"", ""14"", ""15"", ""16"", ""17"", ""2"", ""24"", ""25"", ""26"", ""27"", ""28"", ""3"", ""35"", ""36"", ""37"", ""38"", ""4"", ""5"", ""6"", ""7"", ""8"", ""9""]}",
sig,9,11,41,"flx::floatx<11, 41>",27,12,195.778874,ok,"{""double"": [""18"", ""19"", ""20"", ""21"", ""22"", ""23"", ""29"", ""30"", ""31"", ""32"", ""33"", ""34""], ""flx::floatx<11, 41>"": [""0"", ""1"", ""10"", ""11"", ""12"", ""13"", ""14"", ""15"", ""16"", ""17"", ""2"", ""24"", ""25"", ""26"", ""27"", ""28"", ""3"", ""35"", ""36"", ""37"", ""38"", ""4"", ""5"", ""6"", ""7"", ""8"", ""9""]}",
sig,9,11,42,"flx::floatx<11, 42>",27,12,196.346661,ok,"{""double"": [""18"", ""19"", ""20"", ""21"", ""22"", ""23"", ""29"", ""30"", ""31"", ""32"", ""33"", ""34""], ""flx::floatx<11, 42>"": [""0"", ""1"", ""10"", ""11"", ""12"", ""13"", ""14"", ""15"", ""16"", ""17"", ""2"", ""24"", ""25"", ""26"", ""27"", ""28"", ""3"", ""35"", ""36"", ""37"", ""38"", ""4"", ""5"", ""6"", ""7"", ""8"", ""9""]}",
sig,9,11,43,"flx::floatx<11, 43>",35,4,84.677481,ok,"{""double"": [""20"", ""21"", ""24"", ""25""], ""flx::floatx<11, 43>"": [""0"", ""1"", ""10"", ""11"", ""12"", ""13"", ""14"", ""15"", ""16"", ""17"", ""18"", ""19"", ""2"", ""22"", ""23"", ""26"", ""27"", ""28"", ""29"", ""3"", ""30"", ""31"", ""32"", ""33"", ""34"", ""35"", ""36"", ""37"", ""38"", ""4"", ""5"", ""6"", ""7"", ""8"", ""9""]}",
sig,9,11,44,"flx::floatx<11, 44>",39,0,20.312204,ok,"{""flx::floatx<11, 44>"": [""0"", ""1"", ""10"", ""11"", ""12"", ""13"", ""14"", ""15"", ""16"", ""17"", ""18"", ""19"", ""2"", ""20"", ""21"", ""22"", ""23"", ""24"", ""25"", ""26"", ""27"", ""28"", ""29"", ""3"", ""30"", ""31"", ""32"", ""33"", ""34"", ""35"", ""36"", ""37"", ""38"", ""4"", ""5"", ""6"", ""7"", ""8"", ""9""]}",
sig,9,11,45,"flx::floatx<11, 45>",39,0,20.917753,ok,"{""flx::floatx<11, 45>"": [""0"", ""1"", ""10"", ""11"", ""12"", ""13"", ""14"", ""15"", ""16"", ""17"", ""18"", ""19"", ""2"", ""20"", ""21"", ""22"", ""23"", ""24"", ""25"", ""26"", ""27"", ""28"", ""29"", ""3"", ""30"", ""31"", ""32"", ""33"", ""34"", ""35"", ""36"", ""37"", ""38"", ""4"", ""5"", ""6"", ""7"", ""8"", ""9""]}",
sig,9,11,46,"flx::floatx<11, 46>",39,0,20.725158,ok,"{""flx::floatx<11, 46>"": [""0"", ""1"", ""10"", ""11"", ""12"", ""13"", ""14"", ""15"", ""16"", ""17"", ""18"", ""19"", ""2"", ""20"", ""21"", ""22"", ""23"", ""24"", ""25"", ""26"", ""27"", ""28"", ""29"", ""3"", ""30"", ""31"", ""32"", ""33"", ""34"", ""35"", ""36"", ""37"", ""38"", ""4"", ""5"", ""6"", ""7"", ""8"", ""9""]}",
sig,9,11,47,"flx::floatx<11, 47>",39,0,20.568949,ok,"{""flx::floatx<11, 47>"": [""0"", ""1"", ""10"", ""11"", ""12"", ""13"", ""14"", ""15"", ""16"", ""17"", ""18"", ""19"", ""2"", ""20"", ""21"", ""22"", ""23"", ""24"", ""25"", ""26"", ""27"", ""28"", ""29"", ""3"", ""30"", ""31"", ""32"", ""33"", ""34"", ""35"", ""36"", ""37"", ""38"", ""4"", ""5"", ""6"", ""7"", ""8"", ""9""]}",
sig,9,11,48,"flx::floatx<11, 48>",39,0,20.584927,ok,"{""flx::floatx<11, 48>"": [""0"", ""1"", ""10"", ""11"", ""12"", ""13"", ""14"", ""15"", ""16"", ""17"", ""18"", ""19"", ""2"", ""20"", ""21"", ""22"", ""23"", ""24"", ""25"", ""26"", ""27"", ""28"", ""29"", ""3"", ""30"", ""31"", ""32"", ""33"", ""34"", ""35"", ""36"", ""37"", ""38"", ""4"", ""5"", ""6"", ""7"", ""8"", ""9""]}",
sig,9,11,49,"flx::floatx<11, 49>",39,0,20.923254,ok,"{""flx::floatx<11, 49>"": [""0"", ""1"", ""10"", ""11"", ""12"", ""13"", ""14"", ""15"", ""16"", ""17"", ""18"", ""19"", ""2"", ""20"", ""21"", ""22"", ""23"", ""24"", ""25"", ""26"", ""27"", ""28"", ""29"", ""3"", ""30"", ""31"", ""32"", ""33"", ""34"", ""35"", ""36"", ""37"", ""38"", ""4"", ""5"", ""6"", ""7"", ""8"", ""9""]}",
sig,9,11,50,"flx::floatx<11, 50>",39,0,21.237697,ok,"{""flx::floatx<11, 50>"": [""0"", ""1"", ""10"", ""11"", ""12"", ""13"", ""14"", ""15"", ""16"", ""17"", ""18"", ""19"", ""2"", ""20"", ""21"", ""22"", ""23"", ""24"", ""25"", ""26"", ""27"", ""28"", ""29"", ""3"", ""30"", ""31"", ""32"", ""33"", ""34"", ""35"", ""36"", ""37"", ""38"", ""4"", ""5"", ""6"", ""7"", ""8"", ""9""]}",
sig,9,11,51,"flx::floatx<11, 51>",39,0,21.120995,ok,"{""flx::floatx<11, 51>"": [""0"", ""1"", ""10"", ""11"", ""12"", ""13"", ""14"", ""15"", ""16"", ""17"", ""18"", ""19"", ""2"", ""20"", ""21"", ""22"", ""23"", ""24"", ""25"", ""26"", ""27"", ""28"", ""29"", ""3"", ""30"", ""31"", ""32"", ""33"", ""34"", ""35"", ""36"", ""37"", ""38"", ""4"", ""5"", ""6"", ""7"", ""8"", ""9""]}",
sig,9,11,52,"flx::floatx<11, 52>",39,0,14.505065,ok,"{""flx::floatx<11, 52>"": [""0"", ""1"", ""10"", ""11"", ""12"", ""13"", ""14"", ""15"", ""16"", ""17"", ""18"", ""19"", ""2"", ""20"", ""21"", ""22"", ""23"", ""24"", ""25"", ""26"", ""27"", ""28"", ""29"", ""3"", ""30"", ""31"", ""32"", ""33"", ""34"", ""35"", ""36"", ""37"", ""38"", ""4"", ""5"", ""6"", ""7"", ""8"", ""9""]}",
exp,9,1,52,"flx::floatx<1, 52>",23,16,106.615631,ok,"{""double"": [""18"", ""19"", ""20"", ""21"", ""22"", ""23"", ""24"", ""25"", ""26"", ""27"", ""29"", ""30"", ""31"", ""32"", ""33"", ""34""], ""flx::floatx<1, 52>"": [""0"", ""1"", ""10"", ""11"", ""12"", ""13"", ""14"", ""15"", ""16"", ""17"", ""2"", ""28"", ""3"", ""35"", ""36"", ""37"", ""38"", ""4"", ""5"", ""6"", ""7"", ""8"", ""9""]}",
exp,9,2,52,"flx::floatx<2, 52>",23,16,107.137882,ok,"{""double"": [""18"", ""19"", ""20"", ""21"", ""22"", ""23"", ""24"", ""25"", ""26"", ""27"", ""29"", ""30"", ""31"", ""32"", ""33"", ""34""], ""flx::floatx<2, 52>"": [""0"", ""1"", ""10"", ""11"", ""12"", ""13"", ""14"", ""15"", ""16"", ""17"", ""2"", ""28"", ""3"", ""35"", ""36"", ""37"", ""38"", ""4"", ""5"", ""6"", ""7"", ""8"", ""9""]}",
exp,9,3,52,"flx::floatx<3, 52>",23,16,109.410022,ok,"{""double"": [""18"", ""19"", ""20"", ""21"", ""22"", ""23"", ""24"", ""25"", ""26"", ""27"", ""29"", ""30"", ""31"", ""32"", ""33"", ""34""], ""flx::floatx<3, 52>"": [""0"", ""1"", ""10"", ""11"", ""12"", ""13"", ""14"", ""15"", ""16"", ""17"", ""2"", ""28"", ""3"", ""35"", ""36"", ""37"", ""38"", ""4"", ""5"", ""6"", ""7"", ""8"", ""9""]}",
exp,9,4,52,"flx::floatx<4, 52>",23,16,111.319492,ok,"{""double"": [""18"", ""19"", ""20"", ""21"", ""22"", ""23"", ""24"", ""25"", ""26"", ""27"", ""29"", ""30"", ""31"", ""32"", ""33"", ""34""], ""flx::floatx<4, 52>"": [""0"", ""1"", ""10"", ""11"", ""12"", ""13"", ""14"", ""15"", ""16"", ""17"", ""2"", ""28"", ""3"", ""35"", ""36"", ""37"", ""38"", ""4"", ""5"", ""6"", ""7"", ""8"", ""9""]}",
exp,9,5,52,"flx::floatx<5, 52>",39,0,14.959882,ok,"{""flx::floatx<5, 52>"": [""0"", ""1"", ""10"", ""11"", ""12"", ""13"", ""14"", ""15"", ""16"", ""17"", ""18"", ""19"", ""2"", ""20"", ""21"", ""22"", ""23"", ""24"", ""25"", ""26"", ""27"", ""28"", ""29"", ""3"", ""30"", ""31"", ""32"", ""33"", ""34"", ""35"", ""36"", ""37"", ""38"", ""4"", ""5"", ""6"", ""7"", ""8"", ""9""]}",
exp,9,6,52,"flx::floatx<6, 52>",39,0,14.558102,ok,"{""flx::floatx<6, 52>"": [""0"", ""1"", ""10"", ""11"", ""12"", ""13"", ""14"", ""15"", ""16"", ""17"", ""18"", ""19"", ""2"", ""20"", ""21"", ""22"", ""23"", ""24"", ""25"", ""26"", ""27"", ""28"", ""29"", ""3"", ""30"", ""31"", ""32"", ""33"", ""34"", ""35"", ""36"", ""37"", ""38"", ""4"", ""5"", ""6"", ""7"", ""8"", ""9""]}",
exp,9,7,52,"flx::floatx<7, 52>",39,0,14.799936,ok,"{""flx::floatx<7, 52>"": [""0"", ""1"", ""10"", ""11"", ""12"", ""13"", ""14"", ""15"", ""16"", ""17"", ""18"", ""19"", ""2"", ""20"", ""21"", ""22"", ""23"", ""24"", ""25"", ""26"", ""27"", ""28"", ""29"", ""3"", ""30"", ""31"", ""32"", ""33"", ""34"", ""35"", ""36"", ""37"", ""38"", ""4"", ""5"", ""6"", ""7"", ""8"", ""9""]}",
exp,9,8,52,"flx::floatx<8, 52>",39,0,14.390792,ok,"{""flx::floatx<8, 52>"": [""0"", ""1"", ""10"", ""11"", ""12"", ""13"", ""14"", ""15"", ""16"", ""17"", ""18"", ""19"", ""2"", ""20"", ""21"", ""22"", ""23"", ""24"", ""25"", ""26"", ""27"", ""28"", ""29"", ""3"", ""30"", ""31"", ""32"", ""33"", ""34"", ""35"", ""36"", ""37"", ""38"", ""4"", ""5"", ""6"", ""7"", ""8"", ""9""]}",
exp,9,9,52,"flx::floatx<9, 52>",39,0,14.755826,ok,"{""flx::floatx<9, 52>"": [""0"", ""1"", ""10"", ""11"", ""12"", ""13"", ""14"", ""15"", ""16"", ""17"", ""18"", ""19"", ""2"", ""20"", ""21"", ""22"", ""23"", ""24"", ""25"", ""26"", ""27"", ""28"", ""29"", ""3"", ""30"", ""31"", ""32"", ""33"", ""34"", ""35"", ""36"", ""37"", ""38"", ""4"", ""5"", ""6"", ""7"", ""8"", ""9""]}",
exp,9,10,52,"flx::floatx<10, 52>",39,0,14.383479,ok,"{""flx::floatx<10, 52>"": [""0"", ""1"", ""10"", ""11"", ""12"", ""13"", ""14"", ""15"", ""16"", ""17"", ""18"", ""19"", ""2"", ""20"", ""21"", ""22"", ""23"", ""24"", ""25"", ""26"", ""27"", ""28"", ""29"", ""3"", ""30"", ""31"", ""32"", ""33"", ""34"", ""35"", ""36"", ""37"", ""38"", ""4"", ""5"", ""6"", ""7"", ""8"", ""9""]}",
exp,9,11,52,"flx::floatx<11, 52>",39,0,14.546536,ok,"{""flx::floatx<11, 52>"": [""0"", ""1"", ""10"", ""11"", ""12"", ""13"", ""14"", ""15"", ""16"", ""17"", ""18"", ""19"", ""2"", ""20"", ""21"", ""22"", ""23"", ""24"", ""25"", ""26"", ""27"", ""28"", ""29"", ""3"", ""30"", ""31"", ""32"", ""33"", ""34"", ""35"", ""36"", ""37"", ""38"", ""4"", ""5"", ""6"", ""7"", ""8"", ""9""]}",
sig,10,11,1,"flx::floatx<11, 1>",27,12,160.170383,ok,"{""double"": [""18"", ""19"", ""20"", ""21"", ""22"", ""23"", ""29"", ""30"", ""31"", ""32"", ""33"", ""34""], ""flx::floatx<11, 1>"": [""0"", ""1"", ""10"", ""11"", ""12"", ""13"", ""14"", ""15"", ""16"", ""17"", ""2"", ""24"", ""25"", ""26"", ""27"", ""28"", ""3"", ""35"", ""36"", ""37"", ""38"", ""4"", ""5"", ""6"", ""7"", ""8"", ""9""]}",
sig,10,11,2,"flx::floatx<11, 2>",27,12,171.472686,ok,"{""double"": [""18"", ""19"", ""20"", ""21"", ""22"", ""23"", ""29"", ""30"", ""31"", ""32"", ""33"", ""34""], ""flx::floatx<11, 2>"": [""0"", ""1"", ""10"", ""11"", ""12"", ""13"", ""14"", ""15"", ""16"", ""17"", ""2"", ""24"", ""25"", ""26"", ""27"", ""28"", ""3"", ""35"", ""36"", ""37"", ""38"", ""4"", ""5"", ""6"", ""7"", ""8"", ""9""]}",
sig,10,11,3,"flx::floatx<11, 3>",27,12,182.694865,ok,"{""double"": [""18"", ""19"", ""20"", ""21"", ""22"", ""23"", ""29"", ""30"", ""31"", ""32"", ""33"", ""34""], ""flx::floatx<11, 3>"": [""0"", ""1"", ""10"", ""11"", ""12"", ""13"", ""14"", ""15"", ""16"", ""17"", ""2"", ""24"", ""25"", ""26"", ""27"", ""28"", ""3"", ""35"", ""36"", ""37"", ""38"", ""4"", ""5"", ""6"", ""7"", ""8"", ""9""]}",
sig,10,11,4,"flx::floatx<11, 4>",27,12,194.544358,ok,"{""double"": [""18"", ""19"", ""20"", ""21"", ""22"", ""23"", ""29"", ""30"", ""31"", ""32"", ""33"", ""34""], ""flx::floatx<11, 4>"": [""0"", ""1"", ""10"", ""11"", ""12"", ""13"", ""14"", ""15"", ""16"", ""17"", ""2"", ""24"", ""25"", ""26"", ""27"", ""28"", ""3"", ""35"", ""36"", ""37"", ""38"", ""4"", ""5"", ""6"", ""7"", ""8"", ""9""]}",
sig,10,11,5,"flx::floatx<11, 5>",27,12,194.469224,ok,"{""double"": [""18"", ""19"", ""20"", ""21"", ""22"", ""23"", ""29"", ""30"", ""31"", ""32"", ""33"", ""34""], ""flx::floatx<11, 5>"": [""0"", ""1"", ""10"", ""11"", ""12"", ""13"", ""14"", ""15"", ""16"", ""17"", ""2"", ""24"", ""25"", ""26"", ""27"", ""28"", ""3"", ""35"", ""36"", ""37"", ""38"", ""4"", ""5"", ""6"", ""7"", ""8"", ""9""]}",
sig,10,11,6,"flx::floatx<11, 6>",27,12,194.286952,ok,"{""double"": [""18"", ""19"", ""20"", ""21"", ""22"", ""23"", ""29"", ""30"", ""31"", ""32"", ""33"", ""34""], ""flx::floatx<11, 6>"": [""0"", ""1"", ""10"", ""11"", ""12"", ""13"", ""14"", ""15"", ""16"", ""17"", ""2"", ""24"", ""25"", ""26"", ""27"", ""28"", ""3"", ""35"", ""36"", ""37"", ""38"", ""4"", ""5"", ""6"", ""7"", ""8"", ""9""]}",
sig,10,11,7,"flx::floatx<11, 7>",27,12,194.549707,ok,"{""double"": [""18"", ""19"", ""20"", ""21"", ""22"", ""23"", ""29"", ""30"", ""31"", ""32"", ""33"", ""34""], ""flx::floatx<11, 7>"": [""0"", ""1"", ""10"", ""11"", ""12"", ""13"", ""14"", ""15"", ""16"", ""17"", ""2"", ""24"", ""25"", ""26"", ""27"", ""28"", ""3"", ""35"", ""36"", ""37"", ""38"", ""4"", ""5"", ""6"", ""7"", ""8"", ""9""]}",
sig,10,11,8,"flx::floatx<11, 8>",27,12,193.450212,ok,"{""double"": [""18"", ""19"", ""20"", ""21"", ""22"", ""23"", ""29"", ""30"", ""31"", ""32"", ""33"", ""34""], ""flx::floatx<11, 8>"": [""0"", ""1"", ""10"", ""11"", ""12"", ""13"", ""14"", ""15"", ""16"", ""17"", ""2"", ""24"", ""25"", ""26"", ""27"", ""28"", ""3"", ""35"", ""36"", ""37"", ""38"", ""4"", ""5"", ""6"", ""7"", ""8"", ""9""]}",
sig,10,11,9,"flx::floatx<11, 9>",27,12,194.629668,ok,"{""double"": [""18"", ""19"", ""20"", ""21"", ""22"", ""23"", ""29"", ""30"", ""31"", ""32"", ""33"", ""34""], ""flx::floatx<11, 9>"": [""0"", ""1"", ""10"", ""11"", ""12"", ""13"", ""14"", ""15"", ""16"", ""17"", ""2"", ""24"", ""25"", ""26"", ""27"", ""28"", ""3"", ""35"", ""36"", ""37"", ""38"", ""4"", ""5"", ""6"", ""7"", ""8"", ""9""]}",
sig,10,11,10,"flx::floatx<11, 10>",27,12,194.243573,ok,"{""double"": [""18"", ""19"", ""20"", ""21"", ""22"", ""23"", ""29"", ""30"", ""31"", ""32"", ""33"", ""34""], ""flx::floatx<11, 10>"": [""0"", ""1"", ""10"", ""11"", ""12"", ""13"", ""14"", ""15"", ""16"", ""17"", ""2"", ""24"", ""25"", ""26"", ""27"", ""28"", ""3"", ""35"", ""36"", ""37"", ""38"", ""4"", ""5"", ""6"", ""7"", ""8"", ""9""]}",
sig,10,11,11,"flx::floatx<11, 11>",27,12,194.281436,ok,"{""double"": [""18"", ""19"", ""20"", ""21"", ""22"", ""23"", ""29"", ""30"", ""31"", ""32"", ""33"", ""34""], ""flx::floatx<11, 11>"": [""0"", ""1"", ""10"", ""11"", ""12"", ""13"", ""14"", ""15"", ""16"", ""17"", ""2"", ""24"", ""25"", ""26"", ""27"", ""28"", ""3"", ""35"", ""36"", ""37"", ""38"", ""4"", ""5"", ""6"", ""7"", ""8"", ""9""]}",
sig,10,11,12,"flx::floatx<11, 12>",27,12,193.853990,ok,"{""double"": [""18"", ""19"", ""20"", ""21"", ""22"", ""23"", ""29"", ""30"", ""31"", ""32"", ""33"", ""34""], ""flx::floatx<11, 12>"": [""0"", ""1"", ""10"", ""11"", ""12"", ""13"", ""14"", ""15"", ""16"", ""17"", ""2"", ""24"", ""25"", ""26"", ""27"", ""28"", ""3"", ""35"", ""36"", ""37"", ""38"", ""4"", ""5"", ""6"", ""7"", ""8"", ""9""]}",
sig,10,11,13,"flx::floatx<11, 13>",27,12,195.067870,ok,"{""double"": [""18"", ""19"", ""20"", ""21"", ""22"", ""23"", ""29"", ""30"", ""31"", ""32"", ""33"", ""34""], ""flx::floatx<11, 13>"": [""0"", ""1"", ""10"", ""11"", ""12"", ""13"", ""14"", ""15"", ""16"", ""17"", ""2"", ""24"", ""25"", ""26"", ""27"", ""28"", ""3"", ""35"", ""36"", ""37"", ""38"", ""4"", ""5"", ""6"", ""7"", ""8"", ""9""]}",
sig,10,11,14,"flx::floatx<11, 14>",27,12,194.548270,ok,"{""double"": [""18"", ""19"", ""20"", ""21"", ""22"", ""23"", ""29"", ""30"", ""31"", ""32"", ""33"", ""34""], ""flx::floatx<11, 14>"": [""0"", ""1"", ""10"", ""11"", ""12"", ""13"", ""14"", ""15"", ""16"", ""17"", ""2"", ""24"", ""25"", ""26"", ""27"", ""28"", ""3"", ""35"", ""36"", ""37"", ""38"", ""4"", ""5"", ""6"", ""7"", ""8"", ""9""]}",
sig,10,11,15,"flx::floatx<11, 15>",27,12,194.925076,ok,"{""double"": [""18"", ""19"", ""20"", ""21"", ""22"", ""23"", ""29"", ""30"", ""31"", ""32"", ""33"", ""34""], ""flx::floatx<11, 15>"": [""0"", ""1"", ""10"", ""11"", ""12"", ""13"", ""14"", ""15"", ""16"", ""17"", ""2"", ""24"", ""25"", ""26"", ""27"", ""28"", ""3"", ""35"", ""36"", ""37"", ""38"", ""4"", ""5"", ""6"", ""7"", ""8"", ""9""]}",
sig,10,11,16,"flx::floatx<11, 16>",27,12,194.283945,ok,"{""double"": [""18"", ""19"", ""20"", ""21"", ""22"", ""23"", ""29"", ""30"", ""31"", ""32"", ""33"", ""34""], ""flx::floatx<11, 16>"": [""0"", ""1"", ""10"", ""11"", ""12"", ""13"", ""14"", ""15"", ""16"", ""17"", ""2"", ""24"", ""25"", ""26"", ""27"", ""28"", ""3"", ""35"", ""36"", ""37"", ""38"", ""4"", ""5"", ""6"", ""7"", ""8"", ""9""]}",
sig,10,11,17,"flx::floatx<11, 17>",27,12,194.929102,ok,"{""double"": [""18"", ""19"", ""20"", ""21"", ""22"", ""23"", ""29"", ""30"", ""31"", ""32"", ""33"", ""34""], ""flx::floatx<11, 17>"": [""0"", ""1"", ""10"", ""11"", ""12"", ""13"", ""14"", ""15"", ""16"", ""17"", ""2"", ""24"", ""25"", ""26"", ""27"", ""28"", ""3"", ""35"", ""36"", ""37"", ""38"", ""4"", ""5"", ""6"", ""7"", ""8"", ""9""]}",
sig,10,11,18,"flx::floatx<11, 18>",27,12,193.367146,ok,"{""double"": [""18"", ""19"", ""20"", ""21"", ""22"", ""23"", ""29"", ""30"", ""31"", ""32"", ""33"", ""34""], ""flx::floatx<11, 18>"": [""0"", ""1"", ""10"", ""11"", ""12"", ""13"", ""14"", ""15"", ""16"", ""17"", ""2"", ""24"", ""25"", ""26"", ""27"", ""28"", ""3"", ""35"", ""36"", ""37"", ""38"", ""4"", ""5"", ""6"", ""7"", ""8"", ""9""]}",
sig,10,11,19,"flx::floatx<11, 19>",27,12,194.463216,ok,"{""double"": [""18"", ""19"", ""20"", ""21"", ""22"", ""23"", ""29"", ""30"", ""31"", ""32"", ""33"", ""34""], ""flx::floatx<11, 19>"": [""0"", ""1"", ""10"", ""11"", ""12"", ""13"", ""14"", ""15"", ""16"", ""17"", ""2"", ""24"", ""25"", ""26"", ""27"", ""28"", ""3"", ""35"", ""36"", ""37"", ""38"", ""4"", ""5"", ""6"", ""7"", ""8"", ""9""]}",
sig,10,11,20,"flx::floatx<11, 20>",27,12,194.234078,ok,"{""double"": [""18"", ""19"", ""20"", ""21"", ""22"", ""23"", ""29"", ""30"", ""31"", ""32"", ""33"", ""34""], ""flx::floatx<11, 20>"": [""0"", ""1"", ""10"", ""11"", ""12"", ""13"", ""14"", ""15"", ""16"", ""17"", ""2"", ""24"", ""25"", ""26"", ""27"", ""28"", ""3"", ""35"", ""36"", ""37"", ""38"", ""4"", ""5"", ""6"", ""7"", ""8"", ""9""]}",
sig,10,11,21,"flx::floatx<11, 21>",27,12,193.092491,ok,"{""double"": [""18"", ""19"", ""20"", ""21"", ""22"", ""23"", ""29"", ""30"", ""31"", ""32"", ""33"", ""34""], ""flx::floatx<11, 21>"": [""0"", ""1"", ""10"", ""11"", ""12"", ""13"", ""14"", ""15"", ""16"", ""17"", ""2"", ""24"", ""25"", ""26"", ""27"", ""28"", ""3"", ""35"", ""36"", ""37"", ""38"", ""4"", ""5"", ""6"", ""7"", ""8"", ""9""]}",
sig,10,11,22,"flx::floatx<11, 22>",27,12,195.244236,ok,"{""double"": [""18"", ""19"", ""20"", ""21"", ""22"", ""23"", ""29"", ""30"", ""31"", ""32"", ""33"", ""34""], ""flx::floatx<11, 22>"": [""0"", ""1"", ""10"", ""11"", ""12"", ""13"", ""14"", ""15"", ""16"", ""17"", ""2"", ""24"", ""25"", ""26"", ""27"", ""28"", ""3"", ""35"", ""36"", ""37"", ""38"", ""4"", ""5"", ""6"", ""7"", ""8"", ""9""]}",
sig,10,11,23,"flx::floatx<11, 23>",27,12,195.104600,ok,"{""double"": [""18"", ""19"", ""20"", ""21"", ""22"", ""23"", ""29"", ""30"", ""31"", ""32"", ""33"", ""34""], ""flx::floatx<11, 23>"": [""0"", ""1"", ""10"", ""11"", ""12"", ""13"", ""14"", ""15"", ""16"", ""17"", ""2"", ""24"", ""25"", ""26"", ""27"", ""28"", ""3"", ""35"", ""36"", ""37"", ""38"", ""4"", ""5"", ""6"", ""7"", ""8"", ""9""]}",
sig,10,11,24,"flx::floatx<11, 24>",27,12,195.752575,ok,"{""double"": [""18"", ""19"", ""20"", ""21"", ""22"", ""23"", ""29"", ""30"", ""31"", ""32"", ""33"", ""34""], ""flx::floatx<11, 24>"": [""0"", ""1"", ""10"", ""11"", ""12"", ""13"", ""14"", ""15"", ""16"", ""17"", ""2"", ""24"", ""25"", ""26"", ""27"", ""28"", ""3"", ""35"", ""36"", ""37"", ""38"", ""4"", ""5"", ""6"", ""7"", ""8"", ""9""]}",
sig,10,11,25,"flx::floatx<11, 25>",27,12,195.052340,ok,"{""double"": [""18"", ""19"", ""20"", ""21"", ""22"", ""23"", ""29"", ""30"", ""31"", ""32"", ""33"", ""34""], ""flx::floatx<11, 25>"": [""0"", ""1"", ""10"", ""11"", ""12"", ""13"", ""14"", ""15"", ""16"", ""17"", ""2"", ""24"", ""25"", ""26"", ""27"", ""28"", ""3"", ""35"", ""36"", ""37"", ""38"", ""4"", ""5"", ""6"", ""7"", ""8"", ""9""]}",
sig,10,11,26,"flx::floatx<11, 26>",27,12,195.480449,ok,"{""double"": [""18"", ""19"", ""20"", ""21"", ""22"", ""23"", ""29"", ""30"", ""31"", ""32"", ""33"", ""34""], ""flx::floatx<11, 26>"": [""0"", ""1"", ""10"", ""11"", ""12"", ""13"", ""14"", ""15"", ""16"", ""17"", ""2"", ""24"", ""25"", ""26"", ""27"", ""28"", ""3"", ""35"", ""36"", ""37"", ""38"", ""4"", ""5"", ""6"", ""7"", ""8"", ""9""]}",
sig,10,11,27,"flx::floatx<11, 27>",27,12,195.800402,ok,"{""double"": [""18"", ""19"", ""20"", ""21"", ""22"", ""23"", ""29"", ""30"", ""31"", ""32"", ""33"", ""34""], ""flx::floatx<11, 27>"": [""0"", ""1"", ""10"", ""11"", ""12"", ""13"", ""14"", ""15"", ""16"", ""17"", ""2"", ""24"", ""25"", ""26"", ""27"", ""28"", ""3"", ""35"", ""36"", ""37"", ""38"", ""4"", ""5"", ""6"", ""7"", ""8"", ""9""]}",
sig,10,11,28,"flx::floatx<11, 28>",27,12,194.573248,ok,"{""double"": [""18"", ""19"", ""20"", ""21"", ""22"", ""23"", ""29"", ""30"", ""31"", ""32"", ""33"", ""34""], ""flx::floatx<11, 28>"": [""0"", ""1"", ""10"", ""11"", ""12"", ""13"", ""14"", ""15"", ""16"", ""17"", ""2"", ""24"", ""25"", ""26"", ""27"", ""28"", ""3"", ""35"", ""36"", ""37"", ""38"", ""4"", ""5"", ""6"", ""7"", ""8"", ""9""]}",
sig,10,11,29,"flx::floatx<11, 29>",27,12,195.782360,ok,"{""double"": [""18"", ""19"", ""20"", ""21"", ""22"", ""23"", ""29"", ""30"", ""31"", ""32"", ""33"", ""34""], ""flx::floatx<11, 29>"": [""0"", ""1"", ""10"", ""11"", ""12"", ""13"", ""14"", ""15"", ""16"", ""17"", ""2"", ""24"", ""25"", ""26"", ""27"", ""28"", ""3"", ""35"", ""36"", ""37"", ""38"", ""4"", ""5"", ""6"", ""7"", ""8"", ""9""]}",
sig,10,11,30,"flx::floatx<11, 30>",27,12,194.169621,ok,"{""double"": [""18"", ""19"", ""20"", ""21"", ""22"", ""23"", ""29"", ""30"", ""31"", ""32"", ""33"", ""34""], ""flx::floatx<11, 30>"": [""0"", ""1"", ""10"", ""11"", ""12"", ""13"", ""14"", ""15"", ""16"", ""17"", ""2"", ""24"", ""25"", ""26"", ""27"", ""28"", ""3"", ""35"", ""36"", ""37"", ""38"", ""4"", ""5"", ""6"", ""7"", ""8"", ""9""]}",
sig,10,11,31,"flx::floatx<11, 31>",27,12,195.071317,ok,"{""double"": [""18"", ""19"", ""20"", ""21"", ""22"", ""23"", ""29"", ""30"", ""31"", ""32"", ""33"", ""34""], ""flx::floatx<11, 31>"": [""0"", ""1"", ""10"", ""11"", ""12"", ""13"", ""14"", ""15"", ""16"", ""17"", ""2"", ""24"", ""25"", ""26"", ""27"", ""28"", ""3"", ""35"", ""36"", ""37"", ""38"", ""4"", ""5"", ""6"", ""7"", ""8"", ""9""]}",
sig,10,11,32,"flx::floatx<11, 32>",27,12,192.971926,ok,"{""double"": [""18"", ""19"", ""20"", ""21"", ""22"", ""23"", ""29"", ""30"", ""31"", ""32"", ""33"", ""34""], ""flx::floatx<11, 32>"": [""0"", ""1"", ""10"", ""11"", ""12"", ""13"", ""14"", ""15"", ""16"", ""17"", ""2"", ""24"", ""25"", ""26"", ""27"", ""28"", ""3"", ""35"", ""36"", ""37"", ""38"", ""4"", ""5"", ""6"", ""7"", ""8"", ""9""]}",
sig,10,11,33,"flx::floatx<11, 33>",27,12,193.523372,ok,"{""double"": [""18"", ""19"", ""20"", ""21"", ""22"", ""23"", ""29"", ""30"", ""31"", ""32"", ""33"", ""34""], ""flx::floatx<11, 33>"": [""0"", ""1"", ""10"", ""11"", ""12"", ""13"", ""14"", ""15"", ""16"", ""17"", ""2"", ""24"", ""25"", ""26"", ""27"", ""28"", ""3"", ""35"", ""36"", ""37"", ""38"", ""4"", ""5"", ""6"", ""7"", ""8"", ""9""]}",
sig,10,11,34,"flx::floatx<11, 34>",27,12,194.577922,ok,"{""double"": [""18"", ""19"", ""20"", ""21"", ""22"", ""23"", ""29"", ""30"", ""31"", ""32"", ""33"", ""34""], ""flx::floatx<11, 34>"": [""0"", ""1"", ""10"", ""11"", ""12"", ""13"", ""14"", ""15"", ""16"", ""17"", ""2"", ""24"", ""25"", ""26"", ""27"", ""28"", ""3"", ""35"", ""36"", ""37"", ""38"", ""4"", ""5"", ""6"", ""7"", ""8"", ""9""]}",
sig,10,11,35,"flx::floatx<11, 35>",27,12,192.951869,ok,"{""double"": [""18"", ""19"", ""20"", ""21"", ""22"", ""23"", ""29"", ""30"", ""31"", ""32"", ""33"", ""34""], ""flx::floatx<11, 35>"": [""0"", ""1"", ""10"", ""11"", ""12"", ""13"", ""14"", ""15"", ""16"", ""17"", ""2"", ""24"", ""25"", ""26"", ""27"", ""28"", ""3"", ""35"", ""36"", ""37"", ""38"", ""4"", ""5"", ""6"", ""7"", ""8"", ""9""]}",
sig,10,11,36,"flx::floatx<11, 36>",27,12,196.092892,ok,"{""double"": [""18"", ""19"", ""20"", ""21"", ""22"", ""23"", ""29"", ""30"", ""31"", ""32"", ""33"", ""34""], ""flx::floatx<11, 36>"": [""0"", ""1"", ""10"", ""11"", ""12"", ""13"", ""14"", ""15"", ""16"", ""17"", ""2"", ""24"", ""25"", ""26"", ""27"", ""28"", ""3"", ""35"", ""36"", ""37"", ""38"", ""4"", ""5"", ""6"", ""7"", ""8"", ""9""]}",
sig,10,11,37,"flx::floatx<11, 37>",27,12,195.695844,ok,"{""double"": [""18"", ""19"", ""20"", ""21"", ""22"", ""23"", ""29"", ""30"", ""31"", ""32"", ""33"", ""34""], ""flx::floatx<11, 37>"": [""0"", ""1"", ""10"", ""11"", ""12"", ""13"", ""14"", ""15"", ""16"", ""17"", ""2"", ""24"", ""25"", ""26"", ""27"", ""28"", ""3"", ""35"", ""36"", ""37"", ""38"", ""4"", ""5"", ""6"", ""7"", ""8"", ""9""]}",
sig,10,11,38,"flx::floatx<11, 38>",27,12,196.952723,ok,"{""double"": [""18"", ""19"", ""20"", ""21"", ""22"", ""23"", ""29"", ""30"", ""31"", ""32"", ""33"", ""34""], ""flx::floatx<11, 38>"": [""0"", ""1"", ""10"", ""11"", ""12"", ""13"", ""14"", ""15"", ""16"", ""17"", ""2"", ""24"", ""25"", ""26"", ""27"", ""28"", ""3"", ""35"", ""36"", ""37"", ""38"", ""4"", ""5"", ""6"", ""7"", ""8"", ""9""]}",
sig,10,11,39,"flx::floatx<11, 39>",27,12,195.805515,ok,"{""double"": [""18"", ""19"", ""20"", ""21"", ""22"", ""23"", ""29"", ""30"", ""31"", ""32"", ""33"", ""34""], ""flx::floatx<11, 39>"": [""0"", ""1"", ""10"", ""11"", ""12"", ""13"", ""14"", ""15"", ""16"", ""17"", ""2"", ""24"", ""25"", ""26"", ""27"", ""28"", ""3"", ""35"", ""36"", ""37"", ""38"", ""4"", ""5"", ""6"", ""7"", ""8"", ""9""]}",
sig,10,11,40,"flx::floatx<11, 40>",27,12,196.532234,ok,"{""double"": [""18"", ""19"", ""20"", ""21"", ""22"", ""23"", ""29"", ""30"", ""31"", ""32"", ""33"", ""34""], ""flx::floatx<11, 40>"": [""0"", ""1"", ""10"", ""11"", ""12"", ""13"", ""14"", ""15"", ""16"", ""17"", ""2"", ""24"", ""25"", ""26"", ""27"", ""28"", ""3"", ""35"", ""36"", ""37"", ""38"", ""4"", ""5"", ""6"", ""7"", ""8"", ""9""]}",
sig,10,11,41,"flx::floatx<11, 41>",27,12,197.598499,ok,"{""double"": [""18"", ""19"", ""20"", ""21"", ""22"", ""23"", ""29"", ""30"", ""31"", ""32"", ""33"", ""34""], ""flx::floatx<11, 41>"": [""0"", ""1"", ""10"", ""11"", ""12"", ""13"", ""14"", ""15"", ""16"", ""17"", ""2"", ""24"", ""25"", ""26"", ""27"", ""28"", ""3"", ""35"", ""36"", ""37"", ""38"", ""4"", ""5"", ""6"", ""7"", ""8"", ""9""]}",
sig,10,11,42,"flx::floatx<11, 42>",27,12,196.215267,ok,"{""double"": [""18"", ""19"", ""20"", ""21"", ""22"", ""23"", ""29"", ""30"", ""31"", ""32"", ""33"", ""34""], ""flx::floatx<11, 42>"": [""0"", ""1"", ""10"", ""11"", ""12"", ""13"", ""14"", ""15"", ""16"", ""17"", ""2"", ""24"", ""25"", ""26"", ""27"", ""28"", ""3"", ""35"", ""36"", ""37"", ""38"", ""4"", ""5"", ""6"", ""7"", ""8"", ""9""]}",
sig,10,11,43,"flx::floatx<11, 43>",27,12,196.878978,ok,"{""double"": [""18"", ""19"", ""20"", ""21"", ""22"", ""23"", ""29"", ""30"", ""31"", ""32"", ""33"", ""34""], ""flx::floatx<11, 43>"": [""0"", ""1"", ""10"", ""11"", ""12"", ""13"", ""14"", ""15"", ""16"", ""17"", ""2"", ""24"", ""25"", ""26"", ""27"", ""28"", ""3"", ""35"", ""36"", ""37"", ""38"", ""4"", ""5"", ""6"", ""7"", ""8"", ""9""]}",
sig,10,11,44,"flx::floatx<11, 44>",27,12,193.141314,ok,"{""double"": [""18"", ""19"", ""20"", ""21"", ""22"", ""23"", ""29"", ""30"", ""31"", ""32"", ""33"", ""34""], ""flx::floatx<11, 44>"": [""0"", ""1"", ""10"", ""11"", ""12"", ""13"", ""14"", ""15"", ""16"", ""17"", ""2"", ""24"", ""25"", ""26"", ""27"", ""28"", ""3"", ""35"", ""36"", ""37"", ""38"", ""4"", ""5"", ""6"", ""7"", ""8"", ""9""]}",
sig,10,11,45,"flx::floatx<11, 45>",27,12,194.967055,ok,"{""double"": [""18"", ""19"", ""20"", ""21"", ""22"", ""23"", ""29"", ""30"", ""31"", ""32"", ""33"", ""34""], ""flx::floatx<11, 45>"": [""0"", ""1"", ""10"", ""11"", ""12"", ""13"", ""14"", ""15"", ""16"", ""17"", ""2"", ""24"", ""25"", ""26"", ""27"", ""28"", ""3"", ""35"", ""36"", ""37"", ""38"", ""4"", ""5"", ""6"", ""7"", ""8"", ""9""]}",
sig,10,11,46,"flx::floatx<11, 46>",29,10,183.798579,ok,"{""double"": [""18"", ""19"", ""20"", ""21"", ""22"", ""23"", ""31"", ""32"", ""33"", ""34""], ""flx::floatx<11, 46>"": [""0"", ""1"", ""10"", ""11"", ""12"", ""13"", ""14"", ""15"", ""16"", ""17"", ""2"", ""24"", ""25"", ""26"", ""27"", ""28"", ""29"", ""3"", ""30"", ""35"", ""36"", ""37"", ""38"", ""4"", ""5"", ""6"", ""7"", ""8"", ""9""]}",
sig,10,11,47,"flx::floatx<11, 47>",35,4,84.643958,ok,"{""double"": [""20"", ""21"", ""24"", ""25""], ""flx::floatx<11, 47>"": [""0"", ""1"", ""10"", ""11"", ""12"", ""13"", ""14"", ""15"", ""16"", ""17"", ""18"", ""19"", ""2"", ""22"", ""23"", ""26"", ""27"", ""28"", ""29"", ""3"", ""30"", ""31"", ""32"", ""33"", ""34"", ""35"", ""36"", ""37"", ""38"", ""4"", ""5"", ""6"", ""7"", ""8"", ""9""]}",
sig,10,11,48,"flx::floatx<11, 48>",39,0,20.477971,ok,"{""flx::floatx<11, 48>"": [""0"", ""1"", ""10"", ""11"", ""12"", ""13"", ""14"", ""15"", ""16"", ""17"", ""18"", ""19"", ""2"", ""20"", ""21"", ""22"", ""23"", ""24"", ""25"", ""26"", ""27"", ""28"", ""29"", ""3"", ""30"", ""31"", ""32"", ""33"", ""34"", ""35"", ""36"", ""37"", ""38"", ""4"", ""5"", ""6"", ""7"", ""8"", ""9""]}",
sig,10,11,49,"flx::floatx<11, 49>",39,0,21.033094,ok,"{""flx::floatx<11, 49>"": [""0"", ""1"", ""10"", ""11"", ""12"", ""13"", ""14"", ""15"", ""16"", ""17"", ""18"", ""19"", ""2"", ""20"", ""21"", ""22"", ""23"", ""24"", ""25"", ""26"", ""27"", ""28"", ""29"", ""3"", ""30"", ""31"", ""32"", ""33"", ""34"", ""35"", ""36"", ""37"", ""38"", ""4"", ""5"", ""6"", ""7"", ""8"", ""9""]}",
sig,10,11,50,"flx::floatx<11, 50>",39,0,21.199167,ok,"{""flx::floatx<11, 50>"": [""0"", ""1"", ""10"", ""11"", ""12"", ""13"", ""14"", ""15"", ""16"", ""17"", ""18"", ""19"", ""2"", ""20"", ""21"", ""22"", ""23"", ""24"", ""25"", ""26"", ""27"", ""28"", ""29"", ""3"", ""30"", ""31"", ""32"", ""33"", ""34"", ""35"", ""36"", ""37"", ""38"", ""4"", ""5"", ""6"", ""7"", ""8"", ""9""]}",
sig,10,11,51,"flx::floatx<11, 51>",39,0,21.129046,ok,"{""flx::floatx<11, 51>"": [""0"", ""1"", ""10"", ""11"", ""12"", ""13"", ""14"", ""15"", ""16"", ""17"", ""18"", ""19"", ""2"", ""20"", ""21"", ""22"", ""23"", ""24"", ""25"", ""26"", ""27"", ""28"", ""29"", ""3"", ""30"", ""31"", ""32"", ""33"", ""34"", ""35"", ""36"", ""37"", ""38"", ""4"", ""5"", ""6"", ""7"", ""8"", ""9""]}",
sig,10,11,52,"flx::floatx<11, 52>",39,0,14.827488,ok,"{""flx::floatx<11, 52>"": [""0"", ""1"", ""10"", ""11"", ""12"", ""13"", ""14"", ""15"", ""16"", ""17"", ""18"", ""19"", ""2"", ""20"", ""21"", ""22"", ""23"", ""24"", ""25"", ""26"", ""27"", ""28"", ""29"", ""3"", ""30"", ""31"", ""32"", ""33"", ""34"", ""35"", ""36"", ""37"", ""38"", ""4"", ""5"", ""6"", ""7"", ""8"", ""9""]}",
exp,10,1,52,"flx::floatx<1, 52>",23,16,106.224947,ok,"{""double"": [""18"", ""19"", ""20"", ""21"", ""22"", ""23"", ""24"", ""25"", ""26"", ""27"", ""29"", ""30"", ""31"", ""32"", ""33"", ""34""], ""flx::floatx<1, 52>"": [""0"", ""1"", ""10"", ""11"", ""12"", ""13"", ""14"", ""15"", ""16"", ""17"", ""2"", ""28"", ""3"", ""35"", ""36"", ""37"", ""38"", ""4"", ""5"", ""6"", ""7"", ""8"", ""9""]}",
exp,10,2,52,"flx::floatx<2, 52>",23,16,107.379113,ok,"{""double"": [""18"", ""19"", ""20"", ""21"", ""22"", ""23"", ""24"", ""25"", ""26"", ""27"", ""29"", ""30"", ""31"", ""32"", ""33"", ""34""], ""flx::floatx<2, 52>"": [""0"", ""1"", ""10"", ""11"", ""12"", ""13"", ""14"", ""15"", ""16"", ""17"", ""2"", ""28"", ""3"", ""35"", ""36"", ""37"", ""38"", ""4"", ""5"", ""6"", ""7"", ""8"", ""9""]}",
exp,10,3,52,"flx::floatx<3, 52>",23,16,111.279687,ok,"{""double"": [""18"", ""19"", ""20"", ""21"", ""22"", ""23"", ""24"", ""25"", ""26"", ""27"", ""29"", ""30"", ""31"", ""32"", ""33"", ""34""], ""flx::floatx<3, 52>"": [""0"", ""1"", ""10"", ""11"", ""12"", ""13"", ""14"", ""15"", ""16"", ""17"", ""2"", ""28"", ""3"", ""35"", ""36"", ""37"", ""38"", ""4"", ""5"", ""6"", ""7"", ""8"", ""9""]}",
exp,10,4,52,"flx::floatx<4, 52>",23,16,111.016511,ok,"{""double"": [""18"", ""19"", ""20"", ""21"", ""22"", ""23"", ""24"", ""25"", ""26"", ""27"", ""29"", ""30"", ""31"", ""32"", ""33"", ""34""], ""flx::floatx<4, 52>"": [""0"", ""1"", ""10"", ""11"", ""12"", ""13"", ""14"", ""15"", ""16"", ""17"", ""2"", ""28"", ""3"", ""35"", ""36"", ""37"", ""38"", ""4"", ""5"", ""6"", ""7"", ""8"", ""9""]}",
exp,10,5,52,"flx::floatx<5, 52>",39,0,15.087495,ok,"{""flx::floatx<5, 52>"": [""0"", ""1"", ""10"", ""11"", ""12"", ""13"", ""14"", ""15"", ""16"", ""17"", ""18"", ""19"", ""2"", ""20"", ""21"", ""22"", ""23"", ""24"", ""25"", ""26"", ""27"", ""28"", ""29"", ""3"", ""30"", ""31"", ""32"", ""33"", ""34"", ""35"", ""36"", ""37"", ""38"", ""4"", ""5"", ""6"", ""7"", ""8"", ""9""]}",
exp,10,6,52,"flx::floatx<6, 52>",39,0,14.400923,ok,"{""flx::floatx<6, 52>"": [""0"", ""1"", ""10"", ""11"", ""12"", ""13"", ""14"", ""15"", ""16"", ""17"", ""18"", ""19"", ""2"", ""20"", ""21"", ""22"", ""23"", ""24"", ""25"", ""26"", ""27"", ""28"", ""29"", ""3"", ""30"", ""31"", ""32"", ""33"", ""34"", ""35"", ""36"", ""37"", ""38"", ""4"", ""5"", ""6"", ""7"", ""8"", ""9""]}",
exp,10,7,52,"flx::floatx<7, 52>",39,0,15.109720,ok,"{""flx::floatx<7, 52>"": [""0"", ""1"", ""10"", ""11"", ""12"", ""13"", ""14"", ""15"", ""16"", ""17"", ""18"", ""19"", ""2"", ""20"", ""21"", ""22"", ""23"", ""24"", ""25"", ""26"", ""27"", ""28"", ""29"", ""3"", ""30"", ""31"", ""32"", ""33"", ""34"", ""35"", ""36"", ""37"", ""38"", ""4"", ""5"", ""6"", ""7"", ""8"", ""9""]}",
exp,10,8,52,"flx::floatx<8, 52>",39,0,14.425114,ok,"{""flx::floatx<8, 52>"": [""0"", ""1"", ""10"", ""11"", ""12"", ""13"", ""14"", ""15"", ""16"", ""17"", ""18"", ""19"", ""2"", ""20"", ""21"", ""22"", ""23"", ""24"", ""25"", ""26"", ""27"", ""28"", ""29"", ""3"", ""30"", ""31"", ""32"", ""33"", ""34"", ""35"", ""36"", ""37"", ""38"", ""4"", ""5"", ""6"", ""7"", ""8"", ""9""]}",
exp,10,9,52,"flx::floatx<9, 52>",39,0,15.153039,ok,"{""flx::floatx<9, 52>"": [""0"", ""1"", ""10"", ""11"", ""12"", ""13"", ""14"", ""15"", ""16"", ""17"", ""18"", ""19"", ""2"", ""20"", ""21"", ""22"", ""23"", ""24"", ""25"", ""26"", ""27"", ""28"", ""29"", ""3"", ""30"", ""31"", ""32"", ""33"", ""34"", ""35"", ""36"", ""37"", ""38"", ""4"", ""5"", ""6"", ""7"", ""8"", ""9""]}",
exp,10,10,52,"flx::floatx<10, 52>",39,0,14.284458,ok,"{""flx::floatx<10, 52>"": [""0"", ""1"", ""10"", ""11"", ""12"", ""13"", ""14"", ""15"", ""16"", ""17"", ""18"", ""19"", ""2"", ""20"", ""21"", ""22"", ""23"", ""24"", ""25"", ""26"", ""27"", ""28"", ""29"", ""3"", ""30"", ""31"", ""32"", ""33"", ""34"", ""35"", ""36"", ""37"", ""38"", ""4"", ""5"", ""6"", ""7"", ""8"", ""9""]}",
exp,10,11,52,"flx::floatx<11, 52>",39,0,14.969248,ok,"{""flx::floatx<11, 52>"": [""0"", ""1"", ""10"", ""11"", ""12"", ""13"", ""14"", ""15"", ""16"", ""17"", ""18"", ""19"", ""2"", ""20"", ""21"", ""22"", ""23"", ""24"", ""25"", ""26"", ""27"", ""28"", ""29"", ""3"", ""30"", ""31"", ""32"", ""33"", ""34"", ""35"", ""36"", ""37"", ""38"", ""4"", ""5"", ""6"", ""7"", ""8"", ""9""]}",
