1.00000003828256157e+00
9.99999952377895518e-01
9.99999984856980495e-01
1.00000002293175005e+00
9.99999938022445356e-01
9.99999971766620588e-01
1.00000000778278797e+00
1.00000004113409613e+00
9.99999955764312998e-01
9.99999990293986007e-01
1.00000002257253895e+00
9.99999937245289572e-01
9.99999971549821343e-01
1.00000000568898217e+00
9.99999922776921180e-01
9.99999959669907956e-01
9.99999996250895529e-01
1.00000001352879031e+00
9.99999931813602250e-01
9.99999968985745502e-01
1.00000000601898287e+00
9.99999924447204092e-01
9.99999960265537391e-01
9.99999995233743166e-01
1.00000002915615060e+00
9.99999944118447837e-01
9.99999980392627497e-01
1.00000001681748873e+00
9.99999934952729208e-01
9.99999971972872492e-01
1.00000000836501801e+00
9.99999925913559462e-01
9.99999961804702520e-01
9.99999996044017792e-01
1.00000001207173206e+00
9.99999929633866969e-01
9.99999966381842964e-01
1.00000000259347432e+00
9.99999920244338925e-01
9.99999956069719365e-01
9.99999991602268490e-01
1.00000002875735361e+00
9.99999944910355487e-01
9.99999981587450626e-01
1.00000001789461823e+00
9.99999934773127985e-01
9.99999971521888353e-01
1.00000000719660798e+00
9.99999923841775828e-01
9.99999959892685197e-01
9.99999996907014355e-01
1.00000001243825665e+00
9.99999929185357739e-01
9.99999964232078598e-01
1.00000000075023521e+00
9.99999918433454815e-01
9.99999953563694532e-01
9.99999988418626695e-01
1.00000002514750208e+00
9.99999941880809984e-01
9.99999978242523846e-01
1.00000001205419276e+00
9.99999929402988541e-01
9.99999965493305831e-01
1.00000000124690347e+00
9.99999915752350366e-01
9.99999951463191539e-01
9.99999988171605070e-01
1.00000000208873097e+00
9.99999917574325825e-01
9.99999953849567191e-01
9.99999989792524357e-01
9.99999903976036220e-01
9.99999940443944246e-01
9.99999976008277613e-01
1.00000000933593425e+00
9.99999925414214896e-01
9.99999961157131967e-01
9.99999995035445899e-01
9.99999910524161484e-01
9.99999947055718708e-01
9.99999980286746637e-01
9.99999896521181819e-01
9.99999932226044441e-01
9.99999965170670024e-01
9.99999980177788461e-01
9.99999897364551749e-01
9.99999929717077740e-01
9.99999965619449260e-01
9.99999881797338341e-01
9.99999914820941749e-01
9.99999950437042151e-01
9.99999985098015021e-01
9.99999900668754105e-01
9.99999936726243988e-01
9.99999968556056662e-01
9.99999886831352436e-01
9.99999921778516820e-01
9.99999955344957225e-01
9.99999873075766099e-01
9.99999905401136591e-01
9.99999942779647100e-01
9.99999955311971389e-01
9.99999872059459394e-01
9.99999908016832140e-01
9.99999942521096918e-01
9.99999859419785087e-01
9.99999892721092465e-01
9.99999929615250083e-01
9.99999962620709892e-01
9.99999881377168109e-01
9.99999916001750866e-01
9.99999951479160099e-01
9.99999867901086525e-01
9.99999903629031461e-01
9.99999938950314693e-01
9.99999855601138909e-01
9.99999892207691365e-01
9.99999926865491107e-01
9.99999942000741160e-01
9.99999858578582979e-01
9.99999894883073726e-01
9.99999930446851648e-01
9.99999847702075839e-01
9.99999884035285280e-01
9.99999920501509432e-01
9.99999956150574576e-01
9.99999872708402071e-01
9.99999907786074838e-01
9.99999944803482088e-01
9.99999863132506661e-01
9.99999899033320205e-01
9.99999935083277003e-01
9.99999852714321569e-01
9.99999889141124365e-01
9.99999926445501175e-01
9.99999940194006620e-01
9.99999857938744796e-01
9.99999894404673406e-01
9.99999931346841620e-01
9.99999848422566284e-01
9.99999884854486654e-01
9.99999921146979664e-01
9.99999957090170311e-01
9.99999874551766532e-01
9.99999910773838763e-01
9.99999946867379808e-01
9.99999865101736107e-01
9.99999902029085730e-01
9.99999936928530619e-01
9.99999855043014252e-01
9.99999890864160523e-01
9.99999925043298599e-01
9.99999941094635969e-01
9.99999858744927472e-01
9.99999895412362783e-01
9.99999931558074540e-01
9.99999847109328432e-01
9.99999884345643575e-01
9.99999920274707521e-01
9.99999955142782615e-01
9.99999873505607151e-01
9.99999909153590161e-01
9.99999943249653578e-01
9.99999860593131840e-01
9.99999896328187976e-01
9.99999931121156149e-01
9.99999850245423372e-01
9.99999884671784023e-01
9.99999919778780777e-01
9.99999934548010838e-01
9.99999851323362221e-01
9.99999887216287742e-01
9.99999921527462532e-01
9.99999839075234820e-01
9.99999873967371555e-01
9.99999908961059170e-01
9.99999944027454069e-01
9.99999862051344279e-01
9.99999896943550293e-01
9.99999931729520397e-01
9.99999848146322701e-01
9.99999884319943022e-01
9.99999919590228492e-01
9.99999835949683558e-01
9.99999868918631685e-01
9.99999908046924069e-01
9.99999921865987074e-01
9.99999837883561615e-01
9.99999871457125100e-01
9.99999908244449287e-01
9.99999825665928599e-01
9.99999860753077674e-01
9.99999895996452448e-01
9.99999930786611313e-01
9.99999847566249933e-01
9.99999883914295618e-01
9.99999919125150627e-01
9.99999835252155522e-01
9.99999870337500818e-01
9.99999906629505886e-01
9.99999824532428638e-01
9.99999860237334781e-01
9.99999895998709531e-01
9.99999910586230611e-01
9.99999826902413624e-01
9.99999862447798260e-01
9.99999898157627798e-01
9.99999817371579725e-01
9.99999853251748450e-01
9.99999888274646809e-01
9.99999923968825311e-01
9.99999842991930121e-01
9.99999876533340326e-01
9.99999913067963542e-01
9.99999830260665412e-01
9.99999868866032982e-01
9.99999903654355871e-01
9.99999820336089806e-01
9.99999856215194605e-01
9.99999892247808275e-01
9.99999907260756826e-01
9.99999826338818343e-01
9.99999862239855264e-01
9.99999897677640082e-01
9.99999814635423312e-01
9.99999850083984954e-01
9.99999885936487698e-01
9.99999924770674897e-01
9.99999843218193019e-01
9.99999878321760849e-01
9.99999913831119303e-01
9.99999830120727240e-01
9.99999867308215773e-01
9.99999902885138958e-01
9.99999820632132663e-01
9.99999854694988977e-01
9.99999890436843675e-01
9.99999903044656246e-01
9.99999818574287769e-01
9.99999843995187154e-01
9.99999924842618126e-01
9.99999819471793283e-01
9.99999850773579335e-01
9.99999885172891401e-01
9.99999920592996805e-01
9.99999836426593292e-01
9.99999870916909783e-01
9.99999905629646690e-01
9.99999821467762784e-01
9.99999858112398776e-01
9.99999892996467299e-01
9.99999809923462046e-01
9.99999845170905233e-01
9.99999880546204478e-01
9.99999896028188506e-01
9.99999812621642836e-01
9.99999846958973149e-01
9.99999881763083742e-01
9.99999798007179308e-01
9.99999832517846854e-01
9.99999867137113529e-01
9.99999903234060850e-01
9.99999818159871268e-01
9.99999852250279875e-01
9.99999886307972541e-01
9.99999803281107491e-01
9.99999837993704066e-01
9.99999873416151375e-01
9.99999789934839400e-01
9.99999823598589299e-01
9.99999857920876645e-01
9.99999872256085887e-01
9.99999786333667484e-01
9.99999822025666063e-01
9.99999859001052260e-01
9.99999773999391550e-01
9.99999807801486562e-01
9.99999841186332672e-01
9.99999876529272469e-01
9.99999791364845292e-01
9.99999827297334165e-01
9.99999861968404513e-01
9.99999777891615094e-01
9.99999814044329804e-01
9.99999849304866295e-01
9.99999764289604798e-01
9.99999798991486055e-01
9.99999833787464043e-01
9.99999847658197383e-01
9.99999763630192828e-01
9.99999795710428407e-01
9.99999834516992703e-01
9.99999750834104084e-01
9.99999784840602923e-01
9.99999820243007598e-01
9.99999855618365130e-01
9.99999773077797305e-01
9.99999806248913381e-01
9.99999842983442577e-01
9.99999758592758248e-01
9.99999795427037430e-01
9.99999830376492982e-01
9.99999747254854299e-01
9.99999783492770966e-01
9.99999819792567690e-01
9.99999833084246004e-01
9.99999750994765901e-01
9.99999785399883545e-01
9.99999821204023642e-01
9.99999740013137073e-01
9.99999774573872124e-01
9.99999809847339716e-01
9.99999847014387488e-01
9.99999763645809669e-01
9.99999800240075953e-01
9.99999836723510227e-01
9.99999753532278213e-01
9.99999789524848248e-01
9.99999826761343469e-01
9.99999745159861009e-01
9.99999780066476052e-01
9.99999815276136017e-01
9.99999831510799964e-01
9.99999747815935036e-01
9.99999785092840376e-01
9.99999820522964877e-01
9.99999738191273857e-01
9.99999775067635932e-01
9.99999810170967507e-01
9.99999846138071802e-01
9.99999762462756681e-01
9.99999800418129192e-01
9.99999834706791546e-01
9.99999754225459281e-01
9.99999791359711065e-01
9.99999824097396184e-01
9.99999744177824668e-01
9.99999778557289942e-01
9.99999816462082802e-01
9.99999827283720610e-01
9.99999746842502479e-01
9.99999782967710749e-01
9.99999816574934863e-01
9.99999735835558901e-01
9.99999769106033387e-01
9.99999807111538130e-01
9.99999839239556265e-01
9.99999758388960491e-01
9.99999795022073146e-01
9.99999828309407479e-01
9.99999746227585362e-01
9.99999781346499250e-01
9.99999817423111392e-01
9.99999734002523732e-01
9.99999770886233152e-01
9.99999805402647213e-01
9.99999817416667436e-01
9.99999734436432419e-01
9.99999768998879324e-01
9.99999804049257590e-01
9.99999721881707715e-01
9.99999758461581401e-01
9.99999793023295669e-01
9.99999827617165549e-01
9.99999743552659082e-01
9.99999778491353575e-01
9.99999812446533909e-01
9.99999730266777465e-01
9.99999766721965444e-01
9.99999802426823070e-01
9.99999718902121359e-01
9.99999753172989059e-01
9.99999788714366789e-01
9.99999800760361990e-01
9.99999717892237072e-01
9.99999751443382490e-01
9.99999789127784422e-01
9.99999707914374536e-01
9.99999740000695692e-01
9.99999776496825032e-01
9.99999808789389766e-01
9.99999729192429077e-01
9.99999763870937586e-01
9.99999800035285991e-01
9.99999716935851213e-01
9.99999750516685659e-01
9.99999788630793418e-01
9.99999704154721281e-01
9.99999739998053916e-01
9.99999776037873711e-01
9.99999788052760019e-01
9.99999706405694022e-01
9.99999742774340783e-01
9.99999777524546829e-01
9.99999695609950945e-01
9.99999732748211634e-01
9.99999767273794582e-01
9.99999804392986413e-01
9.99999717804518462e-01
9.99999758571068709e-01
9.99999793171761797e-01
9.99999709660594704e-01
9.99999745477704982e-01
9.99999782515001434e-01
9.99999699898495575e-01
9.99999735325051931e-01
9.99999772012895027e-01
9.99999786200826524e-01
9.99999704053339822e-01
9.99999738811280570e-01
9.99999774739966041e-01
9.99999693362168873e-01
9.99999728122739184e-01
9.99999764459478357e-01
9.99999802244165958e-01
9.99999717767236618e-01
9.99999754024050724e-01
9.99999790463830251e-01
9.99999709023630445e-01
9.99999744437389926e-01
9.99999778165452047e-01
9.99999697454246328e-01
9.99999733110504385e-01
9.99999768802101507e-01
9.99999781380726427e-01
9.99999699213049209e-01
9.99999734633832738e-01
9.99999771236427359e-01
9.99999688137700571e-01
9.99999722578750028e-01
9.99999759249534104e-01
9.99999796551262921e-01
9.99999710463292391e-01
9.99999743969650523e-01
9.99999780351339518e-01
9.99999699317424384e-01
9.99999734848809885e-01
9.99999770033413227e-01
9.99999680897996734e-01
9.99999720597202213e-01
9.99999755204402763e-01
9.99999771049612241e-01
9.99999686239068875e-01
9.99999718751668265e-01
9.99999751502014922e-01
9.99999667464677056e-01
9.99999702853052841e-01
9.99999742107092637e-01
9.99999776131332285e-01
9.99999693133650780e-01
9.99999724355405184e-01
9.99999756800365569e-01
9.99999672472061230e-01
9.99999710620055215e-01
9.99999744351802611e-01
9.99999661808253282e-01
9.99999699185225244e-01
9.99999734518697281e-01
9.99999744544901592e-01
9.99999658219758447e-01
9.99999689443311857e-01
9.99999724219296615e-01
9.99999639326929368e-01
9.99999675173309566e-01
9.99999710926475327e-01
9.99999747616583390e-01
9.99999665761908130e-01
9.99999702486168762e-01
9.99999736743880097e-01
9.99999656065145959e-01
9.99999693569936676e-01
9.99999726789342458e-01
9.99999640125988187e-01
9.99999674820839624e-01
9.99999708649232932e-01
9.99999718065355592e-01
9.99999632702854524e-01
9.99999662436825254e-01
9.99999691118881096e-01
9.99999602881785465e-01
9.99999347895797475e-01
9.99999620214647944e-01
9.99999629285427183e-01
9.99999843308471359e-01
9.99999736159166042e-01
9.99999748911011288e-01
9.99999658484517995e-01
9.99999684511834963e-01
9.99999715758338570e-01
9.99999632629264834e-01
9.99999663415577333e-01
9.99999699484579785e-01
9.99999711643340006e-01
9.99999627233748689e-01
9.99999666794698761e-01
9.99999702620155251e-01
9.99999620767674680e-01
9.99999657858512858e-01
9.99999694310108378e-01
9.99999728094180029e-01
9.99999645719711783e-01
9.99999684953450929e-01
9.99999719201822956e-01
9.99999636259993219e-01
9.99999673082892393e-01
9.99999709128315373e-01
9.99999627734517560e-01
9.99999666391085063e-01
9.99999700669636393e-01
9.99999715403205314e-01
9.99999629549671809e-01
9.99999668802006192e-01
9.99999703145153185e-01
9.99999622748816153e-01
9.99999657329019298e-01
9.99999695377861042e-01
9.99999731550209825e-01
9.99999645955879202e-01
9.99999684715459747e-01
9.99999720695959882e-01
9.99999637136601005e-01
9.99999677666001507e-01
9.99999711440342609e-01
9.99999628498879023e-01
9.99999662586633975e-01
9.99999697805441734e-01
9.99999713724942230e-01
9.99999632378413494e-01
9.99999668783969398e-01
9.99999700413114034e-01
9.99999617810009012e-01
9.99999654990617826e-01
9.99999695330657246e-01
9.99999727782439174e-01
9.99999642719564763e-01
9.99999678911304368e-01
9.99999714982925725e-01
9.99999631253534527e-01
9.99999668592987945e-01
9.99999702271986091e-01
9.99999621402887895e-01
9.99999657097607408e-01
9.99999690852161116e-01
9.99999702812466418e-01
9.99999621303796271e-01
9.99999656822826211e-01
9.99999690254646412e-01
9.99999608180221489e-01
9.99999644595445769e-01
9.99999680397596902e-01
9.99999712394846529e-01
9.99999629991281336e-01
9.99999668080498894e-01
9.99999703117658623e-01
9.99999617843350452e-01
9.99999654706808849e-01
9.99999690125479068e-01
9.99999604145967336e-01
9.99999643258657422e-01
9.99999680122329315e-01
9.99999689398399338e-01
9.99999606845061395e-01
9.99999642773911734e-01
9.99999676861572095e-01
9.99999594496610023e-01
9.99999629301616788e-01
9.99999666216064731e-01
9.99999700714373496e-01
9.99999619311569887e-01
9.99999650664627815e-01
9.99999689729079155e-01
9.99999606993301926e-01
9.99999640944972290e-01
9.99999677219048033e-01
9.99999594926684887e-01
9.99999630484655344e-01
9.99999667524120062e-01
9.99999679395170760e-01
9.99999597587921563e-01
9.99999634870895049e-01
9.99999669463074281e-01
9.99999586738907875e-01
9.99999624288541944e-01
9.99999658289325688e-01
9.99999694243001724e-01
9.99999613614289462e-01
9.99999650155988129e-01
9.99999687157439254e-01
9.99999603732339537e-01
9.99999637304907374e-01
9.99999675302852387e-01
9.99999592032197460e-01
9.99999630059768552e-01
9.99999664984214665e-01
9.99999680875828134e-01
9.99999595706174138e-01
9.99999631866838046e-01
9.99999668765989447e-01
9.99999585681400016e-01
9.99999624099990658e-01
9.99999659333258628e-01
9.99999695687776802e-01
9.99999611370274710e-01
9.99999649241170463e-01
9.99999685472103716e-01
9.99999602134335364e-01
9.99999639190516931e-01
9.99999674879565426e-01
9.99999591446045000e-01
9.99999625693199556e-01
9.99999661784799043e-01
9.99999673625812768e-01
9.99999591535071120e-01
9.99999628952022324e-01
9.99999661068013856e-01
9.99999578370432185e-01
9.99999615531195873e-01
9.99999651879441731e-01
9.99999686176110236e-01
9.99999602604465077e-01
9.99999636804313807e-01
9.99999672863722155e-01
9.99999589564738001e-01
9.99999625545219817e-01
9.99999659713951106e-01
9.99999578808232870e-01
9.99999612545128702e-01
9.99999648671601626e-01
9.99999658345848585e-01
9.99999575850416322e-01
9.99999611033529079e-01
9.99999644245264219e-01
9.99999562595176528e-01
9.99999596340574226e-01
9.99999630309156728e-01
9.99999665973220653e-01
9.99999580480370853e-01
9.99999617187868339e-01
9.99999651340393592e-01
9.99999567286398494e-01
9.99999601803060245e-01
9.99999635823714872e-01
9.99999550775422796e-01
9.99999587146273683e-01
9.99999623861449805e-01
9.99999633813025035e-01
9.99999549201617044e-01
9.99999582335003079e-01
9.99999619108134175e-01
9.99999534295377135e-01
9.99999567746185036e-01
9.99999604631739425e-01
9.99999639167073018e-01
9.99999555385262640e-01
9.99999590498325652e-01
9.99999625338024334e-01
9.99999541468616804e-01
9.99999578054629690e-01
9.99999610575784570e-01
9.99999528826759021e-01
9.99999563358610954e-01
9.99999599340573031e-01
9.99999611004695144e-01
9.99999528168912799e-01
9.99999564916466910e-01
9.99999598700280989e-01
9.99999515039932785e-01
9.99999550456930231e-01
9.99999586806834428e-01
9.99999619817141805e-01
9.99999537788361925e-01
9.99999574117394485e-01
9.99999610284583396e-01
9.99999527171418823e-01
9.99999561260127567e-01
9.99999600272226230e-01
9.99999516037267222e-01
9.99999550965030459e-01
9.99999589631639707e-01
9.99999601101367874e-01
9.99999518688260980e-01
9.99999555753579461e-01
9.99999591318854408e-01
9.99999508467582232e-01
9.99999544105130367e-01
9.99999580427325174e-01
9.99999618205217766e-01
9.99999533256535234e-01
9.99999570823453809e-01
9.99999609044370907e-01
9.99999526727157084e-01
9.99999561614955290e-01
9.99999599099788306e-01
9.99999517280927508e-01
9.99999553726999890e-01
9.99999587728512940e-01
9.99999600794712507e-01
9.99999518835432699e-01
9.99999556717997118e-01
9.99999591844297320e-01
9.99999508365111978e-01
9.99999543826868620e-01
9.99999580010325850e-01
9.99999618400040147e-01
9.99999535697117192e-01
9.99999571277619181e-01
9.99999606278772712e-01
9.99999523185918116e-01
9.99999559677776872e-01
9.99999596042602024e-01
9.99999512432119486e-01
9.99999550557694294e-01
9.99999585473285824e-01
9.99999598264476597e-01
9.99999513556901420e-01
9.99999550132704029e-01
9.99999583401586345e-01
9.99999501909135224e-01
9.99999537513551084e-01
9.99999571489274430e-01
9.99999607647247268e-01
9.99999523806250568e-01
9.99999556083278951e-01
9.99999818011712116e-01
9.99999519691429972e-01
9.99999553731637181e-01
9.99999586854027789e-01
9.99999504949114493e-01
9.99999540989820801e-01
9.99999575945767161e-01
9.99999584716589118e-01
9.99999503149754831e-01
9.99999537896211321e-01
9.99999571138376342e-01
9.99999486764459600e-01
9.99999523744634522e-01
9.99999558337828276e-01
9.99999592403021387e-01
9.99999510277538306e-01
9.99999547180543180e-01
9.99999582149536992e-01
9.99999499122406488e-01
9.99999536329076788e-01
9.99999569531181520e-01
9.99999485975030855e-01
9.99999521214074871e-01
9.99999558117456444e-01
9.99999570251006831e-01
9.99999483561516245e-01
9.99999520568310540e-01
9.99999556500825726e-01
9.99999474674936106e-01
9.99999508470698073e-01
9.99999544401372953e-01
9.99999580048431924e-01
9.99999496625951445e-01
9.99999533119056316e-01
9.99999568565963060e-01
9.99999485993968595e-01
9.99999519845932494e-01
9.99999556016324398e-01
9.99999472636289966e-01
9.99999509953683141e-01
9.99999545162159498e-01
9.99999554922966882e-01
9.99999477472604426e-01
9.99999510596822683e-01
9.99999549026709955e-01
9.99999464111781533e-01
9.99999498781353746e-01
9.99999536104565823e-01
9.99999571059796977e-01
9.99999492636915788e-01
9.99999527064420302e-01
9.99999562534455655e-01
9.99999481949074398e-01
9.99999515385793236e-01
9.99999553656155116e-01
9.99999470854134098e-01
9.99999506610275257e-01
9.99999542558192678e-01
9.99999558212820938e-01
9.99999473860085364e-01
9.99999505869230587e-01
9.99999544442339960e-01
9.99999461991231353e-01
9.99999494894665886e-01
9.99999535473027445e-01
9.99999567954255930e-01
9.99999486011844518e-01
9.99999523186226758e-01
9.99999558738840277e-01
9.99999477028643224e-01
9.99999512422163117e-01
9.99999550631322287e-01
9.99999465104697172e-01
9.99999501929046519e-01
9.99999537501515046e-01
9.99999547169319936e-01
9.99999464108216607e-01
9.99999499378881773e-01
9.99999538198843463e-01
9.99999454080175432e-01
9.99999489603905278e-01
9.99999523003468171e-01
9.99999557717349830e-01
9.99999476817277300e-01
9.99999510953390791e-01
9.99999545418049474e-01
9.99999462603011091e-01
9.99999494785539067e-01
9.99999531850171652e-01
9.99999450938925838e-01
9.99999484312660503e-01
9.99999519013805127e-01
9.99999530179824903e-01
9.99999444059702980e-01
9.99999483202267725e-01
9.99999514449311566e-01
9.99999431716388498e-01
9.99999467397688635e-01
9.99999502344447566e-01
9.99999536622919072e-01
9.99999452447996262e-01
9.99999490345568787e-01
9.99999523824335546e-01
9.99999438197633927e-01
9.99999472861921923e-01
9.99999505683889289e-01
9.99999425041512513e-01
9.99999458231322635e-01
9.99999495368332436e-01
9.99999505230579233e-01
9.99999420597763478e-01
9.99999456881142446e-01
9.99999489113360451e-01
9.99999407918056193e-01
9.99999442063558064e-01
9.99999479910396394e-01
9.99999511493040227e-01
9.99999428874275953e-01
9.99999463417978629e-01
9.99999499382787538e-01
9.99999415691762539e-01
9.99999451339506518e-01
9.99999486191350040e-01
9.99999401848200797e-01
9.99999437606610697e-01
9.99999471470667811e-01
9.99999484165719932e-01
9.99999401325430415e-01
9.99999436773938766e-01
9.99999471676379370e-01
9.99999388706703130e-01
9.99999426435358774e-01
9.99999462750821411e-01
9.99999496074811645e-01
9.99999414409526222e-01
9.99999450824142322e-01
9.99999487076378757e-01
9.99999404690629312e-01
9.99999442935134097e-01
9.99999477332234821e-01
9.99999394933557384e-01
9.99999430155134816e-01
9.99999466359333677e-01
9.99999476398456211e-01
9.99999394279849407e-01
9.99999434539009635e-01
9.99999468179783912e-01
9.99999387124189898e-01
9.99999424533395631e-01
9.99999459578515326e-01
9.99999497879258459e-01
9.99999414090755545e-01
9.99999450517606969e-01
9.99999486603043497e-01
9.99999404762611066e-01
9.99999441303215719e-01
9.99999479119755064e-01
9.99999394625431748e-01
9.99999434120557140e-01
9.99999471293950282e-01
9.99999483076209228e-01
9.99999399411057088e-01
9.99999436115754925e-01
9.99999471074904167e-01
9.99999388721392046e-01
9.99999426059173024e-01
9.99999462963668262e-01
9.99999498803942566e-01
9.99999416936385832e-01
9.99999453132368266e-01
9.99999490533611479e-01
9.99999404508093881e-01
9.99999442876667644e-01
9.99999479437321814e-01
9.99999396094867321e-01
9.99999432585637948e-01
9.99999469638722993e-01
9.99999481775211585e-01
9.99999395835025173e-01
9.99999431953212614e-01
9.99999468613575360e-01
9.99999386251304134e-01
9.99999422215413603e-01
9.99999459195554663e-01
9.99999497307096807e-01
9.99999412739017268e-01
9.99999446240646517e-01
9.99999481234436272e-01
9.99999398067236367e-01
9.99999438796848161e-01
9.99999469513900285e-01
9.99999386252548028e-01
9.99999421969973823e-01
9.99999459996459006e-01
9.99999471990932087e-01
9.99999385822665454e-01
9.99999420358686830e-01
9.99999457710196160e-01
9.99999373546450632e-01
9.99999410399939781e-01
9.99999446297434313e-01
9.99999479332003283e-01
9.99999394239036499e-01
9.99999430177761273e-01
9.99999467486358373e-01
9.99999387514817872e-01
9.99999421810036648e-01
9.99999456884605231e-01
9.99999370668699261e-01
9.99999405685469522e-01
9.99999440678109086e-01
9.99999455266411541e-01
9.99999372909648354e-01
9.99999412116302278e-01
9.99999447304152800e-01
9.99999357296471159e-01
9.99999393856220609e-01
9.99999431168641650e-01
9.99999464169297636e-01
9.99999383255887775e-01
9.99999421796159527e-01
9.99999458377386685e-01
9.99999375839791815e-01
9.99999411476428901e-01
9.99999449485084235e-01
9.99999365013844232e-01
9.99999396406884511e-01
9.99999431324457566e-01
9.99999442174415054e-01
9.99999357418063894e-01
9.99999391866931764e-01
9.99999432457188697e-01
9.99999349907334523e-01
9.99999382619139121e-01
9.99999420317181364e-01
9.99999454231749851e-01
9.99999366183744742e-01
9.99999400965252305e-01
9.99999423962427691e-01
9.99999318961599326e-01
9.99999181637474810e-01
9.99999556697641290e-01
9.99999447082665860e-01
9.99999116315142933e-01
9.99999446473597287e-01
9.99999457511101530e-01
9.99999372350472426e-01
9.99999408943613055e-01
9.99999445083115224e-01
9.99999357293280822e-01
9.99999395190094953e-01
9.99999428558739689e-01
9.99999464860055864e-01
9.99999384582741180e-01
9.99999418234661763e-01
9.99999452492628560e-01
9.99999371493785816e-01
9.99999409179884169e-01
9.99999445441645540e-01
9.99999361576068502e-01
9.99999397846937144e-01
9.99999437138028857e-01
9.99999443693218137e-01
9.99999360700757012e-01
9.99999396891299797e-01
9.99999428684057334e-01
9.99999342305091021e-01
9.99999379760611928e-01
9.99999415671161129e-01
9.99999452670378597e-01
9.99999369028592211e-01
9.99999407226115244e-01
9.99999440641824111e-01
9.99999358207063427e-01
9.99999389167669395e-01
9.99999423035923041e-01
9.99999339945608301e-01
9.99999375635623133e-01
9.99999413384284663e-01
9.99999426631630550e-01
9.99999337298224100e-01
9.99999371942255411e-01
9.99999405752620141e-01
9.99999321697031873e-01
9.99999358993545417e-01
9.99999394879112824e-01
9.99999430212832552e-01
9.99999341691012456e-01
9.99999375944485513e-01
9.99999415227344257e-01
9.99999331272343195e-01
9.99999365798519002e-01
9.99999396682635489e-01
9.99999312026294773e-01
9.99999349700086748e-01
9.99999387205303347e-01
9.99999393624067867e-01
9.99999307494743528e-01
9.99999343938827612e-01
9.99999380624719048e-01
9.99999296888272826e-01
9.99999328685701849e-01
9.99999367453228705e-01
9.99999402566463025e-01
9.99999316331322108e-01
9.99999351196012798e-01
9.99999388504734910e-01
9.99999308466918646e-01
9.99999341245031426e-01
9.99999377274518153e-01
9.99999293192239569e-01
9.99999330834297817e-01
9.99999365236587723e-01
9.99999375773195975e-01
9.99999291639987575e-01
9.99999326800842692e-01
9.99999362822701299e-01
9.99999282243377863e-01
9.99999317124443898e-01
9.99999351962363892e-01
9.99999389444200748e-01
9.99999305163585817e-01
9.99999343330865820e-01
9.99999377922951904e-01
9.99999295754048001e-01
9.99999331648135259e-01
9.99999367714166310e-01
9.99999287650858992e-01
9.99999321719980183e-01
9.99999359499355478e-01
9.99999370056350756e-01
9.99999287573160256e-01
9.99999323401532303e-01
9.99999362304077821e-01
9.99999279112569472e-01
9.99999314274769735e-01
9.99999351974894424e-01
9.99999386829967252e-01
9.99999306401533894e-01
9.99999342542067127e-01
9.99999378113291537e-01
9.99999298917201518e-01
9.99999329249765645e-01
9.99999371317082164e-01
9.99999288068421421e-01
9.99999324981821092e-01
9.99999361376729845e-01
9.99999371110470325e-01
9.99999287562968631e-01
9.99999324966469372e-01
9.99999364659630463e-01
9.99999278988756068e-01
9.99999317378963415e-01
9.99999351392827140e-01
9.99999388396696443e-01
9.99999306268327226e-01
9.99999341772450534e-01
9.99999382586821750e-01
9.99999295317782200e-01
9.99999331295647109e-01
9.99999364866369200e-01
9.99999285369461144e-01
9.99999322031211890e-01
9.99999358905145908e-01
9.99999366131072542e-01
9.99999284075134054e-01
9.99999319373064077e-01
9.99999355013796332e-01
9.99999272389211824e-01
9.99999309205008902e-01
9.99999344222393782e-01
9.99999380512561986e-01
9.99999297570074108e-01
9.99999332730420187e-01
9.99999367320229648e-01
9.99999284459266224e-01
9.99999318682066263e-01
9.99999354670691343e-01
9.99999272576871601e-01
9.99999306227187801e-01
9.99999344988726224e-01
9.99999350674317111e-01
9.99999267628057131e-01
9.99999303578613996e-01
9.99999340979711770e-01
9.99999258489832399e-01
9.99999292565322384e-01
9.99999328637883322e-01
9.99999365405048080e-01
9.99999278701778183e-01
9.99999317700590806e-01
9.99999352243619688e-01
9.99999268213689008e-01
9.99999304399038169e-01
9.99999337124484300e-01
9.99999255836952594e-01
9.99999292572290033e-01
9.99999327333347066e-01
9.99999338735310994e-01
9.99999254163581264e-01
9.99999290262837737e-01
9.99999324366968034e-01
9.99999243377383995e-01
9.99999275016319800e-01
9.99999313785189581e-01
9.99999347459610166e-01
9.99999267558797977e-01
9.99999302455261585e-01
9.99999339856306069e-01
9.99999256795191194e-01
9.99999292121618200e-01
9.99999328364195472e-01
9.99999247626355725e-01
9.99999283994087662e-01
9.99999318100532886e-01
9.99999329426334960e-01
9.99999245806793668e-01
9.99999281749838542e-01
9.99999316207199729e-01
9.99999234587101049e-01
9.99999268186843149e-01
9.99999306324594106e-01
9.99999341159950705e-01
9.99999264897156737e-01
9.99999299094468719e-01
9.99999334741504708e-01
9.99999249247757405e-01
9.99999284674073396e-01
9.99999321924325169e-01
9.99999240935158018e-01
9.99999276127934045e-01
9.99999311955706238e-01
9.99999321895845616e-01
9.99999241396423710e-01
9.99999277477885751e-01
9.99999313169034676e-01
9.99999229968390746e-01
9.99999267362128075e-01
9.99999304367515940e-01
9.99999337926138043e-01
9.99999255959432398e-01
9.99999289915008638e-01
9.99999325407245343e-01
9.99999244740553128e-01
9.99999281543820784e-01
9.99999314172284270e-01
9.99999233840829227e-01
9.99999266593151859e-01
9.99999305810508443e-01
9.99999314118449778e-01
9.99999229744169771e-01
9.99999264574934932e-01
9.99999302931388945e-01
9.99999214821531757e-01
9.99999250315110833e-01
9.99999289083598697e-01
9.99999322598450591e-01
9.99999241849774845e-01
9.99999276024787331e-01
9.99999311077270803e-01
9.99999226027960986e-01
9.99999260989702710e-01
9.99999296019729256e-01
9.99999210639253899e-01
9.99999248332488655e-01
9.99999281874706991e-01
9.99999294014970341e-01
9.99999208150541663e-01
9.99999242726358095e-01
9.99999277660323593e-01
9.99999193654375174e-01
9.99999230116467852e-01
9.99999262364845709e-01
9.99999296029625451e-01
9.99999213871654136e-01
9.99999251946570467e-01
9.99999283123741312e-01
9.99999200334304339e-01
9.99999235970612799e-01
9.99999270949493146e-01
9.99999187770788667e-01
9.99999220381115106e-01
9.99999254666135373e-01
9.99999261144816631e-01
9.99999186014349561e-01
9.99999216504150357e-01
9.99999252070830846e-01
9.99999168922257486e-01
9.99999202886981742e-01
9.99999236873618469e-01
9.99999272750129786e-01
9.99999189940112387e-01
9.99999226801786656e-01
9.99999261973885445e-01
9.99999180651208408e-01
9.99999213938436382e-01
9.99999252349598744e-01
9.99999168962197205e-01
9.99999205915463096e-01
9.99999240336062578e-01
9.99999250736417378e-01
9.99999167427550795e-01
9.99999203702420347e-01
9.99999237809372388e-01
9.99999158701497137e-01
9.99999195235285576e-01
9.99999231025071045e-01
9.99999266579895130e-01
9.99999182679628729e-01
9.99999221296525520e-01
9.99999257037475275e-01
9.99999172329970376e-01
9.99999209512904552e-01
9.99999248976858657e-01
9.99999166274561868e-01
9.99999202073157512e-01
9.99999237848451128e-01
9.99999249175033356e-01
9.99999167881712503e-01
9.99999203613868071e-01
9.99999241087637047e-01
9.99999158883915884e-01
9.99999195568157306e-01
9.99999229648065868e-01
9.99999269200668062e-01
9.99999186835571541e-01
9.99999224824352551e-01
9.99999263711676134e-01
9.99999177808434059e-01
9.99999215560926968e-01
9.99999254054344644e-01
9.99999172111794898e-01
9.99999206574232469e-01
9.99999245863105402e-01
9.99999253131103605e-01
9.99999172199131259e-01
9.99999210124964955e-01
9.99999243978957453e-01
9.99999163624548659e-01
9.99999197969880238e-01
9.99999236516993184e-01
9.99999271844154047e-01
9.99999191212103899e-01
9.99999228842749277e-01
9.99999262528918353e-01
9.99999181484894417e-01
9.99999214747271270e-01
9.99999252767723834e-01
9.99999171059610337e-01
9.99999208927643712e-01
9.99999243350989997e-01
9.99999252720245368e-01
9.99999168740608790e-01
9.99999206150140263e-01
9.99999243695194884e-01
9.99999159671685400e-01
9.99999195793448425e-01
9.99999228991152567e-01
9.99999262884726847e-01
9.99999181962285877e-01
9.99999216399591329e-01
9.99999255601068948e-01
9.99999172217659327e-01
9.99999205190165830e-01
9.99999245106601875e-01
9.99999159532994453e-01
9.99999194152362714e-01
9.99999229597877126e-01
9.99999240024649683e-01
9.99999155393365147e-01
9.99999192442256102e-01
9.99999231640596786e-01
9.99999145922331634e-01
9.99999180272913679e-01
9.99999217043207045e-01
9.99999251414669610e-01
9.99999168948739192e-01
9.99999204143499743e-01
9.99999236480785370e-01
9.99999161147058779e-01
9.99999194545049597e-01
9.99999227955677417e-01
9.99999147791547305e-01
9.99999183081260012e-01
9.99999219164586783e-01
9.99999226854579537e-01
9.99999144903814585e-01
9.99999178394566868e-01
9.99999217042060518e-01
9.99999132910051158e-01
9.99999168261108129e-01
9.99999206018033271e-01
9.99999240548113510e-01
9.99999157442802322e-01
9.99999193775269357e-01
9.99999232418212536e-01
9.99999148253677972e-01
9.99999184111064920e-01
9.99999222622537598e-01
9.99999137700827379e-01
9.99999175507537252e-01
9.99999210267394134e-01
9.99999218950162638e-01
9.99999138763765116e-01
9.99999173717057821e-01
9.99999210161809926e-01
9.99999129797943698e-01
9.99999165404360180e-01
9.99999202207407678e-01
9.99999237766255766e-01
9.99999154077703789e-01
9.99999191313800662e-01
9.99999226815402209e-01
9.99999144513839977e-01
9.99999180606646720e-01
9.99999217995842571e-01
9.99999133680063879e-01
9.99999170546674199e-01
9.99999207925004407e-01
9.99999215541981790e-01
9.99999133424534281e-01
9.99999168378877590e-01
9.99999205308366723e-01
9.99999124193292288e-01
9.99999158602270288e-01
9.99999196488333575e-01
9.99999232427474571e-01
9.99999147428791701e-01
9.99999181188663377e-01
9.99999222478828886e-01
9.99999139832796202e-01
9.99999172260491287e-01
9.99999210413499817e-01
9.99999124495880132e-01
9.99999157906238278e-01
9.99999197350450175e-01
9.99999201551743933e-01
9.99999123335856277e-01
9.99999158056462778e-01
9.99999192108219748e-01
9.99999110551751835e-01
9.99999143601128182e-01
9.99999176962951708e-01
9.99999215974883393e-01
9.99999130006936521e-01
9.99999163807140490e-01
9.99999201620797917e-01
9.99999116813151345e-01
9.99999151007412324e-01
9.99999187066838435e-01
9.99999103426453484e-01
9.99999136978931613e-01
9.99999173564681043e-01
9.99999180016728384e-01
9.99999097052182928e-01
9.99999130428173677e-01
9.99999169666347387e-01
9.99999082677221707e-01
9.99999117913273783e-01
9.99999151184279844e-01
9.99999187655373878e-01
9.99999102996456779e-01
9.99999140078734250e-01
9.99999173591020751e-01
9.99999091269905493e-01
9.99999123986624494e-01
9.99999160182837632e-01
9.99999078306570199e-01
9.99999115005507089e-01
9.99999145770603226e-01
9.99999153457973300e-01
9.99999074010333167e-01
9.99999107853255076e-01
9.99999140737783621e-01
9.99999059067225748e-01
9.99999094403933420e-01
9.99999133753974423e-01
9.99999169362163154e-01
9.99999081999519701e-01
9.99999117919977309e-01
9.99999153918628259e-01
9.99999072717052018e-01
9.99999109578235346e-01
9.99999145764024600e-01
9.99999056670883624e-01
9.99999096312505720e-01
9.99999136377405784e-01
9.99999141302224337e-01
9.99999057935656577e-01
9.99999097335579346e-01
9.99999130746245468e-01
9.99999050738241024e-01
9.99999083758220220e-01
9.99999121278118741e-01
9.99999159190772979e-01
9.99999078653771134e-01
9.99999116283995515e-01
9.99999151368718198e-01
9.99999068180990602e-01
9.99999105453214243e-01
9.99999142611991965e-01
9.99999060196931411e-01
9.99999096200929749e-01
9.99999133482776803e-01
9.99999143120614997e-01
9.99999061870086248e-01
9.99999096077781480e-01
9.99999138191760673e-01
9.99999056246694940e-01
9.99999091242397498e-01
9.99999131449543444e-01
9.99999167182097914e-01
9.99999087901442762e-01
9.99999123761624475e-01
9.99999161077005372e-01
9.99999078497008864e-01
9.99999113842447329e-01
9.99999151671250641e-01
9.99999069866839951e-01
9.99999105281899059e-01
9.99999141319289575e-01
9.99999149577577628e-01
9.99999068222188980e-01
9.99999100480351233e-01
9.99999156180794380e-01
9.99999589371790676e-01
9.99999249306390614e-01
9.99999071174607401e-01
9.99999142536598717e-01
9.99999064923730585e-01
9.99999100752308245e-01
9.99999144820323371e-01
9.99999058409366648e-01
9.99999094447744930e-01
9.99999130735477193e-01
9.99999043960114631e-01
9.99999078089549576e-01
9.99999115365929225e-01
9.99999123825858538e-01
9.99999039529919198e-01
9.99999080160907772e-01
9.99999116839473179e-01
9.99999035242217116e-01
9.99999073474330369e-01
9.99999112835980086e-01
9.99999152038427708e-01
9.99999066513141965e-01
9.99999104078520107e-01
9.99999137462825427e-01
9.99999052729269367e-01
9.99999082501134562e-01
9.99999117868724752e-01
9.99999039073042884e-01
9.99999074702710322e-01
9.99999112921907463e-01
9.99999121011003300e-01
9.99999036923490903e-01
9.99999075037461438e-01
9.99999105790506548e-01
9.99999020069914146e-01
9.99999058922032003e-01
9.99999095937896376e-01
9.99999133990716937e-01
9.99999050776089526e-01
9.99999083320966431e-01
9.99999119464464736e-01
9.99999035411788251e-01
9.99999072510101894e-01
9.99999108595700514e-01
9.99999028033063952e-01
9.99999058917995010e-01
9.99999093123659311e-01
9.99999106501363810e-01
9.99999022333515342e-01
9.99999061619830654e-01
9.99999092376994136e-01
9.99999013734178765e-01
9.99999047159608079e-01
9.99999084834354734e-01
9.99999122257228312e-01
9.99999036854795076e-01
9.99999073561063878e-01
9.99999107558713685e-01
9.99999028094761044e-01
9.99999063806832122e-01
9.99999098468836500e-01
9.99999016238221961e-01
9.99999053475108535e-01
9.99999091019788677e-01
9.99999095969538399e-01
9.99999015336299091e-01
9.99999051732170630e-01
9.99999086543454263e-01
9.99999004330507035e-01
9.99999039339504958e-01
9.99999075165047269e-01
9.99999112903013465e-01
9.99999029336180900e-01
9.99999066007937087e-01
9.99999103632298270e-01
9.99999021055632653e-01
9.99999057893011245e-01
9.99999090504709920e-01
9.99999009077019441e-01
9.99999046509329248e-01
9.99999080687969832e-01
9.99999091799870787e-01
9.99999003898263128e-01
9.99999043751731653e-01
9.99999080538519936e-01
9.99998995806957169e-01
9.99999035318825169e-01
9.99999068806545099e-01
9.99999103506821085e-01
9.99999022143503891e-01
9.99999056195906122e-01
9.99999092821430957e-01
9.99999008343983475e-01
9.99999045505902018e-01
9.99999078053059542e-01
9.99998997243513266e-01
9.99999033274051929e-01
9.99999067300097799e-01
9.99999076427319222e-01
9.99998990677382626e-01
9.99999028283484304e-01
9.99999062122687521e-01
9.99998981212430138e-01
9.99999012470558002e-01
9.99999047280552666e-01
9.99999081557101044e-01
9.99998999203916661e-01
9.99999037725105455e-01
9.99999069256754081e-01
9.99998990319817538e-01
9.99999019838727188e-01
9.99999059035419524e-01
9.99998972722325075e-01
9.99999010573317970e-01
9.99999039360487063e-01
9.99999046459992491e-01
9.99998966580873838e-01
9.99998999951654644e-01
9.99999036858943646e-01
9.99998955717773863e-01
9.99998990201158233e-01
9.99999023592888281e-01
9.99999057886516773e-01
9.99998975902394061e-01
9.99999009844775300e-01
9.99999043138440902e-01
9.99998960693993300e-01
9.99998995396264134e-01
9.99999030071052841e-01
9.99998950168799250e-01
9.99998983523512019e-01
9.99999020084101797e-01
9.99999023531402575e-01
9.99998943730591394e-01
9.99998976716895860e-01
9.99999015820422277e-01
9.99998935048635573e-01
9.99998965492221115e-01
9.99999001224155304e-01
9.99999038734588952e-01
9.99998959007383337e-01
9.99998994035795508e-01
9.99999026388974532e-01
9.99998946066886107e-01
9.99998979118029263e-01
9.99999018593741074e-01
9.99998937112067887e-01
9.99998969853237440e-01
9.99999009500049274e-01
9.99999016676173857e-01
9.99998933044232263e-01
9.99998970901540662e-01
9.99999008114851762e-01
9.99998928359045247e-01
9.99998963002728281e-01
9.99999000606938360e-01
9.99999036851880629e-01
9.99998952308181255e-01
9.99998992810021803e-01
9.99999027087520309e-01
9.99998945211889478e-01
9.99998984137747904e-01
9.99999022023435158e-01
9.99998939379879048e-01
9.99998975735837514e-01
9.99999013029200134e-01
9.99999021605200711e-01
9.99998939134101872e-01
9.99998974892454373e-01
9.99999012366821538e-01
9.99998932277911257e-01
9.99998970304962098e-01
9.99999006526247181e-01
9.99999044874475884e-01
9.99998959218378780e-01
9.99998999779110220e-01
9.99999033562225970e-01
9.99998955542496404e-01
9.99998988023154234e-01
9.99999027427140530e-01
9.99998943931248774e-01
9.99998981732765024e-01
9.99999018685163055e-01
9.99999027664409401e-01
9.99998945945584028e-01
9.99998982704304318e-01
9.99999017687042913e-01
9.99998936834212704e-01
9.99998975630458253e-01
9.99999007605653412e-01
9.99999046766861688e-01
9.99998963456615209e-01
9.99999001984418157e-01
9.99999038470148149e-01
9.99998954575936017e-01
9.99998990810705313e-01
9.99999027082791980e-01
9.99998945175900378e-01
9.99998980529256620e-01
9.99999018722528055e-01
9.99999023087584593e-01
9.99998942212331654e-01
9.99998976959217578e-01
9.99999013074710397e-01
9.99998927235549284e-01
9.99998968169117486e-01
9.99999003585763879e-01
9.99999035117294266e-01
9.99998956611112488e-01
9.99998986809484403e-01
9.99999025758155136e-01
9.99998941307386202e-01
9.99998979794687770e-01
9.99999017306541171e-01
9.99998932921164929e-01
9.99998971298174832e-01
9.99999003443811096e-01
9.99999010533810906e-01
9.99998926653010711e-01
9.99998965383989913e-01
9.99999000251779679e-01
9.99998917690123834e-01
9.99998950674788389e-01
9.99998987119702143e-01
9.99999023140312193e-01
9.99998943122040407e-01
9.99998978884793055e-01
9.99999013926754055e-01
9.99998926763432494e-01
9.99998965738075674e-01
9.99998999907303343e-01
9.99998915186897208e-01
9.99998953737692653e-01
9.99998991244974600e-01
9.99999003738836434e-01
9.99998913919497023e-01
9.99998954029179599e-01
9.99998988436862413e-01
9.99998908756828619e-01
9.99998941759855153e-01
9.99998983443444622e-01
9.99999028956740865e-01
9.99998908300975153e-01
9.99998959086893846e-01
9.99998999207699302e-01
9.99998917446594082e-01
9.99998954868262846e-01
9.99998987594297728e-01
9.99998909715272166e-01
9.99998947913397163e-01
9.99998980025782469e-01
9.99998991050705222e-01
9.99998908479241999e-01
9.99998946954938628e-01
9.99998981109425533e-01
9.99998898262208447e-01
9.99998932914174299e-01
9.99998968159731882e-01
9.99999008012128376e-01
9.99998924727008687e-01
9.99998961230521344e-01
9.99998996224558234e-01
9.99998914590221832e-01
9.99998950479483839e-01
9.99998984715915307e-01
9.99998902487782559e-01
9.99998941424279586e-01
9.99998975251775724e-01
9.99998981525039743e-01
9.99998903046755983e-01
9.99998934890839797e-01
9.99998971919337398e-01
9.99998888365405736e-01
9.99998924731571037e-01
9.99998959816605026e-01
9.99998998257591531e-01
9.99998912984193522e-01
9.99998947352403356e-01
9.99998985863068346e-01
9.99998904646327680e-01
9.99998937487927786e-01
9.99998969620397249e-01
9.99998893900179819e-01
9.99998924103341569e-01
9.99998958426771445e-01
9.99998967506138481e-01
9.99998884307836344e-01
9.99998917495427131e-01
9.99998954464386025e-01
9.99998870374203763e-01
9.99998901945193253e-01
9.99998940538445180e-01
9.99998977711120896e-01
9.99998892823449448e-01
9.99998927558971129e-01
9.99998957801989996e-01
9.99998878504509525e-01
9.99998916407031424e-01
9.99998946670379030e-01
9.99998864531936205e-01
9.99998897654109431e-01
9.99998934313682142e-01
9.99998938929048453e-01
9.99998855743825854e-01
9.99998887652239432e-01
9.99998929770353873e-01
9.99998843517245883e-01
9.99998875961057743e-01
9.99998911253298428e-01
9.99998951681314474e-01
9.99998862701909408e-01
9.99998898517221790e-01
9.99998934658089533e-01
9.99998851812162304e-01
9.99998886897152994e-01
9.99998921947123587e-01
9.99998840896653252e-01
9.99998873259159038e-01
9.99998911821045167e-01
9.99998916848622410e-01
9.99998830864482602e-01
9.99998868807003616e-01
9.99998902415917712e-01
9.99998819400620520e-01
9.99998856126460445e-01
9.99998893282835755e-01
9.99998930673582587e-01
9.99998846669532315e-01
9.99998882429207425e-01
9.99998918346701515e-01
9.99998836284884285e-01
9.99998870066421963e-01
9.99998909024662819e-01
9.99998827836772408e-01
9.99998865406589110e-01
9.99998896346042554e-01
9.99998910829876908e-01
9.99998826745825076e-01
9.99998860686814539e-01
9.99998898223859123e-01
9.99998815871743219e-01
9.99998852949817496e-01
9.99998890739479451e-01
9.99998928267412768e-01
9.99998846530539720e-01
9.99998884107431874e-01
9.99998921276045616e-01
9.99998838639668541e-01
9.99998877698832889e-01
9.99998915591462811e-01
9.99998828355030178e-01
9.99998864896237016e-01
9.99998907931116454e-01
9.99998912191189859e-01
9.99998830844012532e-01
9.99998867688295934e-01
9.99998904256563015e-01
9.99998824581028956e-01
9.99998856771588951e-01
9.99998899869522284e-01
9.99998935376840370e-01
9.99998851363124275e-01
9.99998890548449593e-01
9.99998923648140914e-01
9.99998848892457493e-01
9.99998881088846270e-01
9.99998917908978657e-01
9.99998833160475442e-01
9.99998871687367341e-01
9.99998911339790131e-01
9.99998916982575259e-01
9.99998834372822887e-01
9.99998874783133984e-01
9.99998908969727540e-01
9.99998826010969788e-01
9.99998860766676545e-01
9.99998896149242200e-01
9.99998933799184142e-01
9.99998852292372842e-01
9.99998891348521601e-01
9.99998922355689324e-01
9.99998846868193958e-01
9.99998878020791016e-01
9.99998913901151698e-01
9.99998832443348085e-01
9.99998867262047564e-01
9.99998907417514182e-01
9.99998907646774460e-01
9.99998827034284332e-01
9.99998864865477732e-01
9.99998897411941257e-01
9.99998815158805954e-01
9.99998852022186302e-01
9.99998882746546469e-01
9.99998918994091768e-01
9.99998839240115456e-01
9.99998877769248340e-01
9.99998913468360340e-01
9.99998826009797392e-01
9.99998864738826931e-01
9.99998898964009508e-01
9.99998816353674047e-01
9.99998854360060307e-01
9.99998885539398530e-01
9.99998895288550238e-01
9.99998814064387398e-01
9.99998846004367170e-01
9.99998880124571055e-01
9.99998795765880910e-01
9.99998835062518632e-01
9.99998870548109209e-01
9.99998904743802153e-01
9.99998823116905911e-01
9.99998857270731234e-01
9.99998894560728324e-01
9.99998812962631267e-01
9.99998848612829283e-01
9.99998882341559425e-01
9.99998797844137366e-01
9.99998837497184878e-01
9.99998873330968263e-01
9.99998875591350145e-01
9.99998795178208444e-01
9.99998835157451915e-01
9.99998865185534380e-01
9.99998783862081853e-01
9.99998818928303335e-01
9.99998855767637362e-01
9.99998893758003438e-01
9.99998812458053887e-01
9.99998845482806153e-01
9.99998885810728821e-01
9.99998798880662343e-01
9.99998835981401601e-01
9.99998873591995130e-01
9.99998790070219523e-01
9.99998826608281655e-01
9.99998864820981881e-01
9.99998865321004571e-01
9.99998787792975685e-01
9.99998822712088509e-01
9.99998858600666729e-01
9.99998774062026308e-01
9.99998809528905852e-01
9.99998846244615214e-01
9.99998886943274212e-01
9.99998800553951184e-01
9.99998834984556217e-01
9.99998871901613962e-01
9.99998789286998480e-01
9.99998828742994617e-01
9.99998862939100119e-01
9.99998782543353726e-01
9.99998817881910140e-01
9.99998850649850279e-01
9.99998854643179613e-01
9.99998771524901575e-01
9.99998807363050912e-01
9.99998844555718636e-01
9.99998763401564905e-01
9.99998800690935941e-01
9.99998835281258769e-01
9.99998869149520075e-01
9.99998787706103065e-01
9.99998819458103538e-01
9.99998850655997695e-01
9.99998770986609498e-01
9.99998807793745725e-01
9.99998842543697530e-01
9.99998759750489574e-01
9.99998798467420569e-01
9.99998833339899140e-01
9.99998843876851229e-01
9.99998756297655778e-01
9.99998797816566087e-01
9.99998835967526367e-01
9.99998750679730208e-01
9.99998793831482491e-01
9.99998823685851690e-01
9.99998865247140767e-01
9.99998787555950952e-01
9.99998835888722515e-01
9.99997653809709064e-01
9.99998804990654633e-01
9.99998817454661793e-01
9.99998724217816104e-01
9.99998697295656602e-01
9.99998744627395353e-01
9.99998784748121428e-01
9.99998792219114585e-01
9.99998714229604402e-01
9.99998746320698628e-01
9.99998786751580826e-01
9.99998703633002695e-01
9.99998742248501160e-01
9.99998781448893870e-01
9.99998815582603728e-01
9.99998734211867579e-01
9.99998769588664405e-01
9.99998810321308884e-01
9.99998727089609130e-01
9.99998765874181239e-01
9.99998798892923202e-01
9.99998714206516426e-01
9.99998751882888337e-01
9.99998783750823850e-01
9.99998785888918551e-01
9.99998706179531793e-01
9.99998740105867756e-01
9.99998777136855255e-01
9.99998696422830902e-01
9.99998736600042015e-01
9.99998768023237949e-01
9.99998807605578910e-01
9.99998722132393492e-01
9.99998760360127581e-01
9.99998797722432387e-01
9.99998712545152935e-01
9.99998753144875518e-01
9.99998789957983858e-01
9.99998710121597911e-01
9.99998744400068196e-01
9.99998780001098542e-01
9.99998781516669655e-01
9.99998707632810846e-01
9.99998739610644005e-01
9.99998780823454614e-01
9.99998696513762830e-01
9.99998737191084897e-01
9.99998773348398928e-01
9.99998807544259960e-01
9.99998729569497091e-01
9.99998763294222659e-01
9.99998800470045524e-01
9.99998717783097901e-01
9.99998755256181093e-01
9.99998794873545482e-01
9.99998715857051135e-01
9.99998752017347003e-01
9.99998786172805909e-01
9.99998796415981328e-01
9.99998713380293225e-01
9.99998749865645298e-01
9.99998791048945845e-01
9.99998705628925344e-01
9.99998743579244564e-01
9.99998783385387280e-01
9.99998818456335203e-01
9.99998738928261077e-01
9.99998775733106027e-01
9.99998810161271345e-01
9.99998728476848231e-01
9.99998766006395812e-01
9.99998804038343181e-01
9.99998720438640354e-01
9.99998759323765585e-01
9.99998798131569555e-01
9.99998803883520915e-01
9.99998720493426307e-01
9.99998759756418276e-01
9.99998793898472682e-01
9.99998710242978706e-01
9.99998746338644162e-01
9.99998784662441298e-01
9.99998822083148498e-01
9.99998738770198070e-01
9.99998776270519585e-01
9.99998810361300339e-01
9.99998727868002368e-01
9.99998767525618004e-01
9.99998801112920388e-01
9.99998720132689423e-01
9.99998757772067037e-01
9.99998788277721817e-01
9.99998798248944998e-01
9.99998718810590104e-01
9.99998751172656131e-01
9.99998785125859935e-01
9.99998707555866395e-01
9.99998740039866663e-01
9.99998777233628844e-01
9.99998809508596209e-01
9.99998729315532686e-01
9.99998762624187409e-01
9.99998798375682729e-01
9.99998718075758464e-01
9.99998751370864913e-01
9.99998790978339991e-01
9.99998707906008977e-01
9.99998742816735287e-01
9.99998776887234153e-01
9.99998783477608844e-01
9.99998702394282568e-01
9.99998735325249966e-01
9.99998770914266033e-01
9.99998689576358846e-01
9.99998724250052207e-01
9.99998758519200392e-01
9.99998796234773057e-01
9.99998710948835967e-01
9.99998751365690941e-01
9.99998784531852536e-01
9.99998701904070475e-01
9.99998737475299881e-01
9.99998776597395556e-01
9.99998686817489491e-01
9.99998722020997488e-01
9.99998761463843144e-01
9.99998770695628036e-01
9.99998686836339190e-01
9.99998720516929729e-01
9.99998758766988294e-01
9.99998674013943378e-01
9.99998710774096078e-01
9.99998747131515042e-01
9.99998783121372248e-01
9.99998702236250536e-01
9.99998738756903482e-01
9.99998774067254681e-01
9.99998692290360980e-01
9.99998728110354174e-01
9.99998767120753307e-01
9.99998681723256788e-01
9.99998718358046434e-01
9.99998754025319680e-01
9.99998756714625125e-01
9.99998676596672187e-01
9.99998712388261768e-01
9.99998751388403107e-01
9.99998664330503884e-01
9.99998702988357691e-01
9.99998741889880027e-01
9.99998775817957597e-01
9.99998692326065419e-01
9.99998729236165951e-01
9.99998764246765037e-01
9.99998682389580118e-01
9.99998715093829982e-01
9.99998753268402596e-01
9.99998666935193459e-01
9.99998703468714112e-01
9.99998742483185321e-01
9.99998747651568709e-01
9.99998664637465451e-01
9.99998699179451389e-01
9.99998733854453037e-01
9.99998651051856036e-01
9.99998688638598976e-01
9.99998723638929721e-01
9.99998757961972018e-01
9.99998675401154613e-01
9.99998706995919195e-01
9.99998747282035194e-01
9.99998663591230574e-01
9.99998699091794951e-01
9.99998729353059890e-01
9.99998647404410246e-01
9.99998682896707014e-01
9.99998719727876240e-01
9.99998724262865957e-01
9.99998641511032127e-01
9.99998674645843244e-01
9.99998714889752893e-01
9.99998626787789391e-01
9.99998665136679898e-01
9.99998695696692419e-01
9.99998732424975612e-01
9.99998652621945094e-01
9.99998687036752099e-01
9.99998722276792207e-01
9.99998634695811961e-01
9.99998670963876624e-01
9.99998708064594899e-01
9.99998621992830294e-01
9.99998658616530478e-01
9.99998693502379465e-01
9.99998699234868060e-01
9.99998609006155670e-01
9.99998643955657740e-01
9.99998684368748170e-01
9.99998601359095352e-01
9.99998638633613490e-01
9.99998673172653785e-01
9.99998707737444370e-01
9.99998626623845643e-01
9.99998659282473445e-01
9.99998694929351784e-01
9.99998615360334409e-01
9.99998643419535593e-01
9.99998683798601240e-01
9.99998602854586416e-01
9.99998635104170197e-01
9.99998675488840583e-01
9.99998680681313923e-01
9.99998594560165488e-01
9.99998633199267961e-01
9.99998667474985892e-01
9.99998586998908756e-01
9.99998618237882275e-01
9.99998657038634553e-01
9.99998698407109643e-01
9.99998617543258139e-01
9.99998650387772581e-01
9.99998689391522033e-01
9.99998602023971062e-01
9.99998640157103047e-01
9.99998676513579321e-01
9.99998594946220343e-01
9.99998632000536514e-01
9.99998668782300593e-01
9.99998675409173199e-01
9.99998592971506062e-01
9.99998631574666397e-01
9.99998667698989152e-01
9.99998588336329708e-01
9.99998626232298404e-01
9.99998661523286869e-01
9.99998701999217476e-01
9.99998617715959548e-01
9.99998655951603754e-01
9.99998693516907400e-01
9.99998610812869670e-01
9.99998649620654656e-01
9.99998682003736095e-01
9.99998606064825601e-01
9.99998695806480375e-01
9.99998681208562057e-01
9.99998688130088298e-01
9.99998604742921682e-01
9.99998640919775417e-01
9.99998676903161132e-01
9.99998596010475915e-01
9.99998633865530229e-01
9.99998673066648025e-01
9.99998706008604299e-01
9.99998627109891292e-01
9.99998663525368703e-01
9.99998704136618510e-01
9.99998620084581402e-01
9.99998661292089142e-01
9.99998692988997462e-01
9.99998609620139201e-01
9.99998647496586845e-01
9.99998684007101568e-01
9.99998691743864909e-01
9.99998607577075371e-01
9.99998645237086259e-01
9.99998681441124915e-01
9.99998600892843537e-01
9.99998634914898599e-01
9.99998670802303313e-01
9.99998709228704374e-01
9.99998627199753298e-01
9.99998663221360884e-01
9.99998696131763065e-01
9.99998615430382820e-01
9.99998650584352666e-01
9.99998686522042157e-01
9.99998604614388165e-01
9.99998642157185258e-01
9.99998674820540057e-01
9.99998680520698402e-01
9.99998598703024322e-01
9.99998637036297988e-01
9.99998668392788836e-01
9.99998585833073439e-01
9.99998622080510491e-01
9.99998659227513520e-01
9.99998692969189862e-01
9.99998610439125191e-01
9.99998644548433124e-01
9.99998681065734085e-01
9.99998603540673825e-01
9.99998640348791379e-01
9.99998669332524237e-01
9.99998587579507325e-01
9.99998625402201635e-01
9.99998658888458292e-01
9.99998661102821984e-01
9.99998579677736754e-01
9.99998617593724770e-01
9.99998651575489950e-01
9.99998570667753661e-01
9.99998602502115475e-01
9.99998638868126122e-01
9.99998675650050406e-01
9.99998593453958029e-01
9.99998625685373121e-01
9.99998664241737001e-01
9.99998583962604104e-01
9.99998616839963828e-01
9.99998655031154038e-01
9.99998572262399854e-01
9.99998608498305352e-01
9.99998640629519708e-01
9.99998645191939928e-01
9.99998563193469248e-01
9.99998604344613740e-01
9.99998639580692572e-01
9.99998553594296125e-01
9.99998588397178700e-01
9.99998624745547127e-01
9.99998663577365887e-01
9.99998579514972730e-01
9.99998616508766758e-01
9.99998650911080311e-01
9.99998568085407880e-01
9.99998602340899434e-01
9.99998643000357790e-01
9.99998555325501304e-01
9.99998594444855171e-01
9.99998631782297087e-01
9.99998632243331187e-01
9.99998547951696848e-01
9.99998584030102000e-01
9.99998622751764432e-01
9.99998539394713504e-01
9.99998577016598666e-01
9.99998613016131133e-01
9.99998644440389994e-01
9.99998565900826253e-01
9.99998601794046760e-01
9.99998641342883521e-01
9.99998555192003091e-01
9.99998592170310174e-01
9.99998624254278989e-01
9.99998543232539006e-01
9.99998577810687683e-01
9.99998616064347257e-01
9.99998621867250526e-01
9.99998537416904587e-01
9.99998573170856275e-01
9.99998605222732095e-01
9.99998524803517030e-01
9.99998555041760384e-01
9.99998596441897925e-01
9.99998631125334714e-01
9.99998548774179374e-01
9.99998581910066520e-01
9.99998613999815045e-01
9.99998530371631111e-01
9.99998572433676958e-01
9.99998603363371985e-01
9.99998518467968944e-01
9.99998558452227404e-01
9.99998586933889544e-01
9.99998595098479881e-01
9.99998511645528110e-01
9.99998540593367236e-01
9.99998578358287760e-01
9.99998496151943361e-01
9.99998528595866687e-01
9.99998567201665245e-01
9.99998599748226469e-01
9.99998514583074871e-01
9.99998555080406581e-01
9.99998589131721238e-01
9.99998508027409416e-01
9.99998541205675773e-01
9.99998572740032010e-01
9.99998492029355091e-01
9.99998526807775345e-01
9.99998562903616439e-01
9.99998565137641848e-01
9.99998481779175941e-01
9.99998518448982798e-01
9.99998555477169426e-01
9.99998468684767272e-01
9.99998507526079106e-01
9.99998543542638396e-01
9.99998578819314754e-01
9.99998496334245757e-01
9.99998527751480237e-01
9.99998570136670595e-01
9.99998480865823103e-01
9.99998521645705685e-01
9.99998557168100932e-01
9.99998475653061880e-01
9.99998509518464807e-01
9.99998546740892280e-01
9.99998548726498515e-01
9.99998470722815336e-01
9.99998507383362822e-01
9.99998540871543162e-01
9.99998459903384873e-01
9.99998497058777969e-01
9.99998531704112237e-01
9.99998568828578294e-01
9.99998487790920820e-01
9.99998521152207331e-01
9.99998565213562340e-01
9.99998482693789770e-01
9.99998515983634317e-01
9.99998556640280145e-01
9.99998478748954756e-01
9.99998509791563350e-01
9.99998551049651740e-01
9.99998553103430443e-01
9.99998474915780089e-01
9.99998509103641187e-01
9.99998549346937216e-01
9.99998465684895366e-01
9.99998503845609066e-01
9.99998541770675708e-01
9.99998580524592673e-01
9.99998497595327773e-01
9.99998535365238195e-01
9.99998569636489476e-01
9.99998492307085374e-01
9.99998530874586233e-01
9.99998570884477300e-01
9.99998486012970589e-01
9.99998524949678003e-01
9.99998559860924785e-01
9.99998567478271760e-01
9.99998484758126360e-01
9.99998524079027784e-01
9.99998564655714461e-01
9.99998478955946291e-01
9.99998517825557487e-01
9.99998557402788091e-01
9.99998593835944027e-01
9.99998507305660977e-01
9.99998547064870791e-01
9.99998587945275186e-01
9.99998503985663478e-01
9.99998544329288697e-01
9.99998577452574589e-01
9.99998495926762043e-01
9.99998532660672401e-01
9.99998570087886618e-01
9.99998574694783371e-01
9.99998493808917810e-01
9.99998528223642658e-01
9.99998563066276547e-01
9.99998480659852751e-01
9.99998518187944163e-01
9.99998558210669297e-01
9.99998591736468434e-01
9.99998513497457386e-01
9.99998548987600100e-01
9.99998583544418063e-01
9.99998500282341385e-01
9.99998535777189002e-01
9.99998570562776301e-01
9.99998485859723174e-01
9.99998521985070443e-01
9.99998559755450378e-01
9.99998564068193985e-01
9.99998483054460041e-01
9.99998521491936132e-01
9.99998561412691944e-01
9.99998478627070919e-01
9.99998507021514937e-01
9.99998539454960200e-01
9.99998572368918204e-01
9.99998487592365426e-01
9.99998515042995750e-01
9.99998554839100717e-01
9.99998466183363632e-01
9.99998497506436657e-01
9.99998527532284687e-01
9.99998436716222461e-01
9.99998460104315590e-01
9.99998466964445387e-01
9.99998234168205324e-01
9.99998563549538533e-01
9.99998447407497215e-01
9.99999443234397267e-01
9.99998550843392953e-01
9.99998544810354995e-01
9.99998568279957478e-01
9.99998599133354871e-01
9.99998510430056609e-01
9.99998540102789435e-01
9.99998573859904316e-01
9.99998487230482458e-01
9.99998523537092066e-01
9.99998555435344438e-01
9.99998470368969383e-01
9.99998497392177166e-01
9.99998537684630318e-01
9.99998539728017111e-01
9.99998457985402878e-01
9.99998495413342514e-01
9.99998529093524047e-01
9.99998448900650372e-01
9.99998487591886920e-01
9.99998521377599481e-01
9.99998558111718672e-01
9.99998475351993932e-01
9.99998512020384589e-01
9.99998544481981777e-01
9.99998462586139225e-01
9.99998499668717011e-01
9.99998531739460961e-01
9.99998449864043293e-01
9.99998486501488593e-01
9.99998522396292056e-01
9.99998525858673104e-01
9.99998445992909213e-01
9.99998481558977415e-01
9.99998516519678970e-01
9.99998436526046475e-01
9.99998466793013963e-01
9.99998505501156876e-01
9.99998541312131728e-01
9.99998456243722855e-01
9.99998496799027969e-01
9.99998526932510234e-01
9.99998447444027216e-01
9.99998481164427688e-01
9.99998520362000209e-01
9.99998437170152799e-01
9.99998471652195797e-01
9.99998505004206950e-01
9.99998507362645395e-01
9.99998424109847850e-01
9.99998460256175448e-01
9.99998497985311263e-01
9.99998411085168737e-01
9.99998446617192616e-01
9.99998482868462379e-01
9.99998521880903879e-01
9.99998439286695517e-01
9.99998466194693236e-01
9.99998503067250133e-01
9.99998421717985142e-01
9.99998456264838520e-01
9.99998493616744422e-01
9.99998405570944882e-01
9.99998445560083549e-01
9.99998477795342677e-01
9.99998480746037810e-01
9.99998397188395005e-01
9.99998433395438924e-01
9.99998470195341049e-01
9.99998381043370022e-01
9.99998421274660321e-01
9.99998456964101279e-01
9.99998486489736438e-01
9.99998405478275676e-01
9.99998448148822772e-01
9.99998473396556786e-01
9.99998395562615050e-01
9.99998426731905532e-01
9.99998460767361319e-01
9.99998380921558572e-01
9.99998417619072155e-01
9.99998451117762643e-01
9.99998451548574474e-01
9.99998369607194904e-01
9.99998405011593094e-01
9.99998443311800655e-01
9.99998360040578849e-01
9.99998394013380310e-01
9.99998430836117946e-01
9.99998466027235633e-01
9.99998384189206835e-01
9.99998419450085718e-01
9.99998456646258860e-01
9.99998372847730965e-01
9.99998409572680824e-01
9.99998446861667167e-01
9.99998368962248474e-01
9.99998400750092165e-01
9.99998437511401939e-01
9.99998441914485059e-01
9.99998358711566948e-01
9.99998396366412523e-01
9.99998433771990936e-01
9.99998350382728440e-01
9.99998390021144545e-01
9.99998426105426552e-01
9.99998461530196114e-01
9.99998380526709751e-01
9.99998419097633762e-01
9.99998453378996732e-01
9.99998376074795803e-01
9.99998411040796786e-01
9.99998450373626890e-01
9.99998362433439203e-01
9.99998406129125050e-01
9.99998445537562453e-01
9.99998445586776197e-01
9.99998365413279577e-01
9.99998402601708358e-01
9.99998437988688815e-01
9.99998359884325727e-01
9.99998396382694277e-01
9.99998437555920661e-01
9.99998474691547012e-01
9.99998395178341659e-01
9.99998430214475320e-01
9.99998465939330727e-01
9.99998384907819227e-01
9.99998425661445145e-01
9.99998460343471396e-01
9.99998381681355908e-01
9.99998418686705248e-01
9.99998453516375840e-01
9.99998463434261686e-01
9.99998380879965065e-01
9.99998417598495948e-01
9.99998454901254163e-01
9.99998374107143428e-01
9.99998410349691280e-01
9.99998448783208094e-01
9.99998482024073931e-01
9.99998402951997489e-01
9.99998436688674497e-01
9.99998475964242073e-01
9.99998395544402063e-01
9.99998431622904360e-01
9.99998468036071508e-01
9.99998388135107441e-01
9.99998425798610868e-01
9.99998460043120541e-01
9.99998467032138794e-01
9.99998382782693374e-01
9.99998419084144663e-01
9.99998458449351313e-01
9.99998372293801507e-01
9.99998410443698638e-01
9.99998447102075083e-01
9.99998482604219974e-01
9.99998401673069193e-01
9.99998438691582670e-01
9.99998469952318225e-01
9.99998388526710413e-01
9.99998425385918099e-01
9.99998463166020035e-01
9.99998380470588311e-01
9.99998418670804634e-01
9.99998449596713024e-01
9.99998450006301165e-01
9.99998373192519496e-01
9.99998406278810648e-01
9.99998442398360665e-01
9.99998359905620249e-01
9.99998393185909107e-01
9.99998432776078250e-01
9.99998467322474549e-01
9.99998385092493947e-01
9.99998419980131614e-01
9.99998456170701933e-01
9.99998369011024235e-01
9.99998407443633330e-01
9.99998445818947257e-01
9.99998356016585155e-01
9.99998394204126839e-01
9.99998430749839295e-01
9.99998431048188530e-01
9.99998352329399709e-01
9.99998385975663706e-01
9.99998421080760203e-01
9.99998341815642511e-01
9.99998376159773050e-01
9.99998410468392662e-01
9.99998445029415040e-01
9.99998364069544232e-01
9.99998401881526333e-01
9.99998437168346688e-01
9.99998352998580753e-01
9.99998388655668480e-01
9.99998426375063976e-01
9.99998340675105291e-01
9.99998375880157719e-01
9.99998416220029829e-01
9.99998415577044608e-01
9.99998330245768008e-01
9.99998368324277132e-01
9.99998403167993821e-01
9.99998326423337081e-01
9.99998358617774974e-01
9.99998393242575334e-01
9.99998429859755289e-01
9.99998345348785955e-01
9.99998384116906225e-01
9.99998423766932265e-01
9.99998337121159486e-01
9.99998369024933997e-01
9.99998409041362391e-01
9.99998322986004773e-01
9.99998357287342321e-01
9.99998395174170218e-01
9.99998399038389163e-01
9.99998318404999753e-01
9.99998353210056146e-01
9.99998387451289550e-01
9.99998310416749026e-01
9.99998332467993523e-01
9.99998377963180030e-01
9.99998410917363301e-01
9.99998329509989348e-01
9.99998366050392384e-01
9.99998403635929400e-01
9.99998319391407042e-01
9.99998349773007056e-01
9.99998389681875488e-01
9.99998300411882535e-01
9.99998340942705011e-01
9.99998372355087373e-01
9.99998376339469419e-01
9.99998294619858119e-01
9.99998325528326459e-01
9.99998358999572123e-01
9.99998276858207635e-01
9.99998312903787712e-01
9.99998354241447562e-01
9.99998390114909652e-01
9.99998304313260089e-01
9.99998340134489183e-01
9.99998373937520002e-01
9.99998292143069456e-01
9.99998329451505463e-01
9.99998360044244472e-01
9.99998277794816759e-01
9.99998317202421827e-01
9.99998348451970220e-01
9.99998347304359436e-01
9.99998263677394639e-01
9.99998297507295075e-01
9.99998334918496212e-01
9.99998251016904094e-01
9.99998286647099000e-01
9.99998323263735167e-01
9.99998355651811943e-01
9.99998277491449095e-01
9.99998309918751715e-01
9.99998346883876454e-01
9.99998263655647923e-01
9.99998300619165170e-01
9.99998333828106212e-01
9.99998247083360270e-01
9.99998288171158656e-01
9.99998322853115629e-01
9.99998323325150928e-01
9.99998243324542346e-01
9.99998277137933878e-01
9.99998315463128007e-01
9.99998232641519547e-01
9.99998267600198831e-01
9.99998302611416867e-01
9.99998336007808519e-01
9.99998255105244538e-01
9.99998293651914838e-01
9.99998328228213773e-01
9.99998245911902450e-01
9.99998286117938395e-01
9.99998322985338750e-01
9.99998241000831789e-01
9.99998275241948398e-01
9.99998313221551638e-01
9.99998317990087315e-01
9.99998237672144130e-01
9.99998269840226772e-01
9.99998310503731891e-01
9.99998228204532325e-01
9.99998261501749863e-01
9.99998303178539327e-01
9.99998337527469250e-01
9.99998260726681854e-01
9.99998293848025521e-01
9.99998336357480033e-01
9.99998251190017950e-01
9.99998290892951447e-01
9.99998331558378917e-01
9.99998245719154855e-01
9.99998287792373874e-01
9.99998329384724771e-01
9.99998327933194764e-01
9.99998245076124226e-01
9.99998290655654043e-01
9.99998320042686628e-01
9.99998239247612997e-01
9.99998281970798986e-01
9.99998317671709547e-01
9.99998357217440348e-01
9.99998274031542178e-01
9.99998315730299403e-01
9.99998353611769586e-01
9.99998272755300732e-01
9.99998311190407829e-01
9.99998348559714367e-01
9.99998263847792557e-01
9.99998300894840320e-01
9.99998342720093247e-01
9.99998345581461057e-01
9.99998264655714841e-01
9.99998301693823421e-01
9.99998340513540862e-01
9.99998257902736110e-01
9.99998296564198363e-01
9.99998334965421232e-01
9.99998372221513998e-01
9.99998286617367782e-01
9.99998328029165773e-01
9.99998363970831416e-01
9.99998281628412200e-01
9.99998321593413064e-01
9.99998357112585112e-01
9.99998272126894738e-01
9.99998312154807500e-01
9.99998346953019368e-01
9.99998349669917741e-01
9.99998269139946716e-01
9.99998304541814487e-01
9.99998343517348509e-01
9.99998262237255853e-01
9.99998294588345660e-01
9.99998337897875289e-01
9.99998368372004731e-01
9.99998290377751342e-01
9.99998326680404559e-01
9.99998360318989810e-01
9.99998280401177886e-01
9.99998316397461506e-01
9.99998350314321494e-01
9.99998265114796836e-01
9.99998302363685143e-01
9.99998338085828942e-01
9.99998343380373744e-01
9.99998259165556624e-01
9.99998296422773381e-01
9.99998333946625073e-01
9.99998249836566155e-01
9.99998281816212531e-01
9.99998318315569068e-01
9.99998359875584275e-01
9.99998274014018751e-01
9.99998311914221061e-01
9.99998344833804009e-01
9.99998259347139151e-01
9.99998295542466886e-01
9.99998335724343379e-01
9.99998254378785978e-01
9.99998287309783018e-01
9.99998322954887997e-01
9.99998326050505204e-01
9.99998239795621080e-01
9.99998274641048623e-01
9.99998314273343847e-01
9.99998233797730229e-01
9.99998265856674284e-01
9.99998300971213006e-01
9.99998335629383006e-01
9.99998255045884910e-01
9.99998289786195538e-01
9.99998327458628378e-01
9.99998243152099175e-01
9.99998279775873078e-01
9.99998315670655891e-01
9.99998235078973896e-01
9.99998269303481235e-01
9.99998305065450066e-01
9.99998303426443913e-01
9.99998226318993377e-01
9.99998261745210004e-01
9.99998299258362366e-01
9.99998211136989168e-01
9.99998249231047409e-01
9.99998286044853635e-01
9.99998320939404661e-01
9.99998240555174833e-01
9.99998276272772713e-01
9.99998308332719854e-01
9.99998227308657062e-01
9.99998261284675838e-01
9.99998297172355222e-01
9.99998214269895436e-01
9.99998251282918305e-01
9.99998284820807437e-01
9.99998291961508246e-01
9.99998204586810102e-01
9.99998240179486575e-01
9.99998274858105662e-01
9.99998193971163851e-01
9.99998226786040889e-01
9.99998264262276004e-01
9.99998299965032089e-01
9.99998217426705804e-01
9.99998256028338917e-01
9.99998290274207391e-01
9.99998204813838609e-01
9.99998240671623351e-01
9.99998278077121050e-01
9.99998192442102418e-01
9.99998231490415002e-01
9.99998265851973933e-01
9.99998269971403286e-01
9.99998179764390094e-01
9.99998215325017425e-01
9.99998251074864508e-01
9.99998168757707084e-01
9.99998202902872335e-01
9.99998238294537822e-01
9.99998273742155885e-01
9.99998190991123082e-01
9.99998229756701051e-01
9.99998258818934338e-01
9.99998176871219835e-01
9.99998213219535970e-01
9.99998247374422555e-01
9.99998165569864206e-01
9.99998196788335680e-01
9.99998231940574800e-01
9.99998234590468882e-01
9.99998158685266425e-01
9.99998189577319563e-01
9.99998222635451017e-01
9.99998139317800905e-01
9.99998171109146683e-01
9.99998210591291126e-01
9.99998246553445713e-01
9.99998164577698634e-01
9.99998200171250406e-01
9.99998229559833307e-01
9.99998149449654594e-01
9.99998183059617629e-01
9.99998221377640495e-01
9.99998137922145092e-01
9.99998179978097146e-01
9.99998214188552170e-01
9.99998215694097303e-01
9.99998133329764505e-01
9.99998168734930748e-01
9.99998196855346189e-01
9.99998112863296540e-01
9.99998157360396212e-01
9.99998194888098380e-01
9.99998233295145478e-01
9.99998152756252257e-01
9.99998190011208599e-01
9.99998227624740221e-01
9.99998141584651501e-01
9.99998185857985611e-01
9.99998222881159249e-01
9.99998130226267268e-01
9.99998166693161439e-01
9.99998204745566110e-01
9.99998204957226466e-01
9.99998120911190336e-01
9.99998159322589286e-01
9.99998199506083929e-01
9.99998118661829305e-01
9.99998159444190571e-01
9.99998196658460792e-01
9.99998237579298621e-01
9.99998201851203916e-01
9.99998076997957064e-01
9.99998398273454381e-01
9.99998086929350327e-01
9.99998154944568785e-01
9.99998203648767015e-01
9.99998129788338019e-01
9.99998168307908997e-01
9.99998208829947499e-01
9.99998213691916438e-01
9.99998131785304611e-01
9.99998169073690324e-01
9.99998211349468424e-01
9.99998127195978470e-01
9.99998165490529889e-01
9.99998208041170455e-01
9.99998246151186376e-01
9.99998164962530800e-01
9.99998203224797821e-01
9.99998240700143093e-01
9.99998161817736264e-01
9.99998198564815421e-01
9.99998233547991666e-01
9.99998155125792376e-01
9.99998192734004587e-01
9.99998232109609475e-01
9.99998233131588754e-01
9.99998152433130172e-01
9.99998191507661116e-01
9.99998228493026886e-01
9.99998149564595873e-01
9.99998182716963835e-01
9.99998217517258481e-01
9.99998256534235019e-01
9.99998174868067191e-01
9.99998215795076195e-01
9.99998255372651745e-01
9.99998175861388838e-01
9.99998206755065011e-01
9.99998243110463703e-01
9.99998160701826566e-01
9.99998203463694502e-01
9.99998236087564885e-01
9.99998242234706569e-01
9.99998155911796305e-01
9.99998191586304874e-01
9.99998226782730426e-01
9.99998148963467171e-01
9.99998187275547901e-01
9.99998221458800796e-01
9.99998256587226297e-01
9.99998171213209774e-01
9.99998212448968027e-01
9.99998250218351203e-01
9.99998163065451640e-01
9.99998198911970948e-01
9.99998232696251210e-01
9.99998153249043176e-01
9.99998192579117706e-01
9.99998220196465004e-01
9.99998220520716852e-01
9.99998142779352728e-01
9.99998181125141716e-01
9.99998212384949459e-01
9.99998130381564598e-01
9.99998166035349412e-01
9.99998202790794988e-01
9.99998235376910682e-01
9.99998156776602753e-01
9.99998189043322938e-01
9.99998225921307604e-01
9.99998139877785297e-01
9.99998177794940268e-01
9.99998214553612486e-01
9.99998128982413359e-01
9.99998169169843854e-01
9.99998204389686784e-01
9.99998202070120912e-01
9.99998119511845807e-01
9.99998155878694339e-01
9.99998192838073452e-01
9.99998106511679419e-01
9.99998146704871305e-01
9.99998175094665820e-01
9.99998218260489957e-01
9.99998132529353434e-01
9.99998168815792399e-01
9.99998204021575576e-01
9.99998122547438917e-01
9.99998159201728631e-01
9.99998193696583493e-01
9.99998112271584749e-01
9.99998148014711208e-01
9.99998184503220977e-01
9.99998186178690518e-01
9.99998100849252558e-01
9.99998140520167222e-01
9.99998171388340906e-01
9.99998087948375636e-01
9.99998126636935436e-01
9.99998155507268560e-01
9.99998197111730325e-01
9.99998115269094989e-01
9.99998146343460514e-01
9.99998182962430038e-01
9.99998101838702969e-01
9.99998136912412128e-01
9.99998175180749294e-01
9.99998088332752388e-01
9.99998127197612163e-01
9.99998160191860275e-01
9.99998163319887112e-01
9.99998076025056526e-01
9.99998117059157532e-01
9.99998147925071912e-01
9.99998064491248062e-01
9.99998099168461607e-01
9.99998138380932766e-01
9.99998173941088031e-01
9.99998086681507692e-01
9.99998125331010290e-01
9.99998159303032486e-01
9.99998076848183870e-01
9.99998109325867968e-01
9.99998151890524323e-01
9.99998062840288693e-01
9.99998103187604959e-01
9.99998136709646435e-01
9.99998133583419602e-01
9.99998045222576626e-01
9.99998081183400167e-01
9.99998124669872479e-01
9.99998032722417718e-01
9.99998071191421145e-01
9.99998106366948192e-01
9.99998143389917327e-01
9.99998056218269205e-01
9.99998098250927114e-01
9.99998128803215702e-01
9.99998049409062673e-01
9.99998079416623109e-01
9.99998117322174251e-01
9.99998034900853594e-01
9.99998067678312674e-01
9.99998102427697155e-01
9.99998104954244682e-01
9.99998020437433688e-01
9.99998057746810609e-01
9.99998090472795087e-01
9.99998004948335018e-01
9.99998046441161303e-01
9.99998075748246285e-01
9.99998113116282394e-01
9.99998027151583813e-01
9.99998065129821812e-01
9.99998102755693785e-01
9.99998018146312284e-01
9.99998057398731377e-01
9.99998093491475504e-01
9.99998003431186833e-01
9.99998044712882561e-01
9.99998084356271577e-01
9.99998080971790992e-01
9.99998002410105724e-01
9.99998034366007427e-01
9.99998073132694176e-01
9.99997994705860260e-01
9.99998024749603753e-01
9.99998062515888297e-01
9.99998100975250326e-01
9.99998019007189098e-01
9.99998058254869204e-01
9.99998092237447733e-01
9.99998011971882539e-01
9.99998050002042116e-01
9.99998084620061678e-01
9.99998008194825538e-01
9.99998043695450645e-01
9.99998083639862756e-01
9.99998083399981086e-01
9.99997999416632255e-01
9.99998044165404498e-01
9.99998083153382344e-01
9.99997996476734707e-01
9.99998034057336338e-01
9.99998072775186930e-01
9.99998112262401651e-01
9.99998029158034263e-01
9.99998067658007139e-01
9.99998107997616015e-01
9.99998029999280669e-01
9.99998064313513346e-01
9.99998102635852093e-01
9.99998023328534935e-01
9.99998065019343074e-01
9.99998098914859246e-01
9.99998101258268268e-01
9.99998021960822880e-01
9.99998061749532652e-01
9.99998096961294936e-01
9.99998019312276276e-01
9.99998057742546798e-01
9.99998093462819759e-01
9.99998132524811512e-01
9.99998055653951834e-01
9.99998092914246794e-01
9.99998129083362275e-01
9.99998052487605205e-01
9.99998091607920192e-01
9.99998126303561219e-01
9.99998047644877652e-01
9.99998083334648680e-01
9.99998119990501255e-01
9.99998125861406573e-01
9.99998040120523068e-01
9.99998078519570677e-01
9.99998117705425571e-01
9.99998038624380414e-01
9.99998070336990619e-01
9.99998113370329844e-01
9.99998148642364360e-01
9.99998069587275551e-01
9.99998107224175037e-01
9.99998143499604586e-01
9.99998063632540624e-01
9.99998101609830936e-01
9.99998137107295015e-01
9.99998056179277950e-01
9.99998088674008856e-01
9.99998127495773992e-01
9.99998130143133546e-01
9.99998048284292285e-01
9.99998085585823704e-01
9.99998121714882449e-01
9.99998040951341371e-01
9.99998072349794653e-01
9.99998111102035070e-01
9.99998149419097371e-01
9.99998059400211803e-01
9.99998098916338729e-01
9.99998129760473864e-01
9.99998045460311125e-01
9.99998072157439855e-01
9.99998155509424169e-01
9.99998047898981168e-01
9.99998087000732339e-01
9.99998120887949482e-01
9.99998117699373523e-01
9.99998033801678732e-01
9.99998070184439758e-01
9.99998104096715634e-01
9.99998018371811015e-01
9.99998055641798334e-01
9.99998092277177397e-01
9.99998126328895398e-01
9.99998046620222958e-01
9.99998083306838925e-01
9.99998116910833956e-01
9.99998033357475835e-01
9.99998072114066661e-01
9.99998108820350229e-01
9.99998026132284168e-01
9.99998059142003792e-01
9.99998097437347910e-01
9.99998098449684902e-01
9.99998015679256724e-01
9.99998050444347863e-01
9.99998085827189742e-01
9.99997999281580507e-01
9.99998035950524278e-01
9.99998073239505070e-01
9.99998107151708449e-01
9.99998025045993999e-01
9.99998061502219926e-01
9.99998098526838408e-01
9.99998014814814540e-01
9.99998049095033315e-01
9.99998086473155134e-01
9.99998005003401857e-01
9.99998040021939039e-01
9.99998073715038571e-01
9.99998070738863598e-01
9.99997994539897683e-01
9.99998028640774139e-01
9.99998061389316684e-01
9.99997980662360231e-01
9.99998020516810082e-01
9.99998054143992010e-01
9.99998083408421889e-01
9.99998006318126631e-01
9.99998044422297561e-01
9.99998072954990325e-01
9.99997989743406368e-01
9.99998027152070645e-01
9.99998057528070472e-01
9.99997978283494571e-01
9.99998020008790567e-01
9.99998052794736969e-01
9.99998052654796576e-01
9.99997966114837822e-01
9.99998004838089871e-01
9.99998038876836914e-01
9.99997957079420297e-01
9.99997986546346307e-01
9.99998026356461067e-01
9.99998064309139623e-01
9.99997976073381478e-01
9.99998012576818862e-01
9.99998047147700131e-01
9.99997967854049485e-01
9.99998003701301430e-01
9.99998031920734887e-01
9.99997950530713831e-01
9.99997988828136397e-01
9.99998022157655209e-01
9.99998021441734108e-01
9.99997940002952945e-01
9.99997969489108796e-01
9.99998004035305033e-01
9.99997927353001193e-01
9.99997957899279477e-01
9.99997990384011159e-01
9.99998027653736798e-01
9.99997943867716677e-01
9.99997979661737979e-01
9.99998013843644395e-01
9.99997932473205564e-01
9.99997968257763437e-01
9.99998004636569737e-01
9.99997919335692043e-01
9.99997954777682940e-01
9.99997989686040256e-01
9.99997989556433375e-01
9.99997904274145588e-01
9.99997939280061643e-01
9.99997976366040597e-01
9.99997892109027231e-01
9.99997927657211627e-01
9.99997966697084184e-01
9.99998004454497158e-01
9.99997920876119717e-01
9.99997954426407154e-01
9.99997993194123080e-01
9.99997907971198918e-01
9.99997946868547372e-01
9.99997980751574311e-01
9.99997899080309338e-01
9.99997935269019811e-01
9.99997971044300549e-01
9.99997974511752985e-01
9.99997890705941028e-01
9.99997922209412748e-01
9.99997961764399257e-01
9.99997880021825325e-01
9.99997917580179196e-01
9.99997958709747170e-01
9.99997993272867536e-01
9.99997912555685819e-01
9.99997950737206320e-01
9.99997986371164216e-01
9.99997901525929489e-01
9.99997942417541252e-01
9.99997978067688087e-01
9.99997901133654055e-01
9.99997933371421621e-01
9.99997974814740509e-01
9.99997976066150041e-01
9.99997897664410385e-01
9.99997934477301231e-01
9.99997970392136892e-01
9.99997889242382421e-01
9.99997930997688411e-01
9.99997967150882516e-01
9.99998005361079745e-01
9.99997922273358708e-01
9.99997963819172386e-01
9.99997998945158950e-01
9.99997920828938680e-01
9.99997959357517785e-01
9.99997998689901912e-01
9.99997915479589161e-01
9.99997955449575815e-01
9.99997991456423763e-01
9.99997998559013057e-01
9.99997917603351549e-01
9.99997954040146797e-01
9.99997994293237324e-01
9.99997911216107926e-01
9.99997953657320360e-01
9.99997991600375058e-01
9.99998025690003178e-01
9.99997946749303201e-01
9.99997985609249573e-01
9.99998025065309215e-01
9.99997944513246861e-01
9.99997983231215914e-01
9.99998023561820659e-01
9.99997941763998144e-01
9.99997979459581243e-01
9.99998014642629052e-01
9.99998013228641014e-01
9.99997934321770754e-01
9.99997972406862501e-01
9.99998012658842694e-01
9.99997928575716788e-01
9.99997969478473525e-01
9.99998002857295232e-01
9.99998043527846936e-01
9.99997960565235711e-01
9.99997995103055648e-01
9.99998034444647965e-01
9.99997957188160314e-01
9.99997988574896302e-01
9.99998029075139683e-01
9.99997941826138215e-01
9.99997982619121983e-01
9.99998017824017316e-01
9.99998013609829650e-01
9.99997938581737134e-01
9.99997970943704906e-01
9.99998009323340153e-01
9.99997925088291217e-01
9.99997963093836706e-01
9.99997997706456143e-01
9.99998033864045843e-01
9.99997956835247614e-01
9.99997984222789071e-01
9.99998021978385832e-01
9.99997944255931026e-01
9.99997980936516928e-01
9.99998016121836697e-01
9.99997930833950721e-01
9.99997965356321017e-01
9.99998002771504413e-01
9.99998002548848408e-01
9.99997914061578785e-01
9.99997951843236255e-01
9.99997989699811685e-01
9.99997907629526339e-01
9.99997943653412213e-01
9.99997979327247988e-01
9.99998013046545453e-01
9.99997928796560354e-01
9.99997967244005137e-01
9.99998003365725641e-01
9.99997921428059100e-01
9.99997952457980177e-01
9.99997990007790438e-01
9.99997910331892448e-01
9.99997942161546804e-01
9.99997977958495987e-01
9.99997977077263567e-01
9.99997894322566583e-01
9.99997930368265564e-01
9.99997962706023036e-01
9.99997880524531646e-01
9.99997912876494865e-01
9.99997951954448516e-01
9.99997988318643172e-01
9.99997906534897951e-01
9.99997941856325401e-01
9.99997981746751363e-01
9.99997889634782089e-01
9.99997930422012016e-01
9.99997964358677938e-01
9.99997881053893312e-01
9.99997921678931534e-01
9.99997953751672886e-01
9.99997952593717265e-01
9.99997870913277520e-01
9.99997904297809437e-01
9.99997941584574779e-01
9.99997859334742945e-01
9.99997894021953604e-01
9.99997932732948902e-01
9.99997964214743296e-01
9.99997880466977795e-01
9.99997922971760711e-01
9.99997961237547695e-01
9.99997879878685492e-01
9.99997924995207232e-01
9.99997970876614795e-01
9.99997916769061690e-01
9.99996635061343286e-01
9.99997818076469258e-01
9.99997866688870141e-01
9.99997852335793413e-01
9.99997870982166304e-01
9.99997905494615869e-01
9.99997818622603507e-01
9.99997859332236283e-01
9.99997890981221160e-01
9.99997930095038789e-01
9.99997845399761331e-01
9.99997879884797602e-01
9.99997917847934903e-01
9.99997836421139596e-01
9.99997870055524429e-01
9.99997905846522483e-01
9.99997820986728403e-01
9.99997852402548237e-01
9.99997886737733932e-01
9.99997883108389218e-01
9.99997798800471682e-01
9.99997835196657303e-01
9.99997868103198240e-01
9.99997788174623370e-01
9.99997826187003391e-01
9.99997864745617138e-01
9.99997897585354845e-01
9.99997817421755419e-01
9.99997848158230895e-01
9.99997879366645526e-01
9.99997795777412768e-01
9.99997834602701641e-01
9.99997867555567743e-01
9.99997791706102590e-01
9.99997826577146642e-01
9.99997862448763208e-01
9.99997858433892550e-01
9.99997774565861586e-01
9.99997806010267776e-01
9.99997842410577431e-01
9.99997765480148626e-01
9.99997796970637731e-01
9.99997834527590390e-01
9.99997866784852363e-01
9.99997789211025001e-01
9.99997822389155244e-01
9.99997859769940822e-01
9.99997780972528005e-01
9.99997819181477787e-01
9.99997850683070455e-01
9.99997767171013630e-01
9.99997809123130299e-01
9.99997847598463996e-01
9.99997845468613700e-01
9.99997759868123670e-01
9.99997798250012448e-01
9.99997837703130665e-01
9.99997756736593524e-01
9.99997794325962253e-01
9.99997831218100708e-01
9.99997867515918570e-01
9.99997790290804600e-01
9.99997822842987105e-01
9.99997860650639558e-01
9.99997784023232028e-01
9.99997822649906665e-01
9.99997855864018681e-01
9.99997779204583992e-01
9.99997815600535911e-01
9.99997854140598941e-01
9.99997854532914010e-01
9.99997769572684492e-01
9.99997810130307307e-01
9.99997852587055092e-01
9.99997770650228435e-01
9.99997811161964845e-01
9.99997848292219715e-01
9.99997885544270715e-01
9.99997805994483846e-01
9.99997850468093863e-01
9.99997887449465050e-01
9.99997805273783902e-01
9.99997841211152094e-01
9.99997882054547538e-01
9.99997804388254141e-01
9.99997840946610816e-01
9.99997879543339407e-01
9.99997880432589636e-01
9.99997796241154702e-01
9.99997841794847186e-01
9.99997879488740193e-01
9.99997797991581283e-01
9.99997840322958353e-01
9.99997873161873607e-01
9.99997916895587258e-01
9.99997837747422125e-01
9.99997875560010963e-01
9.99997909766855764e-01
9.99997832634768935e-01
9.99997873392794334e-01
9.99997908093449905e-01
9.99997824551465575e-01
9.99997866756037079e-01
9.99997905002876775e-01
9.99997902491570834e-01
9.99997822411823889e-01
9.99997862524663605e-01
9.99997907004511633e-01
9.99997816027251796e-01
9.99997851913700053e-01
9.99997892543405542e-01
9.99997934119464249e-01
9.99997850000057698e-01
9.99997885304992895e-01
9.99997921760845898e-01
9.99997839788670628e-01
9.99997881047814841e-01
9.99997917243190204e-01
9.99997833274401171e-01
9.99997870728130400e-01
9.99997908238282274e-01
9.99997909106460692e-01
9.99997824548495395e-01
9.99997858753864488e-01
9.99997892740304040e-01
9.99997815435860971e-01
9.99997850145039724e-01
9.99997888557281112e-01
9.99997922279984519e-01
9.99997844149955739e-01
9.99997876427957677e-01
9.99997914818257949e-01
9.99997829291555118e-01
9.99997870816455303e-01
9.99997903747123495e-01
9.99997819821792033e-01
9.99997856551956943e-01
9.99997892397987753e-01
9.99997891596314359e-01
9.99997805067724732e-01
9.99997846398910872e-01
9.99997879092446640e-01
9.99997796333018774e-01
9.99997837611370954e-01
9.99997864779890389e-01
9.99997900365864778e-01
9.99997819367941743e-01
9.99997855883738351e-01
9.99997893432349461e-01
9.99997809473488375e-01
9.99997845951061781e-01
9.99997883454838421e-01
9.99997798158800633e-01
9.99997829478125433e-01
9.99997866662789003e-01
9.99997869934503236e-01
9.99997781685447173e-01
9.99997815355107900e-01
9.99997853824433180e-01
9.99997772241353666e-01
9.99997807344404466e-01
9.99997844116628065e-01
9.99997879332666373e-01
9.99997790816648635e-01
9.99997832685808441e-01
9.99997863146623311e-01
9.99997783041367438e-01
9.99997817966591929e-01
9.99997854225062155e-01
9.99997769984859675e-01
9.99997802411092485e-01
9.99997846468017815e-01
9.99997839177054759e-01
9.99997753079387874e-01
9.99997788937110665e-01
9.99997825449265743e-01
9.99997743708640696e-01
9.99997775378794307e-01
9.99997813032733607e-01
9.99997848861233551e-01
9.99997765850052400e-01
9.99997800314723295e-01
9.99997838993745614e-01
9.99997756170948549e-01
9.99997789764427325e-01
9.99997819463455895e-01
9.99997739890125192e-01
9.99997774721273380e-01
9.99997809016426320e-01
9.99997807438551267e-01
9.99997722887994156e-01
9.99997759606541581e-01
9.99997790730911773e-01
9.99997711137957102e-01
9.99997745871204602e-01
9.99997787123483195e-01
9.99997816422314667e-01
9.99997730667889662e-01
9.99997770604217573e-01
9.99997800173831775e-01
9.99997721150073349e-01
9.99997757293315637e-01
9.99997785945252793e-01
9.99997705817249671e-01
9.99997741279255781e-01
9.99997777098706853e-01
9.99997776044885378e-01
9.99997688298412069e-01
9.99997725277385174e-01
9.99997759137431386e-01
9.99997681121860826e-01
9.99997711536688483e-01
9.99997742720994509e-01
9.99997783193728229e-01
9.99997701211265966e-01
9.99997733461262084e-01
9.99997770208994607e-01
9.99997686471705061e-01
9.99997719075917169e-01
9.99997760451354023e-01
9.99997674120289615e-01
9.99997716415179538e-01
9.99997741756429193e-01
9.99997744784796749e-01
9.99997658268267475e-01
9.99997692774655667e-01
9.99997732409505624e-01
9.99997645866956719e-01
9.99997684321237257e-01
9.99997723742926392e-01
9.99997759317201362e-01
9.99997675319073132e-01
9.99997713445885061e-01
9.99997749195651209e-01
9.99997665129693458e-01
9.99997702376085651e-01
9.99997740672298630e-01
9.99997662802537213e-01
9.99997691648961129e-01
9.99997733046145365e-01
9.99997728543481235e-01
9.99997644100907523e-01
9.99997673602322279e-01
9.99997865906627981e-01
9.99997651934411924e-01
9.99997686278166542e-01
9.99997724112168918e-01
9.99997761845192845e-01
9.99997680459674410e-01
9.99997717781299200e-01
9.99997753321324900e-01
9.99997674530761493e-01
9.99997713190733384e-01
9.99997749374277101e-01
9.99997669910569820e-01
9.99997709696460624e-01
9.99997742183973082e-01
9.99997749492170573e-01
9.99997663998752229e-01
9.99997702315940984e-01
9.99997746426877443e-01
9.99997664074463777e-01
9.99997702014481127e-01
9.99997745163549556e-01
9.99997776555638707e-01
9.99997704729657433e-01
9.99997740195203044e-01
9.99997781891982518e-01
9.99997699813440444e-01
9.99997738803431235e-01
9.99997779087978489e-01
9.99997699014176011e-01
9.99997738058391983e-01
9.99997775213590012e-01
9.99997776288845119e-01
9.99997694843044016e-01
9.99997731253011835e-01
9.99997774029695696e-01
9.99997690233368153e-01
9.99997732267651429e-01
9.99997766230770968e-01
9.99997810901147921e-01
9.99997726150590682e-01
9.99997765489047619e-01
9.99997804318729866e-01
9.99997724828380341e-01
9.99997759164276800e-01
9.99997798557408335e-01
9.99997719767878990e-01
9.99997758928938163e-01
9.99997796270518879e-01
9.99997796180776444e-01
9.99997713873746918e-01
9.99997750652003359e-01
9.99997788271494770e-01
9.99997707936259639e-01
9.99997745047553899e-01
9.99997784094507902e-01
9.99997820622634093e-01
9.99997735915418184e-01
9.99997772316890132e-01
9.99997814038836252e-01
9.99997734605505562e-01
9.99997768724102842e-01
9.99997805413738949e-01
9.99997722762336450e-01
9.99997761676074237e-01
9.99997793891336362e-01
9.99997791042911532e-01
9.99997710645837645e-01
9.99997740897517029e-01
9.99997781523258134e-01
9.99997698717032479e-01
9.99997738683849335e-01
9.99997771116978407e-01
9.99997808091137697e-01
9.99997727123572600e-01
9.99997764613622553e-01
9.99997795098084397e-01
9.99997712184555576e-01
9.99997745747676636e-01
9.99997787683735817e-01
9.99997702610652017e-01
9.99997742723105487e-01
9.99997771759133847e-01
9.99997774572976228e-01
9.99997684179434243e-01
9.99997722625218577e-01
9.99997759989736945e-01
9.99997677649685168e-01
9.99997712867508604e-01
9.99997748606069492e-01
9.99997786485886664e-01
9.99997698244997735e-01
9.99997736200680443e-01
9.99997771665317559e-01
9.99997687252777823e-01
9.99997724576037195e-01
9.99997758447424778e-01
9.99997679647989801e-01
9.99997714340877031e-01
9.99997747731503628e-01
9.99997741536415519e-01
9.99997660272723299e-01
9.99997690794386274e-01
9.99997729557081327e-01
9.99997646664013695e-01
9.99997681780032233e-01
9.99997718283691994e-01
9.99997753054780225e-01
9.99997665561605076e-01
9.99997703229528190e-01
9.99997744278121714e-01
9.99997656957699266e-01
9.99997691968419589e-01
9.99997730766388870e-01
9.99997644178844292e-01
9.99997676583501027e-01
9.99997715967847478e-01
9.99997712366705871e-01
9.99997627639613751e-01
9.99997662084630146e-01
9.99997699904790371e-01
9.99997616232228936e-01
9.99997649519372978e-01
9.99997684249159136e-01
9.99997721865556799e-01
9.99997633010618947e-01
9.99997670673297034e-01
9.99997709217327779e-01
9.99997625056669559e-01
9.99997657378361549e-01
9.99997693415277555e-01
9.99997609021061717e-01
9.99997647491358554e-01
9.99997681025430629e-01
9.99997674479804144e-01
9.99997588990543140e-01
9.99997626688604035e-01
9.99997663066577669e-01
9.99997576531858279e-01
9.99997617325146360e-01
9.99997647491130626e-01
9.99997683022062378e-01
9.99997599982611951e-01
9.99997633549371656e-01
9.99997667062992535e-01
9.99997588578759866e-01
9.99997622480045534e-01
9.99997657425851894e-01
9.99997574831671288e-01
9.99997606687944351e-01
9.99997642577149959e-01
9.99997637722075505e-01
9.99997550597173213e-01
9.99997587919091657e-01
9.99997622165694877e-01
9.99997540643554950e-01
9.99997578381519592e-01
9.99997610754472799e-01
9.99997646547141850e-01
9.99997567549387623e-01
9.99997596759601315e-01
9.99997637007560281e-01
9.99997555014642936e-01
9.99997586045385689e-01
9.99997625139656399e-01
9.99997540741384250e-01
9.99997573388847760e-01
9.99997608814529815e-01
9.99997613750562286e-01
9.99997525462688497e-01
9.99997562878765511e-01
9.99997600836583733e-01
9.99997516097326233e-01
9.99997554103074227e-01
9.99997590807460424e-01
9.99997628227498714e-01
9.99997546332592080e-01
9.99997583662891487e-01
9.99997619886206168e-01
9.99997537209215026e-01
9.99997571598118751e-01
9.99997609889915151e-01
9.99997532411106782e-01
9.99997566303423846e-01
9.99997603381400424e-01
9.99997602845049460e-01
9.99997522975141773e-01
9.99997563172434156e-01
9.99997602787689344e-01
9.99997518507706795e-01
9.99997556726039738e-01
9.99997595323952937e-01
9.99997633123897223e-01
9.99997550950409098e-01
9.99997593053263967e-01
9.99997631936918041e-01
9.99997555657871628e-01
9.99997595109784476e-01
9.99997626665097172e-01
9.99997550354147169e-01
9.99997585578304649e-01
9.99997624425575826e-01
9.99997624678711339e-01
9.99997548269382364e-01
9.99997585145556367e-01
9.99997624112193617e-01
9.99997543073337436e-01
9.99997582655689055e-01
9.99997618027996804e-01
9.99997663880291099e-01
9.99997583368575249e-01
9.99997625848476068e-01
9.99997662336857385e-01
9.99997581839799476e-01
9.99997621051981089e-01
9.99997657805639206e-01
9.99997578639958085e-01
9.99997618896957929e-01
9.99997658701926695e-01
9.99997660603881400e-01
9.99997577370787649e-01
9.99997621121764713e-01
9.99997657184091171e-01
9.99997571761656046e-01
9.99997610729698061e-01
9.99997652245734114e-01
9.99997691659506804e-01
9.99997607551805667e-01
9.99997645397165180e-01
9.99997691640340358e-01
9.99997606415266249e-01
9.99997645249623424e-01
9.99997686414559550e-01
9.99997610093280809e-01
9.99997647415330815e-01
9.99997683735814102e-01
9.99997682775062180e-01
9.99997605169061443e-01
9.99997634847690109e-01
9.99997675205145820e-01
9.99997578309692603e-01
9.99997555821534712e-01
9.99997736905297474e-01
9.99997706919216078e-01
9.99997642819583810e-01
9.99997664246444540e-01
9.99997707006829550e-01
9.99997623360995180e-01
9.99997655451939194e-01
9.99997690299755937e-01
9.99997614777948129e-01
9.99997652094217870e-01
9.99997689098382714e-01
9.99997683690248218e-01
9.99997605739220585e-01
9.99997645943484836e-01
9.99997683639926915e-01
9.99997599089654132e-01
9.99997634867693885e-01
9.99997673692993638e-01
9.99997712026479357e-01
9.99997628171382380e-01
9.99997660545336120e-01
9.99997695863165670e-01
9.99997611180869272e-01
9.99997638457138072e-01
9.99997676994894391e-01
9.99997594707305648e-01
9.99997633435233513e-01
9.99997672726713138e-01
9.99997668515500093e-01
9.99997585953353529e-01
9.99997621207753262e-01
9.99997653491556449e-01
9.99997571127259288e-01
9.99997605732702910e-01
9.99997638798706179e-01
9.99997674604578779e-01
9.99997595437386866e-01
9.99997628770899039e-01
9.99997663883290921e-01
9.99997582151657682e-01
9.99997618533729038e-01
9.99997647989172900e-01
9.99997569715767698e-01
9.99997607134499811e-01
9.99997637227543534e-01
9.99997629558578516e-01
9.99997547542786802e-01
9.99997587472130856e-01
9.99997620422396705e-01
9.99997541710403226e-01
9.99997568796210823e-01
9.99997607854753223e-01
9.99997643568034666e-01
9.99997559134019331e-01
9.99997592324944784e-01
9.99997633101991190e-01
9.99997546563070272e-01
9.99997584332049327e-01
9.99997620243273322e-01
9.99997534464735827e-01
9.99997572514270683e-01
9.99997607127669275e-01
9.99997597991520548e-01
9.99997515768948908e-01
9.99997553137972339e-01
9.99997587480023209e-01
9.99997498600245560e-01
9.99997541779764743e-01
9.99997572471414964e-01
9.99997604988385413e-01
9.99997529072329860e-01
9.99997557972705731e-01
9.99997593515061012e-01
9.99997508995646656e-01
9.99997546052067476e-01
9.99997578746386062e-01
9.99997497463774643e-01
9.99997533680461625e-01
9.99997570054049101e-01
9.99997558955996402e-01
9.99997475759669019e-01
9.99997512706871650e-01
9.99997545838437696e-01
9.99997464150474524e-01
9.99997496268991592e-01
9.99997533062455757e-01
9.99997570768070498e-01
9.99997484803865078e-01
9.99997519856843708e-01
9.99997558142427745e-01
9.99997474589244151e-01
9.99997504420159222e-01
9.99997539290352400e-01
9.99997456801328122e-01
9.99997492540305566e-01
9.99997528917542566e-01
9.99997523907786290e-01
9.99997443447596335e-01
9.99997472299115731e-01
9.99997510184112093e-01
9.99997426697453839e-01
9.99997462015060679e-01
9.99997496298781541e-01
9.99997531511011006e-01
9.99997450660878306e-01
9.99997484088899102e-01
9.99997521571720283e-01
9.99997443654540019e-01
9.99997475328104235e-01
9.99997512510748976e-01
9.99997429163686058e-01
9.99997464272916692e-01
9.99997498031851006e-01
9.99997499225427577e-01
9.99997410370572659e-01
9.99997452650117968e-01
9.99997488576025884e-01
9.99997403257554041e-01
9.99997443330592484e-01
9.99997479259348898e-01
9.99997514189900460e-01
9.99997437853799687e-01
9.99997470746384787e-01
9.99997509903691628e-01
9.99997428313686543e-01
9.99997465521901607e-01
9.99997504600827480e-01
9.99997421349291260e-01
9.99997460408073358e-01
9.99997500867950029e-01
9.99997493038511043e-01
9.99997415007401469e-01
9.99997446990822048e-01
9.99997491978327879e-01
9.99997412794516372e-01
9.99997449324101950e-01
9.99997487892314907e-01
9.99997528130908475e-01
9.99997443771984518e-01
9.99997488557446745e-01
9.99997524700103835e-01
9.99997444168961747e-01
9.99997482719839681e-01
9.99997520807468510e-01
9.99997446072222407e-01
9.99997483620062799e-01
9.99997519748822783e-01
9.99997520324806932e-01
9.99997442746590637e-01
9.99997480307178388e-01
9.99997517632042143e-01
9.99997436895133207e-01
9.99997481092065876e-01
9.99997517155681415e-01
9.99997561578204075e-01
9.99997480692390028e-01
9.99997520311426746e-01
9.99997562088230096e-01
9.99997479696846603e-01
9.99997518883588343e-01
9.99997555656693460e-01
9.99997475688593540e-01
9.99997515046660901e-01
9.99997557412815929e-01
9.99997557422260264e-01
9.99997477417813085e-01
9.99997514279917676e-01
9.99997554616080087e-01
9.99997475703327310e-01
9.99997514799537135e-01
9.99997551457222134e-01
9.99997589511709584e-01
9.99997511058123068e-01
9.99997549230831062e-01
9.99997583463180795e-01
9.99997503001544663e-01
9.99997548576114337e-01
9.99997582161113563e-01
9.99997502102422442e-01
9.99997541541789547e-01
9.99997576619138462e-01
9.99997577667136928e-01
9.99997493483287370e-01
9.99997534166037427e-01
9.99997568176351548e-01
9.99997486499582311e-01
9.99997522934611971e-01
9.99997562963222397e-01
9.99997597595685961e-01
9.99997517778749012e-01
9.99997553728800392e-01
9.99997590257247770e-01
9.99997508196627582e-01
9.99997544124640037e-01
9.99997584379330173e-01
9.99997497762282195e-01
9.99997533066384947e-01
9.99997574768725528e-01
9.99997569102930806e-01
9.99997487988592559e-01
9.99997522901646230e-01
9.99997557400757353e-01
9.99997474499625838e-01
9.99997510359839636e-01
9.99997549691306054e-01
9.99997582297232568e-01
9.99997502041146569e-01
9.99997536860964709e-01
9.99997575112048231e-01
9.99997491331806154e-01
9.99997527453516888e-01
9.99997560750975345e-01
9.99997477273013469e-01
9.99997515031103235e-01
9.99997548504334421e-01
9.99997542634098124e-01
9.99997459938112621e-01
9.99997496905772887e-01
9.99997528952594195e-01
9.99997446696028636e-01
9.99997481848760694e-01
9.99997516435145894e-01
9.99997555319708686e-01
9.99997468254937183e-01
9.99997504767534351e-01
9.99997537930282454e-01
9.99997452658119679e-01
9.99997489428419484e-01
9.99997526019047456e-01
9.99997444774153310e-01
9.99997478189361244e-01
9.99997516268471998e-01
9.99997506767016042e-01
9.99997422011091097e-01
9.99997458810514495e-01
9.99997492592380355e-01
9.99997406876923622e-01
9.99997442056131502e-01
9.99997481686871081e-01
9.99997513129414539e-01
9.99997433678232572e-01
9.99997467222600744e-01
9.99997508634980381e-01
9.99997420586378638e-01
9.99997452817222410e-01
9.99997488899087239e-01
9.99997407582833064e-01
9.99997442079023302e-01
9.99997476026135534e-01
9.99997472361403239e-01
9.99997382687641823e-01
9.99997418121862491e-01
9.99997455081739983e-01
9.99997371540067292e-01
9.99997407009718842e-01
9.99997442579564688e-01
9.99997473991374619e-01
9.99997393422218273e-01
9.99997427238431547e-01
9.99997464761436472e-01
9.99997381317596523e-01
9.99997415078508256e-01
9.99997452298282519e-01
9.99997365376063985e-01
9.99997397489440387e-01
9.99997433367467381e-01
9.99997431097326195e-01
9.99997343642610614e-01
9.99997382094785170e-01
9.99997412268156749e-01
9.99997327197889918e-01
9.99997367590605646e-01
9.99997400577026796e-01
9.99997436730950651e-01
9.99997347907082723e-01
9.99997385854825227e-01
9.99997419510181285e-01
9.99997335799007292e-01
9.99997373613438767e-01
9.99997409904469947e-01
9.99997326074994142e-01
9.99997361790887940e-01
9.99997393044303129e-01
9.99997388020636202e-01
9.99997302931390886e-01
9.99997341850949351e-01
9.99997375573625114e-01
9.99997293045760571e-01
9.99997329330066242e-01
9.99997366893203177e-01
9.99997399475861304e-01
9.99997316157026472e-01
9.99997352332545164e-01
9.99997383798005735e-01
9.99997304950903665e-01
9.99997343652182957e-01
9.99997378340827470e-01
9.99997296695356530e-01
9.99997331946418044e-01
9.99997369097344824e-01
9.99997364569111480e-01
9.99997282096151574e-01
9.99997319045000777e-01
9.99997356808862592e-01
9.99997273871616410e-01
9.99997309581533100e-01
9.99997348906823569e-01
9.99997389026539230e-01
9.99997306864295554e-01
9.99997342570114078e-01
9.99997382882635399e-01
9.99997302683608535e-01
9.99997339041641342e-01
9.99997379899277505e-01
9.99997298676902791e-01
9.99997337164759026e-01
9.99997372628091963e-01
9.99997371294732762e-01
9.99997289339033646e-01
9.99997331769157061e-01
9.99997366014694355e-01
9.99997288794853167e-01
9.99997329739808039e-01
9.99997370719183709e-01
9.99997413774745936e-01
9.99997329003313951e-01
9.99997367816048532e-01
9.99997405416001461e-01
9.99997328445784261e-01
9.99997368151296695e-01
9.99997408280914768e-01
9.99997327046002527e-01
9.99997369231638955e-01
9.99997406428482338e-01
9.99997399540700660e-01
9.99997324267102972e-01
9.99997365155544715e-01
9.99997404735430306e-01
9.99997325383472191e-01
9.99997368083511029e-01
9.99997407584310993e-01
9.99997445013379616e-01
9.99997366880113203e-01
9.99997408108622365e-01
9.99997446569661275e-01
9.99997371611146324e-01
9.99997405623747171e-01
9.99997446130962087e-01
9.99997366763201390e-01
9.99997406955102419e-01
9.99997442171024042e-01
9.99997445307232558e-01
9.99997368655499930e-01
9.99997406541142109e-01
9.99997443502034677e-01
9.99997363511618942e-01
9.99997403092483750e-01
9.99997443300113198e-01
9.99997479409001855e-01
9.99997404264073575e-01
9.99997436601379186e-01
9.99997479181516713e-01
9.99997398358130063e-01
9.99997435120130063e-01
9.99997471346869227e-01
9.99997394783116444e-01
9.99997429337182164e-01
9.99997468154058100e-01
9.99997468598007866e-01
9.99997384054926330e-01
9.99997420118133973e-01
9.99997461781133246e-01
9.99997375200798899e-01
9.99997417649186038e-01
9.99997448334461247e-01
9.99997486597498209e-01
9.99997411194259000e-01
9.99997446226923548e-01
9.99997483705686863e-01
9.99997401175933720e-01
9.99997438824719587e-01
9.99997477693481907e-01
9.99997392762070225e-01
9.99997426655135135e-01
9.99997466204444518e-01
9.99997463233465056e-01
9.99997378087809641e-01
9.99997417108204001e-01
9.99997447792236649e-01
9.99997364482561601e-01
9.99997404138494028e-01
9.99997438684957940e-01
9.99997475056270124e-01
9.99997387444141350e-01
9.99997423600883062e-01
9.99997462152260486e-01
9.99997378843234586e-01
9.99997413081865516e-01
9.99997450114182951e-01
9.99997370880885805e-01
9.99997400713841911e-01
9.99997438843814535e-01
9.99997432673128905e-01
9.99997348916054185e-01
9.99997382026632464e-01
9.99997414262688067e-01
9.99997337080234527e-01
9.99997371152484438e-01
9.99997404319462713e-01
9.99997439718079750e-01
9.99997355766828577e-01
9.99997393378556421e-01
9.99997428650906017e-01
9.99997346554962974e-01
9.99997381630910231e-01
9.99997415131950396e-01
9.99997328759709925e-01
9.99997370650935635e-01
9.99997403025739362e-01
9.99997397528113119e-01
9.99997309081843588e-01
9.99997346426171441e-01
9.99997385010379713e-01
9.99997300882425000e-01
9.99997333853526515e-01
9.99997371497502008e-01
9.99997406074870754e-01
9.99997322119973275e-01
9.99997360274659353e-01
9.99997390638168615e-01
9.99997307057178708e-01
9.99997341953686059e-01
9.99997376382768199e-01
9.99997293668759557e-01
9.99997325337985021e-01
9.99997366429493328e-01
9.99997354634221680e-01
9.99997271856191472e-01
9.99997306150710918e-01
9.99997339703193155e-01
9.99997258959204549e-01
9.99997286700482602e-01
9.99997326379555518e-01
9.99997357203987414e-01
9.99997277121584816e-01
9.99997314414733496e-01
9.99997349581839279e-01
9.99997266717108535e-01
9.99997295406930498e-01
9.99997330591676170e-01
9.99997245578848393e-01
9.99997281492154722e-01
9.99997320454398375e-01
9.99997312644681169e-01
9.99997226915583348e-01
9.99997263452164997e-01
9.99997295247820439e-01
9.99997209326676573e-01
9.99997247035063430e-01
9.99997279275314344e-01
9.99997317447410383e-01
9.99997235090773873e-01
9.99997273448623880e-01
9.99997306175091749e-01
9.99997220526199437e-01
9.99997252326705888e-01
9.99997283364841616e-01
9.99997200116944263e-01
9.99997237918597959e-01
9.99997274516227663e-01
9.99997269254308430e-01
9.99997183081972274e-01
9.99997228733772503e-01
9.99997258886116791e-01
9.99997180624649706e-01
9.99997218036977609e-01
9.99997259843324771e-01
9.99997293759192440e-01
9.99997222672384778e-01
9.99997264245470752e-01
9.99997307295907856e-01
9.99997244764083137e-01
9.99997346567155665e-01
9.99997149150389841e-01
9.99997031424458838e-01
9.99997406146621137e-01
9.99997179961414462e-01
9.99997206934286620e-01
9.99997139373202559e-01
9.99997187434638390e-01
9.99997224055853007e-01
9.99997147633958527e-01
9.99997187049472491e-01
9.99997226938036721e-01
9.99997269640520714e-01
9.99997185769790797e-01
9.99997230329630615e-01
9.99997270554493611e-01
9.99997188979774299e-01
9.99997229524655196e-01
9.99997272159603767e-01
9.99997188297011785e-01
9.99997229017154377e-01
9.99997270121921744e-01
9.99997257280404339e-01
9.99997177412649818e-01
9.99997214542130530e-01
9.99997257803020623e-01
9.99997180842796096e-01
9.99997222255623264e-01
9.99997254840438554e-01
9.99997298806317270e-01
9.99997220641266837e-01
9.99997264704483135e-01
9.99997301089295410e-01
9.99997224951604036e-01
9.99997261649890890e-01
9.99997300705827263e-01
9.99997221487775256e-01
9.99997259698911067e-01
9.99997300634694830e-01
9.99997300467266981e-01
9.99997219044903907e-01
9.99997262998512659e-01
9.99997301291962293e-01
9.99997219644740865e-01
9.99997260977201652e-01
9.99997298392293454e-01
9.99997337098310957e-01
9.99997261105059820e-01
9.99997300967077174e-01
9.99997337485060256e-01
9.99997259282631834e-01
9.99997300074053186e-01
9.99997343678723172e-01
9.99997258284881174e-01
9.99997301332887889e-01
9.99997342768095154e-01
9.99997336507598700e-01
9.99997260574642222e-01
9.99997295827304122e-01
9.99997334942503535e-01
9.99997252313529317e-01
9.99997298511661192e-01
9.99997334763595869e-01
9.99997369412278014e-01
9.99997289567332359e-01
9.99997332867288202e-01
9.99997367953396554e-01
9.99997288786954708e-01
9.99997324310654356e-01
9.99997363137182238e-01
9.99997285339137121e-01
9.99997322168139302e-01
9.99997361767769877e-01
9.99997352779284476e-01
9.99997272491544242e-01
9.99997313950505395e-01
9.99997347293429595e-01
9.99997267682264379e-01
9.99997306971286637e-01
9.99997341586432609e-01
9.99997374223481672e-01
9.99997295765273297e-01
9.99997337718951607e-01
9.99997367223292688e-01
9.99997290273581974e-01
9.99997323477092470e-01
9.99997357740692205e-01
9.99997276774773125e-01
9.99997317451314816e-01
9.99997352948676310e-01
9.99997342933142574e-01
9.99997260014791056e-01
9.99997296085807896e-01
9.99997334215847022e-01
9.99997248833065289e-01
9.99997283824615391e-01
9.99997324039066604e-01
9.99997354044366404e-01
9.99997274280014947e-01
9.99997309407194335e-01
9.99997346718202618e-01
9.99997262688369748e-01
9.99997297178411793e-01
9.99997336190591057e-01
9.99997247854609861e-01
9.99997282364273210e-01
9.99997324431186052e-01
9.99997304975033030e-01
9.99997229421861089e-01
9.99997265780278588e-01
9.99997300605043549e-01
9.99997214077409158e-01
9.99997251604760384e-01
9.99997285455388019e-01
9.99997318291066972e-01
9.99997234627882148e-01
9.99997273182799296e-01
9.99997307341252473e-01
9.99997223343500385e-01
9.99997254938842617e-01
9.99997292173354091e-01
9.99997205080551788e-01
9.99997245384200872e-01
9.99997277686724639e-01
9.99997267574439186e-01
9.99997185997084315e-01
9.99997222301947986e-01
9.99997255618170988e-01
9.99997170506730759e-01
9.99997207490487816e-01
9.99997242831781041e-01
9.99997276961550385e-01
9.99997188492640854e-01
9.99997225967853565e-01
9.99997258761578744e-01
9.99997177016420991e-01
9.99997215017856989e-01
9.99997250035751462e-01
9.99997159920386069e-01
9.99997198729828174e-01
9.99997231983529078e-01
9.99997223794829804e-01
9.99997137546475567e-01
9.99997172370607701e-01
9.99997211306314582e-01
9.99997125161053546e-01
9.99997160540893937e-01
9.99997198339228177e-01
9.99997226685141127e-01
9.99997146518318614e-01
9.99997176787810638e-01
9.99997212188919904e-01
9.99997126898537703e-01
9.99997159096685073e-01
9.99997197037618246e-01
9.99997109580000654e-01
9.99997152778707488e-01
9.99997186520973469e-01
9.99997174653133869e-01
9.99997089543508300e-01
9.99997127526697338e-01
9.99997160946905939e-01
9.99997079486948492e-01
9.99997112550836009e-01
9.99997147232710937e-01
9.99997184434764375e-01
9.99997099483177831e-01
9.99997133329948551e-01
9.99997166120108139e-01
9.99997085134018082e-01
9.99997118905999849e-01
9.99997155857603848e-01
9.99997073914417500e-01
9.99997108492500786e-01
9.99997141535936218e-01
9.99997136059852187e-01
9.99997052713793910e-01
9.99997090415156609e-01
9.99997125659632502e-01
9.99997041002694043e-01
9.99997080099836788e-01
9.99997115790098423e-01
9.99997147436972544e-01
9.99997071254246639e-01
9.99997103952822153e-01
9.99997145160825718e-01
9.99997061383392727e-01
9.99997098753605984e-01
9.99997132317842485e-01
9.99997051473371812e-01
9.99997086022383241e-01
9.99997126351482635e-01
9.99997122027257435e-01
9.99997040708184737e-01
9.99997074439899936e-01
9.99997117210185582e-01
9.99997037896141805e-01
9.99997079366250707e-01
9.99997114204252302e-01
9.99997149275101416e-01
9.99997069502852498e-01
9.99997105478556247e-01
9.99997149106924388e-01
9.99997065644969485e-01
9.99997108450087935e-01
9.99997146537726422e-01
9.99997064553977633e-01
9.99997107944680552e-01
9.99997142021263663e-01
9.99997138703241251e-01
9.99997060847667818e-01
9.99997103203925541e-01
9.99997137707382855e-01
9.99997062792534974e-01
9.99997100851591547e-01
9.99997139340170871e-01
9.99997181418555203e-01
9.99997103537342502e-01
9.99997148930269586e-01
9.99997186752397793e-01
9.99997104529023906e-01
9.99997145468544679e-01
9.99997186573851060e-01
9.99997108331717510e-01
9.99997148566925786e-01
9.99997184175860920e-01
9.99997186582136321e-01
9.99997105246655749e-01
9.99997147544817500e-01
9.99997186738871169e-01
9.99997109244100235e-01
9.99997148244355150e-01
9.99997191035062905e-01
9.99997233128139817e-01
9.99997154349987261e-01
9.99997192100738452e-01
9.99997231137042308e-01
9.99997151952609409e-01
9.99997194152280722e-01
9.99997234729278817e-01
9.99997151377325588e-01
9.99997192834502835e-01
9.99997229667831666e-01
9.99997217880779776e-01
9.99997166421792372e-01
9.99997198707861634e-01
9.99997231498344963e-01
9.99997150883816910e-01
9.99997189282878396e-01
9.99997222329423452e-01
9.99997269643352893e-01
9.99997184424910701e-01
9.99997222014976428e-01
9.99997263021278227e-01
9.99997180273606623e-01
9.99997220975689327e-01
9.99997258844799175e-01
9.99997176692525858e-01
9.99997214333796403e-01
9.99997253436660349e-01
9.99997253021570165e-01
9.99997164442700037e-01
9.99997203599552131e-01
9.99997240668477838e-01
9.99997157161534478e-01
9.99997198267533416e-01
9.99997235021487074e-01
9.99997270998223109e-01
9.99997189486979798e-01
9.99997226478408163e-01
9.99997262791554653e-01
9.99997180903441807e-01
9.99997211943988829e-01
9.99997254405935787e-01
9.99997168547144710e-01
9.99997208610347910e-01
9.99997239040165797e-01
9.99997239357518386e-01
9.99997153439337372e-01
9.99997188624595856e-01
9.99997224975780141e-01
9.99997142428427521e-01
9.99997178949975973e-01
9.99997213334775648e-01
9.99997250532734028e-01
9.99997164285274076e-01
9.99997200918073870e-01
9.99997239218015865e-01
9.99997154573067482e-01
9.99997189942528175e-01
9.99997228184608455e-01
9.99997139378458022e-01
9.99997175036118846e-01
9.99997210615221399e-01
9.99997203394653367e-01
9.99997120439900078e-01
9.99997155203287913e-01
9.99997188373156209e-01
9.99997107821370523e-01
9.99997141820345159e-01
9.99997173260739225e-01
9.99997208926288961e-01
9.99997125786389440e-01
9.99997161593332962e-01
9.99997192522883105e-01
9.99997112946400146e-01
9.99997146856646091e-01
9.99997180504741623e-01
9.99997098365327575e-01
9.99997131963534125e-01
9.99997166138474336e-01
9.99997157183944219e-01
9.99997074100265615e-01
9.99997108523169920e-01
9.99997142466986899e-01
9.99997059187049953e-01
9.99997090219585161e-01
9.99997132325844973e-01
9.99997166509939861e-01
9.99997079388441401e-01
9.99997112651660802e-01
9.99997149033667987e-01
9.99997064593719842e-01
9.99997097413630853e-01
9.99997134272640809e-01
9.99997050623504857e-01
9.99997081311223890e-01
9.99997120787053828e-01
9.99997108329749307e-01
9.99997022600820684e-01
9.99997061118926944e-01
9.99997093263844117e-01
9.99997009995019948e-01
9.99997044153085102e-01
9.99997077979437710e-01
9.99997111546862660e-01
9.99997029536047743e-01
9.99997064325835905e-01
9.99997095452338836e-01
9.99997011057303986e-01
9.99997048157620250e-01
9.99997086127449419e-01
9.99997001908786487e-01
9.99997036867496636e-01
9.99997068985947646e-01
9.99997057615268137e-01
9.99996974172066566e-01
9.99997009310790053e-01
9.99997045616722535e-01
9.99996961708733978e-01
9.99996997955543088e-01
9.99997026375873621e-01
9.99997066161365744e-01
9.99996980524148982e-01
9.99997016685167495e-01
9.99997055322389916e-01
9.99996967196231101e-01
9.99997005996061450e-01
9.99997040400238957e-01
9.99996951905453457e-01
9.99996991049665662e-01
9.99997027033302399e-01
9.99997015923794086e-01
9.99996940930909517e-01
9.99996971089355369e-01
9.99997011932864832e-01
9.99996929766072018e-01
9.99996961822524177e-01
9.99997001438322708e-01
9.99997039169327140e-01
9.99996950650043015e-01
9.99996996078306055e-01
9.99997030645299767e-01
9.99996947229705890e-01
9.99996983025434827e-01
9.99997025052028032e-01
9.99996938851255179e-01
9.99996978945640880e-01
9.99997015063658456e-01
9.99997010462004177e-01
9.99996932024540763e-01
9.99996962861598004e-01
9.99997005143312134e-01
9.99996923929134529e-01
9.99996963375508918e-01
9.99997000620381993e-01
9.99997043091112814e-01
9.99996958997028451e-01
9.99996996610774791e-01
9.99997040961641659e-01
9.99996959370419880e-01
9.99997000235212652e-01
9.99997039229974960e-01
9.99996956395343473e-01
9.99996999725640157e-01
9.99997037018045209e-01
9.99997037788406207e-01
9.99996955553727807e-01
9.99996999244698981e-01
9.99997035193085360e-01
9.99996961337635160e-01
9.99996997882514060e-01
9.99997037376224363e-01
9.99997076198342327e-01
9.99996997424837608e-01
9.99997045317351896e-01
9.99997088081830077e-01
9.99997004283380453e-01
9.99997047122140770e-01
9.99997084219320320e-01
9.99997008620746475e-01
9.99997039394462828e-01
9.99997090244525766e-01
9.99997084570887651e-01
9.99997004883663942e-01
9.99997043148812437e-01
9.99997083582879975e-01
9.99997007663020354e-01
9.99997048987235626e-01
9.99997085886266124e-01
9.99997129291915754e-01
9.99997050087510941e-01
9.99997089913517212e-01
9.99997132932302080e-01
9.99997052554661647e-01
9.99997090382519604e-01
9.99997131309585785e-01
9.99997052918842888e-01
9.99997089652744142e-01
9.99997131723849408e-01
9.99997122624258661e-01
9.99997049697454954e-01
9.99997087567961462e-01
9.99997127455124257e-01
9.99997043742591796e-01
9.99997079224139052e-01
9.99997121528972910e-01
9.99997163908629250e-01
9.99997082835629492e-01
9.99997119456856765e-01
9.99997153956358464e-01
9.99997078397387607e-01
9.99997114177528124e-01
9.99997155888100675e-01
9.99997074979917855e-01
9.99997107198365320e-01
9.99997143765121166e-01
9.99997141036322090e-01
9.99997059568245250e-01
9.99997097306171034e-01
9.99997135492858180e-01
9.99997053272816405e-01
9.99997088106134524e-01
9.99997124931073733e-01
9.99997162913447202e-01
9.99997077566603165e-01
9.99997118839179855e-01
9.99997156216712479e-01
9.99997071367109025e-01
9.99997109043140320e-01
9.99997140681969987e-01
9.99997057673047807e-01
9.99997088279744095e-01
9.99997131304120157e-01
9.99997127805144714e-01
9.99997044766889442e-01
9.99997080389893989e-01
9.99997114724495928e-01
9.99997032086867632e-01
9.99997069664703697e-01
9.99997104862118458e-01
9.99997136401457931e-01
9.99997049563084994e-01
9.99997084758678545e-01
9.99997119129942158e-01
9.99997032678470288e-01
9.99997069251574833e-01
9.99997105769134254e-01
9.99997024068458473e-01
9.99997058639201519e-01
9.99997095862890983e-01
9.99997093407094972e-01
9.99997006402145505e-01
9.99997047117675786e-01
9.99997186450077513e-01
9.99997064277631242e-01
9.99997136363370176e-01
9.99996901101616431e-01
9.99997039563768619e-01
9.99996969593353380e-01
9.99997019232167550e-01
9.99997055697013582e-01
9.99996975582495340e-01
9.99997010856959911e-01
9.99997043243829098e-01
9.99996964348066397e-01
9.99997000892247967e-01
9.99997033350654041e-01
9.99997025928113459e-01
9.99996942508793452e-01
9.99996971324493611e-01
9.99997013814119651e-01
9.99996929371179788e-01
9.99996958283755122e-01
9.99996999189878166e-01
9.99997029321206710e-01
9.99996943968189500e-01
9.99996978940029146e-01
9.99997013665694823e-01
9.99996926526967256e-01
9.99996960240275512e-01
9.99996994149514151e-01
9.99996916651591183e-01
9.99996951228117714e-01
9.99996985566381724e-01
9.99996972314575294e-01
9.99996888861221844e-01
9.99996923398271509e-01
9.99996955584199765e-01
9.99996871233209572e-01
9.99996906714097245e-01
9.99996940368340415e-01
9.99996973526056099e-01
9.99996892605211740e-01
9.99996924333127923e-01
9.99996958832291449e-01
9.99996876779151944e-01
9.99996911922055753e-01
9.99996946967706135e-01
9.99996862689477961e-01
9.99996892215586297e-01
9.99996928409283337e-01
9.99996919732040634e-01
9.99996836868049743e-01
9.99996871231634943e-01
9.99996904465851433e-01
9.99996823045276262e-01
9.99996859093414736e-01
9.99996894905184508e-01
9.99996927205576758e-01
9.99996839332200405e-01
9.99996881851065833e-01
9.99996919973577758e-01
9.99996831871779790e-01
9.99996870418846662e-01
9.99996907023373516e-01
9.99996824597628509e-01
9.99996861635250700e-01
9.99996896097157584e-01
9.99996883372022638e-01
9.99996803076105500e-01
9.99996836239311793e-01
9.99996871334417281e-01
9.99996792628884634e-01
9.99996829445603974e-01
9.99996865200956542e-01
9.99996903692562222e-01
9.99996826319718979e-01
9.99996858284760815e-01
9.99996893345422522e-01
9.99996818260573628e-01
9.99996859565200347e-01
9.99996891636681040e-01
9.99996813054570333e-01
9.99996850755567990e-01
9.99996888015915908e-01
9.99996884716568113e-01
9.99996798602307502e-01
9.99996837093175439e-01
9.99996877412315688e-01
9.99996796619188721e-01
9.99996842336414060e-01
9.99996876612613383e-01
9.99996919816396379e-01
9.99996836947738887e-01
9.99996876781269139e-01
9.99996915492884608e-01
9.99996836309812509e-01
9.99996879577799369e-01
9.99996918555129066e-01
9.99996844634256976e-01
9.99996881252005698e-01
9.99996924153973454e-01
9.99996915728039837e-01
9.99996836471674255e-01
9.99996879261439764e-01
9.99996916458168572e-01
9.99996842702095101e-01
9.99996883835344907e-01
9.99996922196193294e-01
9.99996961056939804e-01
9.99996889026492530e-01
9.99996924078120131e-01
9.99996969094258947e-01
9.99996892648225888e-01
9.99996930679561413e-01
9.99996971416022284e-01
9.99996898375899779e-01
9.99996934158028594e-01
9.99996973623436203e-01
9.99996971237326893e-01
9.99996890353602730e-01
9.99996930025511155e-01
9.99996974944837635e-01
9.99996895617005110e-01
9.99996937530095553e-01
9.99996978761954147e-01
9.99997017733989302e-01
9.99996940082996555e-01
9.99996985645583814e-01
9.99997021429115618e-01
9.99996942553911472e-01
9.99996981965527221e-01
9.99997024603538787e-01
9.99996942577534464e-01
9.99996980622299247e-01
9.99997022945769087e-01
9.99997015289745050e-01
9.99996933636807861e-01
9.99996978513359336e-01
9.99997018570204843e-01
9.99996933466992588e-01
9.99996973099357200e-01
9.99997015281706259e-01
9.99997051082840649e-01
9.99996974610683931e-01
9.99997011362560251e-01
9.99997049151989614e-01
9.99996969858277240e-01
9.99997004615272633e-01
9.99997046044324156e-01
9.99996963286079454e-01
9.99996999825374933e-01
9.99997037657426424e-01
9.99997027952000295e-01
9.99996951861520600e-01
9.99996988499934236e-01
9.99997019350581717e-01
9.99996941790282201e-01
9.99996976103281421e-01
9.99997016995758825e-01
9.99997050194988635e-01
9.99996966956594235e-01
9.99997009010491933e-01
9.99997041353423488e-01
9.99996962501385367e-01
9.99996996701002727e-01
9.99997029861556253e-01
9.99996947307552175e-01
9.99996986748512118e-01
9.99997017005466837e-01
9.99997010760301008e-01
9.99996926276853215e-01
