9.99522459918637307e-01
1.00002188025573546e+00
9.99545690100789641e-01
1.00004549899787154e+00
9.99570016731747724e-01
1.00007070608760329e+00
9.99593322567069231e-01
1.00009129176535727e+00
9.99617780356890306e-01
1.00011501993918239e+00
9.99641452775572703e-01
1.00013840877586602e+00
9.99663704373204842e-01
1.00016191062985516e+00
9.99688946433359815e-01
1.00018523177483676e+00
9.99712112937572228e-01
9.99522628409092562e-01
1.00002271695273914e+00
9.99545467901852946e-01
1.00004549528047404e+00
9.99569575984018521e-01
1.00006888239718328e+00
9.99592553563762976e-01
1.00009104634395496e+00
9.99617595120319113e-01
1.00011470320568496e+00
9.99641014870666145e-01
1.00013728848923500e+00
9.99664800245686713e-01
1.00016069849456413e+00
9.99686567060319553e-01
1.00018461412569115e+00
9.99712017912015583e-01
9.99523240859006346e-01
1.00002122327120180e+00
9.99545178265108913e-01
1.00004465432590983e+00
9.99568592996145866e-01
1.00006781434340097e+00
9.99594236257442148e-01
1.00009123783829024e+00
9.99616197893396286e-01
1.00011315222014785e+00
9.99640523416520654e-01
1.00013742072377698e+00
9.99664388107797119e-01
1.00015998715868193e+00
9.99685810460779867e-01
1.00018280917133606e+00
9.99710586749936625e-01
9.99521550116927671e-01
1.00002060397040449e+00
9.99543843158175460e-01
1.00004276358684696e+00
9.99567986918669438e-01
1.00006816996738634e+00
9.99592088074416796e-01
1.00008855100651917e+00
9.99614653445883516e-01
1.00011072125990919e+00
9.99638876889709538e-01
1.00013513939425280e+00
9.99661528808991617e-01
1.00015842671684974e+00
9.99685506082045761e-01
1.00018169499236720e+00
9.99708208916555097e-01
9.99519284322618273e-01
1.00001789045922096e+00
9.99543155088449597e-01
1.00004117768227307e+00
9.99566555516141486e-01
1.00006495713282395e+00
9.99589926205478152e-01
1.00008762043862620e+00
9.99614122122215787e-01
1.00011168327765687e+00
9.99636380018644966e-01
1.00013278333967204e+00
9.99659439159316210e-01
1.00015743811807067e+00
9.99683327536046606e-01
1.00017905129912310e+00
9.99707083338417513e-01
9.99517254119724252e-01
1.00001707392111028e+00
9.99541521726265203e-01
1.00003958887790034e+00
9.99565170330081632e-01
1.00006317986790050e+00
9.99589842638217485e-01
1.00008682151040529e+00
9.99612156148842468e-01
1.00010867773733536e+00
9.99634810469974489e-01
1.00013317153921544e+00
9.99657952463687494e-01
1.00015555191803540e+00
9.99682728378072039e-01
1.00017895527266298e+00
9.99705152999020075e-01
9.99517071129587431e-01
1.00001576955784510e+00
9.99540935977041300e-01
1.00003896792503788e+00
9.99562791873335077e-01
1.00006282104242805e+00
9.99587237256223671e-01
1.00008681423842472e+00
9.99612610731391626e-01
1.00010983683760335e+00
9.99635609105002598e-01
1.00013223142680130e+00
9.99659316505449036e-01
1.00015545735052203e+00
9.99682575892758329e-01
1.00017970166877079e+00
9.99705508315746783e-01
9.99516744727764417e-01
1.00001596818634098e+00
9.99541222164438858e-01
1.00003948647140062e+00
9.99564552698490982e-01
1.00006272562011223e+00
9.99588283104171804e-01
1.00008759474798947e+00
9.99612123935765373e-01
1.00011039969740390e+00
9.99636059828450274e-01
1.00013401905249855e+00
9.99659934713938880e-01
1.00015670496852960e+00
9.99683529067043497e-01
1.00017832387069960e+00
9.99706637276817189e-01
9.99517351375358465e-01
1.00001653057201034e+00
9.99541290786348902e-01
1.00004079671741697e+00
9.99565247085765884e-01
1.00006406317866303e+00
9.99589340575687157e-01
1.00008690889746399e+00
9.99612922019423200e-01
1.00011035023197103e+00
9.99636598977483248e-01
1.00013384778671854e+00
9.99661393061811898e-01
1.00015703036393933e+00
9.99685193912377312e-01
1.00017992107907894e+00
9.99708996523939963e-01
9.99519884372363610e-01
1.00001812123286293e+00
9.99542449035844882e-01
1.00004154756019914e+00
9.99565915546349770e-01
1.00006600914605670e+00
9.99590161260671128e-01
1.00008894681142513e+00
9.99613564027584278e-01
1.00011192071769850e+00
9.99637841862608512e-01
1.00013528051238398e+00
9.99663240155231336e-01
1.00015865701643270e+00
9.99686786845563669e-01
1.00018176497633204e+00
9.99709762086695708e-01
9.99521766636449760e-01
1.00001919285566054e+00
9.99543195017014718e-01
1.00004282063016836e+00
9.99568492295088151e-01
1.00006729246576676e+00
9.99591933761371565e-01
1.00009094057489922e+00
9.99615288547908487e-01
1.00011362107880353e+00
9.99639828447029033e-01
1.00013674140363484e+00
9.99663212436168069e-01
1.00016068073151354e+00
9.99686641085643757e-01
1.00018306291535874e+00
9.99711013883722410e-01
9.99522473447977067e-01
1.00002163296445334e+00
9.99546089003652161e-01
1.00004486469320875e+00
9.99570530675836344e-01
1.00006932580628072e+00
9.99595253487264079e-01
1.00009236861206752e+00
9.99617678777247720e-01
1.00011679167603740e+00
9.99640345639272954e-01
1.00014365797792326e+00
9.99665391181610241e-01
1.00016320925381685e+00
9.99689309090896372e-01
1.00018672738598524e+00
9.99713306989998940e-01
9.99524091686656124e-01
1.00002284664482355e+00
9.99548274762171007e-01
1.00004764167242022e+00
9.99571976769655923e-01
1.00007065042839627e+00
9.99595866903090990e-01
1.00009401274350940e+00
9.99620002442427213e-01
1.00011725790422257e+00
9.99644465527252613e-01
1.00014078837011855e+00
9.99668516403787177e-01
1.00016393841380524e+00
9.99692101620974549e-01
1.00018758229604843e+00
9.99714809802315085e-01
9.99525225913609150e-01
1.00002613718834898e+00
9.99550753747038501e-01
1.00004903303689119e+00
9.99573858287717609e-01
1.00007102905922762e+00
9.99597047668930205e-01
1.00009685559939410e+00
9.99622212751206107e-01
1.00012016603194698e+00
9.99645879645549740e-01
1.00014285927500701e+00
9.99669649334532728e-01
1.00016613740285187e+00
9.99693840788541510e-01
1.00019052398614483e+00
9.99716295499389229e-01
9.99526988771341829e-01
1.00002738343596209e+00
9.99551828282144728e-01
1.00005115433495440e+00
9.99576589620213785e-01
1.00007439456343472e+00
9.99599855904246493e-01
1.00009750990302448e+00
9.99624820741196407e-01
1.00012177703198168e+00
9.99647717524433488e-01
1.00014531050313171e+00
9.99671263318717584e-01
1.00016901854595908e+00
9.99696307702532594e-01
1.00019006030585222e+00
9.99718554311962215e-01
9.99527689167201250e-01
1.00002865420789999e+00
9.99554128395040653e-01
1.00005253553194495e+00
9.99578424992328296e-01
1.00007662221935312e+00
9.99602641857384233e-01
1.00009902807308304e+00
9.99625137072379655e-01
1.00012275290373576e+00
9.99649128805352838e-01
1.00014653450402191e+00
9.99672442895368607e-01
1.00016842204002554e+00
9.99696941532189243e-01
1.00019441195351066e+00
9.99720208588508075e-01
9.99531045452683675e-01
1.00003057247708083e+00
9.99555236261465252e-01
1.00005369015791512e+00
9.99579425919220776e-01
1.00007813432332160e+00
9.99603512631572877e-01
1.00010180920886738e+00
9.99625872648590263e-01
1.00012432452519140e+00
9.99650146048790766e-01
1.00014720070434282e+00
9.99674724970057049e-01
1.00017179938587519e+00
9.99697424604826579e-01
1.00019354666055649e+00
9.99722162733375441e-01
9.99532272283767953e-01
1.00003066668891805e+00
9.99555906082814083e-01
1.00005507135414318e+00
9.99580733607537297e-01
1.00007877107528187e+00
9.99603653165740735e-01
1.00010202466356790e+00
9.99627815772574979e-01
1.00012545764940430e+00
9.99651722355870520e-01
1.00014843662435071e+00
9.99675562698825293e-01
1.00017277884122291e+00
9.99698588035036306e-01
1.00019497003335123e+00
9.99721250188814414e-01
9.99531962147317765e-01
1.00003112982981834e+00
9.99556221121380539e-01
1.00005583097963502e+00
9.99579485871265883e-01
1.00007801944635499e+00
9.99602866554935465e-01
1.00010138297528939e+00
9.99628004992685670e-01
1.00012540033283126e+00
9.99651442648494259e-01
1.00014838659826433e+00
9.99674222793701883e-01
1.00017080713597806e+00
9.99698448825529495e-01
1.00019432420271470e+00
9.99721334510234594e-01
9.99531216595475169e-01
1.00003136295542383e+00
9.99555166246809512e-01
1.00005316943190414e+00
9.99578139425969403e-01
1.00007741829481400e+00
9.99603295779571188e-01
1.00009911780686456e+00
9.99623880601946180e-01
1.00012531061657373e+00
9.99648267499714804e-01
1.00014611556523225e+00
9.99671036671384794e-01
1.00016962610762050e+00
9.99695912831897848e-01
1.00019097289388403e+00
9.99717889692030348e-01
9.99530008431525729e-01
1.00002799456135416e+00
9.99552180901333243e-01
1.00005140921108282e+00
9.99576874902190160e-01
1.00007428578751933e+00
9.99599705238049197e-01
1.00009769084265843e+00
9.99623220777606902e-01
1.00011977663698581e+00
9.99646226934382431e-01
1.00014313511565400e+00
9.99668706451130817e-01
1.00016531284347199e+00
9.99692258310078796e-01
1.00018917107863059e+00
9.99715573636429933e-01
9.99525170713282174e-01
1.00002464112499045e+00
9.99549704274339867e-01
1.00004816036670818e+00
9.99572864660290716e-01
1.00007219804395309e+00
9.99595747557749936e-01
1.00009392880471926e+00
9.99619668783250703e-01
1.00011740306525532e+00
9.99643073018021910e-01
1.00014116709562773e+00
9.99667507874411609e-01
1.00016259880336600e+00
9.99690039187643542e-01
1.00018577280269039e+00
9.99712248604545217e-01
9.99524244578973042e-01
1.00002259106214342e+00
9.99546012769261361e-01
1.00004552527532509e+00
9.99570116140352405e-01
1.00006910200118271e+00
9.99593485319234087e-01
1.00009064451671481e+00
9.99615974348213365e-01
1.00011441706607496e+00
9.99640863583070916e-01
1.00013622766837562e+00
9.99664465074944553e-01
1.00016103362830755e+00
9.99688719002908233e-01
1.00018290082386385e+00
9.99711707468964428e-01
9.99520654418654231e-01
1.00002036337201639e+00
9.99544500158185523e-01
1.00004229744325901e+00
9.99568736238498401e-01
1.00006716562735187e+00
9.99590197393479429e-01
1.00008995769661002e+00
9.99616059975542370e-01
1.00011328242473962e+00
9.99639002895263751e-01
1.00013524116137131e+00
9.99662427920075980e-01
1.00015835616138915e+00
9.99684141488113132e-01
1.00018182607788142e+00
9.99708230951193655e-01
9.99518998245608192e-01
1.00001616910922730e+00
9.99541303411466520e-01
1.00004088639322486e+00
9.99564223228207038e-01
1.00006503223197196e+00
9.99588049805532730e-01
1.00008730986419225e+00
9.99611956844995708e-01
1.00011077735641507e+00
9.99636365214892408e-01
1.00013205782258674e+00
9.99658490132289468e-01
1.00015589793807491e+00
9.99681818199800620e-01
1.00017739317133691e+00
9.99704183885568476e-01
9.99514927693656685e-01
1.00001460958930211e+00
9.99539001562166907e-01
1.00003896835462647e+00
9.99563036381030057e-01
1.00006138480819762e+00
9.99585534186185121e-01
1.00008359766739074e+00
9.99608976732157317e-01
1.00010653698946106e+00
9.99633645409428895e-01
1.00012936759729154e+00
9.99656265254281751e-01
1.00015268997337059e+00
9.99679518887427232e-01
1.00017612725895799e+00
9.99702111499879864e-01
9.99511412657457798e-01
1.00001229834937577e+00
9.99536776142714078e-01
1.00003555392872423e+00
9.99559002961312393e-01
1.00005805040376328e+00
9.99583363405456060e-01
1.00008139178746247e+00
9.99606726327668560e-01
1.00010460845974758e+00
9.99629552390893905e-01
1.00012598742694747e+00
9.99653854412328902e-01
1.00014980403619602e+00
9.99676692855635651e-01
1.00017195529911374e+00
9.99700863864546818e-01
9.99510116114759373e-01
1.00000885889900282e+00
9.99534448333635916e-01
1.00003175122982113e+00
9.99558224819969809e-01
1.00005520995908759e+00
9.99580389336900077e-01
1.00007844340907437e+00
9.99604106428807038e-01
1.00010346297656905e+00
9.99628274253932303e-01
1.00012706870530277e+00
9.99652996333136756e-01
1.00014848643443566e+00
9.99675474270698361e-01
1.00017242995478473e+00
9.99699871652581118e-01
9.99509919128854230e-01
1.00000844005843637e+00
9.99533984821195376e-01
1.00003354655694254e+00
9.99552502549276523e-01
1.00004329254693669e+00
9.99577505515545695e-01
1.00007691196402293e+00
9.99608274441152300e-01
1.00011208033544685e+00
9.99631691007295098e-01
1.00012708590824784e+00
9.99654696870947657e-01
1.00015015355055303e+00
9.99676922460463468e-01
1.00017135182219286e+00
9.99700252961416402e-01
9.99510668296195282e-01
1.00001035970357299e+00
9.99535165133904613e-01
1.00003386634518154e+00
9.99558764299099289e-01
1.00005882943505298e+00
9.99580272443041817e-01
1.00008152161683039e+00
9.99607707658447420e-01
1.00010422762819284e+00
9.99630004968219188e-01
1.00012709418931878e+00
9.99655027616790370e-01
1.00015225255156803e+00
9.99677650213270264e-01
1.00017492619250059e+00
9.99701475297146924e-01
9.99514254135028257e-01
1.00001213414058499e+00
9.99536640567682988e-01
1.00003539154217203e+00
9.99560780409197047e-01
1.00005883154822817e+00
9.99586115876298198e-01
1.00008251447195451e+00
9.99608885479311704e-01
1.00010652750945073e+00
9.99631376606680999e-01
1.00013053849010625e+00
9.99656152698623623e-01
1.00015308065390474e+00
9.99681820309899494e-01
1.00017709399420718e+00
9.99705011050522452e-01
9.99515458142065327e-01
1.00001420304822219e+00
9.99539092537071405e-01
1.00003902857499805e+00
9.99563357177994716e-01
1.00006229355632370e+00
9.99586500869924621e-01
1.00008514612395261e+00
9.99611439585371575e-01
1.00010988063237094e+00
9.99635423267756340e-01
1.00013328103565580e+00
9.99659747346288041e-01
1.00015649020381514e+00
9.99682614595838293e-01
1.00018053477116742e+00
9.99707814160943342e-01
9.99517982309313879e-01
1.00001754102025076e+00
9.99542410192633457e-01
1.00004184988639344e+00
9.99565936434573810e-01
1.00006544887413473e+00
9.99590514917141126e-01
1.00008877383040184e+00
9.99615309760218174e-01
1.00011213838925661e+00
9.99639395316232360e-01
1.00013753316299625e+00
9.99663746178800716e-01
1.00015971795538183e+00
9.99687831473277666e-01
1.00018220616091735e+00
9.99710189276557859e-01
9.99522293947075258e-01
1.00002134328167869e+00
9.99546547449526646e-01
1.00004573104304995e+00
9.99570933186383126e-01
1.00006781921274923e+00
9.99596079209632227e-01
1.00009373019588099e+00
9.99617918733161970e-01
1.00011663592624855e+00
9.99643761713143064e-01
1.00014036237403481e+00
9.99666337027093288e-01
1.00016333615883601e+00
9.99692248166099695e-01
1.00018774264561738e+00
9.99714525134447030e-01
9.99526340706770489e-01
1.00002610241995060e+00
9.99550208698821385e-01
1.00004955990607614e+00
9.99575368093267191e-01
1.00007436569787855e+00
9.99599184265596685e-01
1.00009722603570306e+00
9.99623001996878924e-01
1.00012103407408093e+00
9.99646743177351249e-01
1.00014446583833561e+00
9.99671925233715286e-01
1.00016695979051251e+00
9.99694975651604922e-01
1.00019156512307239e+00
9.99720729906059091e-01
9.99529898803189210e-01
1.00002862314767227e+00
9.99554557415642808e-01
1.00005434461154730e+00
9.99577812007144351e-01
1.00007716899454002e+00
9.99602604948788276e-01
1.00010119029098354e+00
9.99628442514555293e-01
1.00012372528119609e+00
9.99650802018910212e-01
1.00014954626845864e+00
9.99673850327492453e-01
1.00017207646598894e+00
9.99698055536158314e-01
1.00019502195486942e+00
9.99723281894618343e-01
9.99532120221767850e-01
1.00003224837678695e+00
9.99558354551651873e-01
1.00005681429005655e+00
9.99580546545144388e-01
1.00008010246236512e+00
9.99604740973241035e-01
1.00010494782975345e+00
9.99628949532543887e-01
1.00012660744476833e+00
9.99653733359866625e-01
1.00015131294809168e+00
9.99676044054891078e-01
1.00017446783205055e+00
9.99701126507368532e-01
1.00019848761746211e+00
9.99725667708200372e-01
9.99535430990097895e-01
1.00003481935439842e+00
9.99560204015408016e-01
1.00005936882914237e+00
9.99584191688739132e-01
1.00008211096337307e+00
9.99608058503510088e-01
1.00010659509038735e+00
9.99632344093681069e-01
1.00012983624766849e+00
9.99657670728516856e-01
1.00015452749769196e+00
9.99679975748761884e-01
1.00017587960321230e+00
9.99703691910621139e-01
1.00020080671487510e+00
9.99727516572711861e-01
9.99539160610871114e-01
1.00003761034789318e+00
9.99560282900685992e-01
1.00006182458496351e+00
9.99585893557606409e-01
1.00008612972472832e+00
9.99609213917230011e-01
1.00010937060356953e+00
9.99633412524220444e-01
1.00013074046944217e+00
9.99657200587998451e-01
1.00015440128193478e+00
9.99680979460633834e-01
1.00017855645255960e+00
9.99705937048106508e-01
1.00020121299695819e+00
9.99728957419019126e-01
9.99539187868132561e-01
1.00003763234439647e+00
9.99562620435430649e-01
1.00006159471249734e+00
9.99586135058179281e-01
1.00008537991521718e+00
9.99610862832552294e-01
1.00011011825514928e+00
9.99634222627601265e-01
1.00013256699216790e+00
9.99658967218716499e-01
1.00015393342712633e+00
9.99680879770158071e-01
1.00017861279189790e+00
9.99704743326395917e-01
1.00020018315647219e+00
9.99728126428336861e-01
9.99538096014941146e-01
1.00003882867157290e+00
9.99562344795998481e-01
1.00006060889569826e+00
9.99584834331389560e-01
1.00008366131425430e+00
9.99610398490811347e-01
1.00010762646983342e+00
9.99634582796996574e-01
1.00013020459305446e+00
9.99656392108621894e-01
1.00015370793182434e+00
9.99678610133260204e-01
1.00017543567308831e+00
9.99702799875052506e-01
1.00019926015161964e+00
9.99726758009908067e-01
9.99535845581716043e-01
1.00003529248958611e+00
9.99558740424590919e-01
1.00005795661216279e+00
9.99582883937066402e-01
1.00008271794141446e+00
9.99607720984574288e-01
1.00010347449871517e+00
9.99628304344098773e-01
1.00012684544093000e+00
9.99651671302900446e-01
1.00014791373097456e+00
9.99674610816391196e-01
1.00017305361710318e+00
9.99697870911915532e-01
1.00019414275862872e+00
9.99721634205501308e-01
9.99531603514331457e-01
1.00003126479526649e+00
9.99555388914388332e-01
1.00005227229745941e+00
9.99579041123272449e-01
1.00007667132331179e+00
9.99602035088506202e-01
1.00009848472625684e+00
9.99625397830128271e-01
1.00012183283745415e+00
9.99648162318254485e-01
1.00014416509885207e+00
9.99670827856507738e-01
1.00016673041163373e+00
9.99695604159817619e-01
1.00019115226565392e+00
9.99717388249332872e-01
9.99526341456530187e-01
1.00002608559557471e+00
9.99550833441649300e-01
1.00004974827275062e+00
9.99573674973535886e-01
1.00007163635229590e+00
9.99596692791737684e-01
1.00009434150587895e+00
9.99620331252709438e-01
1.00011793604477983e+00
9.99645374358118843e-01
1.00013950432430621e+00
9.99665832325832393e-01
1.00016254505048674e+00
9.99690147569902932e-01
1.00018522632000684e+00
9.99712873582387029e-01
9.99522849380406031e-01
1.00002198030499478e+00
9.99546434057138278e-01
1.00004304033552915e+00
9.99568843835284326e-01
1.00006877647778492e+00
9.99592173047713417e-01
1.00009143059450900e+00
9.99615785649659694e-01
1.00011367451694255e+00
9.99638918781386665e-01
1.00013670073257988e+00
9.99660781146352595e-01
1.00015730757108101e+00
9.99685553302594454e-01
1.00018058423444001e+00
9.99708801130053004e-01
9.99517552821691635e-01
1.00001742454860398e+00
9.99542444199607250e-01
1.00004105778932550e+00
9.99565795219835906e-01
1.00006349255332716e+00
9.99587683059760312e-01
1.00008649585101161e+00
9.99611096764881912e-01
1.00010862648231535e+00
9.99634309968685963e-01
1.00013106593374212e+00
9.99658652138872394e-01
1.00015290371220966e+00
9.99680364944680377e-01
1.00017669311417756e+00
9.99704285129232595e-01
9.99514177417132443e-01
1.00001274922452255e+00
9.99537588506384300e-01
1.00003571397520363e+00
9.99561006152302367e-01
1.00005933184645257e+00
9.99584907071925710e-01
1.00008078613030804e+00
9.99607107290689800e-01
1.00010603807656229e+00
9.99629036295707762e-01
1.00012596663129205e+00
9.99651521201135429e-01
1.00015022184998470e+00
9.99676226150015501e-01
1.00017349319581905e+00
9.99700347405104384e-01
9.99510944074719854e-01
1.00001041231577426e+00
9.99532228086034258e-01
1.00003261183610115e+00
9.99556127426006857e-01
1.00005370170099250e+00
9.99578657393424774e-01
1.00007730089139235e+00
9.99602532926940346e-01
1.00010053470018545e+00
9.99625287213155689e-01
1.00012312445231344e+00
9.99649910735462055e-01
1.00014745277391404e+00
9.99671477730198710e-01
1.00016785078094350e+00
9.99696819681898829e-01
9.99505961469059012e-01
1.00000634054833970e+00
9.99529502222876176e-01
1.00002816310308429e+00
9.99552447438032399e-01
1.00005156979731180e+00
9.99575556288022304e-01
1.00007465170765752e+00
9.99600210088493202e-01
1.00009772157133559e+00
9.99622974840694178e-01
1.00012047033859020e+00
9.99646941036170023e-01
1.00014304948731736e+00
9.99670073203491660e-01
1.00016519306599738e+00
9.99691986004164423e-01
9.99502872931762099e-01
1.00000367950590285e+00
9.99527599125635713e-01
1.00002673830160949e+00
9.99550484549518892e-01
1.00004992467667431e+00
9.99574087045259074e-01
1.00007332701177654e+00
9.99598070156600405e-01
1.00009695596982073e+00
9.99622419491689063e-01
1.00012072137535424e+00
9.99645967200197161e-01
1.00014211119450502e+00
9.99669314184258639e-01
1.00016405298995625e+00
9.99691661743445148e-01
9.99502074446925737e-01
1.00000284358060543e+00
9.99527772898634481e-01
1.00002692434267870e+00
9.99550725845720245e-01
1.00004962362685301e+00
9.99575406470203709e-01
1.00007299927394033e+00
9.99597549068170776e-01
1.00009662291697099e+00
9.99622965120852802e-01
1.00012132767647133e+00
9.99647887717544203e-01
1.00014312331277933e+00
9.99672119122771319e-01
1.00016737880780937e+00
9.99695298838732427e-01
9.99504488509808886e-01
1.00000362973911971e+00
9.99528716194050038e-01
1.00002766435280899e+00
9.99552407253122888e-01
1.00005231616907886e+00
9.99576602750653631e-01
1.00007594788855947e+00
9.99600456166529261e-01
1.00009985345434438e+00
9.99624849826745820e-01
1.00012303442116579e+00
9.99651433184969518e-01
1.00014692366773494e+00
9.99672756368848336e-01
1.00017089591365593e+00
9.99698550000239661e-01
9.99507990206248920e-01
1.00000705306154569e+00
9.99533011736874699e-01
1.00003318064529179e+00
9.99556920351534650e-01
1.00005615248965052e+00
9.99579520755798479e-01
1.00007964391681425e+00
9.99606250553958686e-01
1.00010264211772193e+00
9.99630198183095731e-01
1.00012782006404533e+00
9.99654397705210807e-01
1.00015218190369937e+00
9.99676413155648702e-01
1.00017482188147411e+00
9.99701716513112015e-01
9.99513228577014190e-01
1.00001104856994583e+00
9.99537423180869800e-01
1.00003501407236439e+00
9.99560164747168245e-01
1.00005902504436617e+00
9.99585574989322656e-01
1.00008430530656667e+00
9.99610197238683496e-01
1.00010841288612951e+00
9.99634564583476104e-01
1.00013105995266671e+00
9.99658864956512350e-01
1.00015475374243268e+00
9.99682919698993921e-01
1.00017825307379749e+00
9.99706884660850670e-01
9.99516706894866047e-01
1.00001693794638635e+00
9.99542670778047926e-01
1.00003970978883672e+00
9.99566368003068528e-01
1.00006616739996690e+00
9.99590793252639331e-01
1.00008876659695423e+00
9.99615646958698423e-01
1.00011297066170002e+00
9.99638751036366902e-01
1.00013855373059690e+00
9.99665018645537362e-01
1.00016153327061685e+00
9.99687613604332115e-01
1.00018494261677193e+00
9.99713205678727124e-01
9.99523440352981352e-01
1.00002355986970204e+00
9.99545727330601763e-01
1.00004752225245586e+00
9.99570601896343058e-01
1.00007188310562278e+00
9.99595843246569360e-01
1.00009488329344109e+00
9.99620728444982842e-01
1.00011909449006153e+00
9.99644880740769515e-01
1.00014415496579923e+00
9.99669963646760640e-01
1.00016795547027404e+00
9.99693206229487430e-01
1.00019100275242412e+00
9.99718691649428060e-01
9.99529374719215546e-01
1.00002884337921860e+00
9.99552705672025699e-01
1.00005424155845946e+00
9.99578463243264492e-01
1.00007649340878468e+00
9.99602956874789172e-01
1.00010144963760261e+00
9.99627949931763071e-01
1.00012621766306764e+00
9.99651321531015880e-01
1.00013033083677350e+00
9.99676306734652464e-01
1.00017213499982849e+00
9.99699122556523156e-01
1.00021226263117269e+00
9.99724105463343782e-01
9.99534955178722817e-01
1.00003406540540252e+00
9.99559890894710756e-01
1.00005928536123290e+00
9.99583855996336257e-01
1.00008358318612633e+00
9.99610131727653339e-01
1.00010763485865439e+00
9.99632442636184892e-01
1.00012934207817561e+00
9.99657520255172738e-01
1.00015386390779648e+00
9.99681096987628526e-01
1.00017629480524395e+00
9.99705017179679745e-01
1.00020179915274721e+00
9.99727368577346676e-01
9.99539653855330612e-01
1.00003992080139237e+00
9.99563078874156852e-01
1.00006152083226829e+00
9.99588153570514004e-01
1.00008635583027683e+00
9.99611115770196679e-01
1.00010878975204198e+00
9.99636761758329384e-01
1.00013379149459580e+00
9.99660016311014088e-01
1.00015770912210056e+00
9.99683942843169082e-01
1.00018214615634582e+00
9.99708272310244617e-01
1.00020252686746436e+00
9.99731440864399357e-01
9.99542928879532888e-01
1.00004298209163811e+00
9.99567601558805197e-01
1.00006507085272744e+00
9.99590448621717975e-01
1.00008889644975829e+00
9.99614060672200488e-01
1.00011393511552216e+00
9.99639482856311767e-01
1.00013636942197581e+00
9.99662399181033168e-01
1.00016047974890254e+00
9.99686367892902994e-01
1.00018311374125712e+00
9.99711447920389240e-01
1.00020665078753801e+00
9.99733582979072444e-01
9.99545035813342198e-01
1.00004510128099744e+00
9.99568674291636872e-01
1.00006730324329185e+00
9.99593102954839829e-01
1.00009213144729303e+00
9.99616191242034824e-01
1.00011396292514831e+00
9.99640312878729675e-01
1.00013768351170729e+00
9.99662889771187668e-01
1.00016169193474891e+00
9.99688804868563818e-01
1.00018651345060072e+00
9.99714118037952959e-01
1.00020730057747409e+00
9.99736030739481030e-01
9.99545418952779818e-01
1.00004472908188902e+00
9.99570166946911920e-01
1.00006927340603169e+00
9.99593684306236296e-01
1.00009247246708854e+00
9.99617868872791693e-01
1.00011426704949336e+00
9.99639940773888069e-01
1.00013977941075249e+00
9.99663508382223287e-01
1.00016141910572287e+00
9.99687757389232767e-01
1.00018345997778280e+00
9.99711627892685195e-01
1.00020639957433732e+00
9.99733809781646610e-01
9.99541411285851944e-01
1.00004416180472644e+00
9.99568621787592759e-01
1.00006509760621021e+00
9.99591313159917561e-01
1.00008887662427082e+00
9.99615091602224726e-01
1.00011201599741661e+00
9.99637781606977360e-01
1.00013369119202222e+00
9.99661117740106464e-01
1.00015582977304196e+00
9.99684535802151553e-01
1.00018096060516126e+00
9.99703831329858406e-01
1.00020312215152818e+00
9.99729143371780316e-01
9.99539846046118341e-01
1.00004013407134518e+00
9.99562806953494865e-01
1.00006271348788567e+00
9.99586714022187572e-01
1.00008454947308367e+00
9.99609996960982738e-01
1.00010731447114742e+00
9.99632745187177596e-01
1.00012933852649533e+00
9.99655105126934451e-01
1.00015282626846935e+00
9.99678156799447049e-01
1.00017542677033155e+00
9.99700198901191772e-01
1.00019526093876165e+00
9.99724177916839762e-01
9.99532883012060669e-01
1.00003306009481485e+00
9.99555862520273730e-01
1.00005594244772955e+00
9.99581570641154271e-01
1.00007811154213488e+00
9.99604914133014666e-01
1.00010122825314385e+00
9.99625060871355942e-01
1.00012301813882187e+00
9.99649657926387492e-01
1.00014566767388380e+00
9.99671858996865836e-01
1.00016878450772273e+00
9.99697306745564340e-01
1.00019031728803709e+00
9.99717272102864096e-01
9.99527882109520815e-01
1.00002490029575175e+00
9.99551411088984487e-01
1.00004874296122548e+00
9.99573259839063866e-01
1.00007121312859026e+00
9.99595466596195470e-01
1.00009471743825462e+00
9.99619356307267060e-01
1.00011527230642105e+00
9.99643471991393140e-01
1.00013935499828954e+00
9.99665239121910632e-01
1.00016359428595369e+00
9.99688235662825386e-01
1.00018440274454656e+00
9.99709783836883359e-01
9.99521220103910868e-01
1.00001994722526555e+00
9.99547046788039628e-01
1.00004394309428002e+00
9.99568099417330935e-01
1.00006576212885534e+00
9.99591083430497185e-01
1.00008857404981755e+00
9.99613861397123271e-01
1.00011058710228107e+00
9.99637401605278697e-01
1.00013471606795634e+00
9.99659901359723824e-01
1.00015560945530591e+00
9.99681536690993355e-01
1.00017790218555724e+00
9.99703390226546085e-01
9.99515263746515559e-01
1.00001422600153655e+00
9.99538425720098433e-01
1.00003610587736946e+00
9.99560617943587748e-01
1.00005969345843693e+00
9.99584692305956035e-01
1.00008263154019850e+00
9.99607086688663826e-01
1.00010667140841369e+00
9.99630041392623014e-01
1.00012544232259071e+00
9.99654625062311064e-01
1.00014856359712723e+00
9.99675324370244200e-01
1.00017213116598080e+00
9.99698517957104960e-01
9.99510519357303062e-01
1.00000822453549487e+00
9.99532084056186432e-01
1.00003145641087055e+00
9.99555522316420642e-01
1.00005424579726854e+00
9.99578276998254855e-01
1.00007639086226341e+00
9.99600447517903334e-01
1.00009888104719180e+00
9.99626253538083542e-01
1.00012062636733545e+00
9.99647961973548327e-01
1.00014226391821448e+00
9.99670854981332901e-01
1.00016673161114267e+00
9.99691693709874429e-01
9.99502725847597473e-01
1.00000187704751275e+00
9.99528528503873748e-01
1.00002637148603690e+00
9.99548990884715494e-01
1.00004871993839761e+00
9.99571510172523991e-01
1.00007020367089772e+00
9.99595776934059432e-01
1.00009476562930533e+00
9.99620429912919661e-01
1.00011634270597738e+00
9.99642576013839212e-01
1.00013919997647194e+00
9.99664405851356519e-01
1.00016090212275932e+00
9.99688003058411212e-01
9.99499591644884000e-01
1.00000029022787484e+00
9.99522367079607843e-01
1.00002065639047566e+00
9.99546090242307117e-01
1.00004274180654318e+00
9.99568798432174166e-01
1.00006720027880514e+00
9.99592962174059907e-01
1.00008854762392829e+00
9.99615711320109179e-01
1.00011303300097865e+00
9.99640023999603389e-01
1.00013628064095261e+00
9.99662110658527503e-01
1.00015901495194770e+00
9.99683361584148500e-01
9.99497203550115509e-01
9.99995213128943239e-01
9.99520432731370145e-01
1.00001920086105023e+00
9.99545652475939184e-01
1.00004195148747388e+00
9.99567879985902130e-01
1.00006668494632556e+00
9.99591039801766224e-01
1.00008916986340690e+00
9.99614573510998583e-01
1.00011296959349338e+00
9.99640340534806104e-01
1.00013465669989454e+00
9.99663325145350168e-01
1.00015888990925528e+00
9.99686077727515943e-01
9.99496475713553933e-01
9.99997870132099065e-01
9.99519266515827565e-01
1.00002114115844964e+00
9.99545284098728781e-01
1.00004364938240276e+00
9.99569307363486481e-01
1.00006837759712175e+00
9.99592048851752901e-01
1.00009240095948826e+00
9.99617580941985717e-01
1.00011340981631780e+00
9.99641839846666325e-01
1.00013650163723011e+00
9.99664867616918307e-01
1.00016229643821553e+00
9.99689175875976943e-01
9.99500574201618974e-01
9.99998792213172005e-01
9.99522648429223226e-01
1.00002189013204479e+00
9.99548763463735668e-01
1.00004823938755338e+00
9.99572637476573322e-01
1.00007079296060830e+00
9.99597802420843617e-01
1.00009557853198938e+00
9.99622444590760884e-01
1.00011702239934364e+00
9.99645429320101475e-01
1.00014239187263754e+00
9.99667574249032409e-01
1.00016526322866373e+00
9.99694488377292023e-01
9.99504912326565798e-01
1.00000312320377982e+00
9.99529392830812657e-01
1.00002869630703417e+00
9.99555171250876229e-01
1.00005159566630786e+00
9.99579260540879755e-01
1.00007429236154821e+00
9.99604274245295743e-01
1.00010158761717838e+00
9.99627417653905725e-01
1.00012367466453878e+00
9.99651376375400469e-01
1.00014817682566792e+00
9.99676532505070936e-01
1.00017239445603057e+00
9.99700882905288357e-01
9.99512097759933327e-01
1.00000971728616994e+00
9.99535904285168808e-01
1.00003606836121017e+00
9.99559609398401938e-01
1.00005899938526888e+00
9.99585285575972593e-01
1.00008335410347549e+00
9.99611071408465723e-01
1.00010761894040745e+00
9.99634600285150055e-01
1.00013115062659619e+00
9.99659495687012845e-01
1.00015489107377920e+00
9.99680257821867313e-01
1.00017860461155128e+00
9.99706979195265855e-01
9.99518769573464527e-01
1.00001694148205078e+00
9.99542257278751012e-01
1.00004275436001056e+00
9.99566195140189406e-01
1.00006707682333307e+00
9.99591175485995631e-01
1.00009030774939034e+00
9.99616411050899711e-01
1.00011564288497179e+00
9.99640812006212687e-01
1.00013868279438256e+00
9.99665181535723923e-01
1.00016233557612444e+00
9.99690269299202017e-01
1.00018564589956505e+00
9.99715795657839412e-01
9.99523441496900977e-01
1.00002505774817974e+00
9.99550337228665042e-01
1.00004831972121888e+00
9.99575396749951550e-01
1.00007460090112588e+00
9.99600077957893074e-01
1.00009877928632318e+00
9.99624919276375867e-01
1.00012245620425744e+00
9.99647684673706238e-01
1.00014611743322335e+00
9.99672206373773631e-01
1.00017041585835353e+00
9.99698489609692764e-01
1.00019465638896832e+00
9.99723541704722773e-01
9.99534206697928918e-01
1.00003182660457735e+00
9.99556929948472672e-01
1.00005687589584857e+00
9.99582230911827185e-01
1.00008174011591766e+00
9.99606998074987207e-01
1.00010636808678943e+00
9.99630408995035524e-01
1.00012913829752881e+00
9.99656963404655707e-01
1.00015217031907522e+00
9.99681326079207566e-01
1.00017826054754266e+00
9.99704261858514354e-01
1.00020245605883851e+00
9.99730092535514481e-01
9.99539082122078648e-01
1.00003843267200732e+00
9.99564426402573591e-01
1.00006372936974164e+00
9.99589551245378294e-01
1.00008911715942750e+00
9.99613867113709698e-01
1.00011159958852902e+00
9.99637183379743388e-01
1.00013585114613268e+00
9.99664429336626470e-01
1.00015952841277889e+00
9.99687886740185494e-01
1.00018261592996938e+00
9.99710589364880664e-01
1.00020802598113789e+00
9.99735420498748417e-01
9.99545171859780091e-01
1.00004464003039906e+00
9.99569370762946718e-01
1.00006926444016875e+00
9.99594897855002107e-01
1.00009313369947272e+00
9.99619014619445689e-01
1.00011712437060174e+00
9.99642130502481407e-01
1.00014221194719188e+00
9.99667302378354217e-01
1.00016588269468043e+00
9.99692035380154831e-01
1.00018698261341132e+00
9.99714650972276853e-01
1.00020969758489753e+00
9.99741055333562612e-01
9.99549258253535355e-01
1.00004998269454082e+00
9.99572685364039093e-01
1.00007346206632808e+00
9.99600082204568308e-01
1.00009634692211202e+00
9.99622002989495773e-01
1.00012084974493187e+00
9.99646060591099617e-01
1.00014508069234198e+00
9.99671016110092459e-01
1.00016644350790274e+00
9.99693494627326484e-01
1.00019059785071840e+00
9.99718960093077591e-01
1.00021366759372077e+00
9.99741126338650199e-01
9.99553145074100424e-01
1.00005298501037609e+00
9.99576648837138371e-01
1.00007630109615864e+00
9.99600816590973107e-01
1.00009943198282603e+00
9.99624859211341477e-01
1.00012123739928027e+00
9.99646770643588312e-01
1.00014535285187955e+00
9.99672084194799693e-01
1.00016891997989044e+00
9.99693001539217696e-01
1.00019033348059150e+00
9.99717791521628318e-01
1.00021263132263583e+00
9.99742105970719108e-01
9.99552753379053138e-01
1.00005077626922789e+00
9.99575822574793937e-01
1.00007325209730857e+00
9.99598134043296560e-01
1.00009744697103131e+00
9.99623087328129989e-01
1.00011966909082872e+00
9.99644658216392923e-01
1.00014554468185946e+00
9.99668494186476519e-01
1.00016718382768288e+00
9.99693354183188165e-01
1.00019028933111831e+00
9.99715268393165046e-01
1.00021283861836663e+00
9.99739721080007415e-01
9.99548137697377492e-01
1.00004848198981700e+00
9.99574649060256837e-01
1.00007183500660468e+00
9.99595670571529316e-01
1.00009446442062622e+00
9.99618219592675494e-01
1.00011592715902631e+00
9.99639820423692593e-01
1.00013994243766047e+00
9.99664024198312018e-01
1.00016203211853227e+00
9.99686855033638744e-01
1.00018353273359506e+00
9.99710588543931244e-01
1.00020602582607210e+00
9.99731568730503839e-01
9.99543537438307039e-01
1.00004042215212130e+00
9.99568106668047851e-01
1.00006183616734368e+00
9.99600821516093085e-01
1.00007837431987978e+00
9.99610241112599218e-01
1.00011200860124805e+00
9.99634259304076456e-01
1.00012879870822413e+00
9.99655957420804708e-01
1.00015234611722503e+00
9.99676191781712742e-01
1.00017373137988996e+00
9.99700341945448989e-01
1.00019589301582879e+00
9.99721581166965634e-01
9.99532134967297536e-01
1.00003194907269344e+00
9.99554122142475188e-01
1.00005341613309873e+00
9.99578211627225155e-01
1.00007525940323183e+00
9.99602506900045595e-01
1.00009962045812473e+00
9.99624552465513183e-01
1.00012098390052917e+00
9.99646092148499865e-01
1.00014357713534774e+00
9.99668674768628529e-01
1.00016599954656704e+00
9.99691826601570410e-01
1.00018516935053903e+00
9.99715650336835404e-01
9.99522795013446652e-01
1.00002289234602504e+00
9.99546001061371037e-01
1.00004530340547837e+00
9.99568517575196047e-01
1.00006745339770453e+00
9.99591226622829510e-01
1.00008889946019086e+00
9.99614864461493946e-01
1.00011227875197295e+00
9.99637833962834899e-01
1.00013590713512945e+00
9.99661658120919450e-01
1.00015632654999331e+00
9.99681865302971429e-01
1.00017826131775966e+00
9.99705509322798225e-01
9.99515082339584526e-01
1.00001417034976181e+00
9.99537934985637366e-01
1.00003595421742575e+00
9.99561789867007389e-01
1.00005797123476703e+00
9.99583628560051451e-01
1.00008212748404146e+00
9.99607671405919218e-01
1.00010545650576188e+00
9.99628646428110668e-01
1.00012680879680116e+00
9.99653196565237101e-01
1.00014787761448853e+00
9.99675480240204806e-01
1.00017044975415770e+00
9.99696589259279955e-01
9.99507546276641401e-01
1.00000582931807136e+00
9.99531818688371154e-01
1.00002892039134461e+00
9.99553961456840612e-01
1.00005066941145082e+00
9.99576218108642278e-01
1.00007458572680963e+00
9.99597454699481580e-01
1.00009649739288364e+00
9.99622563270515241e-01
1.00011873788493810e+00
9.99644450212317071e-01
1.00014219968925988e+00
9.99667769678355134e-01
1.00016332574075584e+00
9.99689828098280886e-01
9.99500715003941220e-01
9.99997737995658720e-01
9.99523914077475650e-01
1.00002213107644189e+00
9.99545312647296513e-01
1.00004546690636453e+00
9.99567725737997903e-01
1.00006626104992469e+00
9.99591544683990585e-01
1.00008917783951645e+00
9.99614933142705664e-01
1.00011264890058094e+00
9.99637447093367215e-01
1.00013435242276172e+00
9.99659841670279992e-01
1.00015584506771771e+00
9.99684901548425819e-01
9.99493898997671271e-01
9.99993435407148135e-01
9.99517285268703426e-01
1.00001676020214791e+00
9.99540343895150118e-01
1.00003784866324974e+00
9.99561490804007358e-01
1.00006005883781102e+00
9.99586510439804066e-01
1.00008245494000714e+00
9.99610836599575281e-01
1.00010768963990770e+00
9.99633430578069304e-01
1.00012951956530216e+00
9.99655302839669080e-01
1.00015262588724285e+00
9.99679578069822439e-01
9.99489160557588296e-01
9.99988589473220224e-01
9.99512433107615506e-01
1.00001170295767650e+00
9.99537183924551820e-01
1.00003571285239201e+00
9.99560223608475851e-01
1.00005815393272690e+00
9.99581421612758536e-01
1.00008038880165651e+00
9.99606168638775827e-01
1.00010507703571339e+00
9.99631527787810947e-01
1.00012791363492126e+00
9.99654691494899161e-01
1.00014941469401664e+00
9.99677309240659784e-01
9.99488053320669589e-01
9.99987093555520401e-01
9.99514390679875908e-01
1.00001179888123981e+00
9.99534517084857743e-01
1.00003493368167273e+00
9.99561322685971199e-01
1.00005772536704929e+00
9.99583100098397348e-01
1.00008150277883923e+00
9.99606656391475390e-01
1.00010612097945883e+00
9.99631841891747919e-01
1.00012816306926200e+00
9.99656668466663567e-01
1.00015198003476358e+00
9.99678881281954590e-01
9.99488787099441445e-01
9.99990039551519438e-01
9.99513391347290558e-01
1.00001336227900905e+00
9.99537755000714734e-01
1.00003582689095882e+00
9.99562803826590796e-01
1.00006088043282815e+00
9.99586737736577691e-01
1.00008603811108898e+00
9.99611182807502163e-01
1.00010693013659857e+00
9.99635649819987204e-01
1.00013288076130524e+00
9.99660614465087027e-01
1.00015620152601303e+00
9.99682675634798179e-01
9.99494635934333298e-01
9.99995430758480741e-01
9.99518501114953661e-01
1.00002065459552147e+00
9.99544311191771562e-01
1.00004135210193468e+00
9.99567998495020982e-01
1.00006673235915877e+00
9.99590690306767837e-01
1.00009132966840464e+00
9.99615700292983300e-01
1.00011546496900383e+00
9.99641994645486975e-01
1.00013960711730876e+00
9.99665241231094681e-01
1.00016220113488208e+00
9.99690495551277758e-01
9.99502220612033754e-01
1.00000186552198489e+00
9.99525015452215171e-01
1.00002383821675411e+00
9.99550080254133277e-01
1.00004909596514691e+00
9.99575252620269694e-01
1.00007443545405628e+00
9.99600853115509169e-01
1.00009743506968274e+00
9.99624365372728918e-01
1.00012187764969229e+00
9.99648852265850985e-01
1.00014780469891429e+00
9.99672725880791702e-01
1.00017227823072297e+00
9.99704933840391941e-01
9.99509605202924756e-01
1.00000970097500508e+00
9.99535958647549072e-01
1.00003426163305198e+00
9.99560489675219821e-01
1.00005921413715182e+00
9.99584015357190214e-01
1.00008358944778153e+00
9.99608543002154626e-01
1.00010778247825471e+00
9.99633718238569835e-01
1.00013044248869609e+00
9.99659009021088618e-01
1.00015591160051631e+00
9.99684274508717996e-01
1.00017737210766944e+00
9.99710569396201398e-01
9.99520353106111648e-01
1.00001887306404869e+00
9.99545591773454145e-01
1.00004262356861551e+00
9.99569886177512412e-01
1.00006942898579054e+00
9.99593984314768869e-01
1.00009160045820544e+00
9.99619199580545459e-01
1.00011806946359516e+00
9.99645164369111883e-01
1.00014298802887680e+00
9.99669931861232541e-01
1.00016672114274430e+00
9.99693394584547312e-01
1.00019122248327630e+00
9.99717474143730245e-01
9.99529721384992076e-01
1.00002940377286587e+00
9.99553490308342951e-01
1.00005527072007294e+00
9.99579316960610864e-01
1.00007827413391670e+00
9.99604840386128513e-01
1.00010175579382010e+00
9.99629330482743161e-01
1.00012870425453615e+00
9.99655541058175334e-01
1.00015260324571464e+00
9.99676673760251044e-01
1.00017660854072665e+00
9.99703605745283941e-01
1.00019938436934308e+00
9.99727355100530346e-01
9.99538642466845983e-01
1.00003949065442166e+00
9.99563009019973192e-01
1.00006251275352898e+00
9.99590544149839499e-01
1.00008923960010576e+00
9.99613636333322786e-01
1.00011178386342192e+00
9.99636608377396652e-01
1.00013562560428815e+00
9.99660987483346974e-01
1.00016037050066897e+00
9.99687317582468649e-01
1.00018423667593437e+00
9.99710776914481403e-01
1.00020706972807427e+00
9.99734507872227618e-01
9.99546914186013713e-01
1.00004679153860998e+00
9.99571309006556774e-01
1.00007124503522093e+00
9.99594377794887246e-01
1.00009536891772299e+00
9.99618623637631987e-01
1.00011996592808705e+00
9.99645074799452527e-01
1.00014381633774563e+00
9.99669971363595145e-01
1.00016658772286515e+00
9.99693951532292124e-01
1.00018984184962156e+00
9.99718209686717318e-01
1.00021565371258436e+00
9.99740670165369272e-01
9.99553610167528528e-01
1.00005211860258103e+00
9.99577137867674881e-01
1.00007750686257668e+00
9.99602525877704928e-01
1.00010070282810637e+00
9.99626815845190198e-01
1.00012379030360421e+00
9.99650610077683077e-01
1.00014995943447826e+00
9.99671709596475111e-01
1.00017320667640752e+00
9.99698106437634681e-01
1.00019394753647384e+00
9.99720873426759304e-01
1.00021757286976753e+00
9.99745800781111749e-01
9.99556523199199076e-01
1.00005690408924464e+00
9.99581914014627926e-01
1.00008084391299046e+00
9.99604082677334249e-01
1.00010292417868296e+00
9.99629557448443506e-01
1.00012766921723317e+00
9.99652939976175214e-01
1.00015045927972568e+00
9.99677079022515902e-01
1.00017371849545555e+00
9.99698332853467320e-01
1.00019723797399673e+00
9.99723434984542192e-01
1.00022015313068291e+00
9.99746545232036543e-01
9.99557987919567292e-01
1.00005671756228365e+00
9.99583382331569181e-01
1.00008048963486829e+00
9.99603527202923114e-01
1.00010405013009196e+00
9.99629304870370605e-01
1.00012857414012490e+00
9.99653425063372736e-01
1.00015164748882013e+00
9.99677455550509353e-01
1.00016938821846946e+00
9.99697607952750311e-01
1.00019545153667244e+00
9.99722709611064797e-01
1.00021665460556175e+00
9.99746214506509245e-01
9.99555383553358379e-01
1.00005452306699127e+00
9.99580729398209078e-01
1.00007773582338411e+00
9.99602864440756300e-01
1.00009962919285811e+00
9.99625642328837105e-01
1.00012408155180355e+00
9.99649474677698269e-01
1.00014668761612202e+00
9.99670961793508561e-01
1.00016829743590563e+00
9.99694759682343337e-01
1.00019102849392305e+00
9.99718544111707463e-01
1.00021344466330264e+00
9.99740015414800842e-01
9.99552063040206606e-01
1.00004933110061156e+00
9.99572991458168358e-01
1.00007299833109720e+00
9.99596560636944464e-01
1.00009558861707659e+00
9.99619558788299445e-01
1.00011582792143128e+00
9.99641717105580474e-01
1.00013882713516855e+00
9.99665365188954547e-01
1.00015981932030895e+00
9.99686936206874543e-01
1.00018410495921461e+00
9.99710675324673836e-01
1.00020428579256104e+00
9.99732866266510367e-01
9.99543619308504327e-01
1.00004328129638953e+00
9.99566132959466724e-01
1.00006394806891796e+00
9.99587945775019970e-01
1.00008518955531822e+00
9.99609415513432298e-01
1.00010788376318849e+00
9.99634519576846681e-01
1.00012946433646666e+00
9.99655202203641347e-01
1.00015077721365109e+00
9.99678250933397017e-01
1.00017346320934553e+00
9.99699966765667414e-01
1.00019528551981263e+00
9.99723669553666094e-01
9.99530373917637327e-01
1.00003179983866541e+00
9.99556468174108703e-01
1.00005284545855688e+00
9.99577523866339579e-01
1.00007519453540228e+00
9.99602462619078258e-01
1.00009970293038863e+00
9.99621510439855254e-01
1.00011940509466446e+00
9.99646506644356059e-01
1.00013765689920620e+00
9.99667103747023167e-01
1.00016341929940267e+00
9.99690756708050632e-01
1.00018328067317586e+00
9.99712334882802645e-01
9.99522678497851480e-01
1.00002000065950347e+00
9.99544708700401796e-01
1.00004352039779665e+00
9.99567632562124553e-01
1.00006360972420150e+00
9.99590050477115244e-01
1.00008673595383191e+00
9.99611125637486553e-01
1.00010847722283192e+00
9.99634097159513679e-01
1.00013135942845732e+00
9.99656806565530798e-01
1.00015453127990739e+00
9.99680122986403630e-01
1.00017567952447872e+00
9.99701772096655783e-01
9.99511773248754176e-01
1.00001209951622849e+00
9.99532976158142294e-01
1.00003343480929607e+00
9.99557451286715248e-01
1.00005534409747043e+00
9.99578224327077658e-01
1.00007532457218185e+00
9.99600225206882409e-01
1.00009853638444768e+00
9.99625395154499330e-01
1.00012106334968554e+00
9.99648899632331944e-01
1.00014398777503910e+00
9.99670308639964977e-01
1.00016514237841037e+00
9.99692012055488965e-01
9.99501186756685311e-01
1.00000198955937591e+00
9.99526162242830529e-01
1.00002266960414365e+00
9.99547553430991664e-01
1.00004644144641852e+00
9.99571208960553292e-01
1.00006864356978054e+00
9.99593086856521928e-01
1.00009097249940027e+00
9.99615337794101833e-01
1.00011195688989041e+00
9.99640037154016059e-01
1.00013289334069877e+00
9.99660070356934827e-01
1.00015862608251416e+00
9.99681813466766767e-01
9.99494835738240273e-01
9.99992258367591202e-01
9.99516433160588358e-01
1.00001468810864846e+00
9.99538133911112792e-01
1.00003876632621158e+00
9.99562988630446347e-01
1.00005895593937533e+00
9.99585366472779624e-01
1.00008311113290538e+00
9.99608786602091404e-01
1.00010418975953597e+00
9.99629960795646810e-01
1.00012596133222997e+00
9.99653651046036762e-01
1.00014895424551398e+00
9.99675448573824399e-01
9.99487427138836870e-01
9.99984215757891315e-01
9.99510107155664795e-01
1.00000899555331002e+00
9.99531652078695876e-01
1.00003152643114412e+00
9.99556451434248650e-01
1.00005418053429951e+00
9.99580085284050179e-01
1.00007252100135258e+00
9.99568671998970149e-01
1.00009700778035349e+00
9.99624384880519523e-01
1.00011836730704129e+00
9.99660450603060080e-01
1.00014409828848039e+00
9.99672616084968158e-01
9.99479717097007225e-01
9.99980608437143315e-01
9.99507144483782417e-01
1.00000196969332178e+00
9.99528618770384014e-01
1.00002701808970262e+00
9.99551099020992817e-01
1.00004913916543958e+00
9.99575988804800475e-01
1.00007423916099047e+00
9.99598964053124428e-01
1.00009822202346532e+00
9.99622189037393638e-01
1.00012121400508525e+00
9.99646995049148002e-01
1.00014319074601721e+00
9.99670049741183120e-01
9.99481479222240954e-01
9.99981806467264978e-01
9.99506215409387222e-01
1.00000567403904461e+00
9.99528433642125513e-01
1.00002845353852776e+00
9.99553023297594878e-01
1.00005299645196377e+00
9.99577649140927393e-01
1.00007555501066459e+00
9.99600154090233839e-01
1.00010087503120237e+00
9.99624541254087728e-01
1.00012100235026580e+00
9.99649661282960733e-01
1.00014706053066904e+00
9.99673560455932808e-01
9.99484915665799667e-01
9.99983440628750220e-01
9.99508818876987393e-01
1.00000791952791657e+00
9.99533568137161321e-01
1.00003233135606129e+00
9.99557939930814987e-01
1.00005480576548700e+00
9.99581227512954307e-01
1.00008004332274214e+00
9.99604683183695442e-01
1.00010508345216520e+00
9.99631466666137336e-01
1.00012923869031134e+00
9.99655432748630002e-01
1.00015318463835823e+00
9.99679642507499855e-01
9.99490098932620419e-01
9.99989887072832762e-01
9.99514306618294102e-01
1.00001593734126271e+00
9.99539845225604240e-01
1.00003865773555400e+00
9.99564908939570285e-01
1.00006230670189411e+00
9.99587819226264718e-01
1.00008789666985076e+00
9.99615233699500561e-01
1.00011197232862759e+00
9.99640078529866249e-01
1.00013662489121069e+00
9.99663251811585885e-01
1.00016121903528177e+00
9.99688765494602838e-01
9.99498470481800294e-01
9.99998389008955324e-01
9.99524608548190585e-01
1.00002473920146029e+00
9.99549484641433672e-01
1.00004972319132035e+00
9.99575592235957155e-01
1.00007133778967172e+00
9.99599978657413568e-01
1.00009750761252358e+00
9.99624278592329496e-01
1.00012282481065862e+00
9.99649820663955913e-01
1.00014582201920099e+00
9.99674548477544667e-01
1.00017169131172046e+00
9.99698054826748228e-01
9.99509376475597566e-01
1.00001070639475986e+00
9.99533382781915281e-01
1.00003594043424582e+00
9.99560160492315330e-01
1.00005798530567835e+00
9.99583354885090536e-01
1.00008508454101985e+00
9.99609390388403685e-01
1.00010738247939535e+00
9.99634861943481723e-01
1.00013375492090306e+00
9.99659783267321522e-01
1.00015658781202821e+00
9.99686819679521999e-01
1.00018402636589299e+00
9.99708865811505754e-01
9.99523413456725685e-01
1.00002195544040862e+00
9.99548226429506359e-01
1.00004728426056011e+00
9.99570153591224142e-01
1.00007138498250114e+00
9.99599026711739391e-01
1.00009577294719110e+00
9.99621198708185221e-01
1.00012118904458758e+00
9.99645123717394335e-01
1.00014413980364214e+00
9.99671624650645629e-01
1.00017032262872219e+00
9.99696006963580741e-01
1.00019417925145837e+00
9.99720045762231946e-01
9.99533551529028341e-01
1.00003358991749258e+00
9.99559263267337350e-01
1.00005861023777110e+00
9.99584039138499802e-01
1.00008313059620590e+00
9.99608289303193454e-01
1.00010505130927441e+00
9.99633374881477632e-01
1.00013004811083683e+00
9.99658192625421660e-01
1.00015540689657145e+00
9.99681716106522900e-01
1.00017847477274979e+00
9.99707546417942572e-01
1.00020617044973426e+00
9.99732724237340165e-01
9.99543838336185431e-01
1.00004406660929246e+00
9.99570059969080660e-01
1.00006669777225499e+00
9.99592835228743759e-01
1.00009234078899034e+00
9.99618650242570683e-01
1.00011808810741476e+00
9.99644268954083426e-01
1.00014041356555494e+00
9.99667901007687432e-01
1.00016548770237801e+00
9.99693204581638351e-01
1.00019016432770558e+00
9.99716337224609397e-01
1.00021286351786265e+00
9.99739941083875983e-01
9.99552704508770540e-01
1.00005327893647844e+00
9.99577165770555442e-01
1.00007784131102961e+00
9.99601765608000070e-01
1.00009934977038872e+00
9.99626395512432375e-01
1.00012574830996459e+00
9.99650285831344854e-01
1.00014938225615491e+00
9.99676614146709941e-01
1.00017450732850466e+00
9.99700223943399413e-01
1.00019735343551219e+00
9.99724977286165939e-01
1.00022101235860172e+00
9.99749166449959037e-01
9.99560470704675019e-01
1.00005886907799146e+00
9.99583389087676188e-01
1.00008388729894926e+00
9.99606959286830188e-01
1.00010664114189884e+00
9.99633083536123679e-01
1.00013131373683350e+00
9.99658532963197399e-01
1.00015477454644142e+00
9.99681502483928730e-01
1.00017648410203286e+00
9.99705442913928266e-01
1.00020129123818036e+00
9.99730095998032087e-01
1.00022453878825046e+00
9.99753557194193232e-01
9.99564592431072874e-01
1.00006366652811640e+00
9.99589191922950482e-01
1.00008772889491326e+00
9.99610348459787357e-01
1.00011034304320789e+00
9.99636562396344575e-01
1.00013484853143253e+00
9.99659580690168359e-01
1.00015840046739823e+00
9.99684766070614961e-01
1.00018249660452008e+00
9.99706414831105783e-01
1.00020277388081169e+00
9.99731013946858815e-01
1.00022733980298351e+00
9.99755437818165005e-01
9.99563510621806595e-01
1.00006296405238637e+00
9.99588701616350161e-01
1.00008800372745510e+00
9.99611475936960092e-01
1.00010891918419853e+00
9.99635185712460128e-01
1.00013311126656168e+00
9.99659968444363334e-01
1.00015707173721879e+00
9.99683407367333965e-01
1.00017801591790745e+00
9.99704855366514655e-01
1.00020141857785716e+00
9.99727898224827327e-01
1.00022545324989709e+00
9.99752148587403688e-01
9.99561148370207708e-01
1.00006173905207651e+00
9.99582194633039434e-01
1.00008489283090896e+00
9.99609019844813207e-01
1.00010606818493253e+00
9.99631158564373679e-01
1.00012727772231558e+00
9.99653916319969915e-01
1.00014942397213247e+00
9.99676201015439414e-01
1.00017149350354173e+00
9.99697726188302327e-01
1.00019353904405284e+00
9.99721275013284005e-01
1.00021744487817354e+00
9.99744135800077149e-01
9.99553501752879381e-01
1.00005365229335053e+00
9.99578241868945505e-01
1.00007688661467165e+00
9.99599074420872147e-01
1.00009775166712744e+00
9.99621493016260576e-01
1.00012174523054664e+00
9.99643977255712857e-01
1.00014098646420746e+00
9.99667188435660381e-01
1.00016257213086801e+00
9.99692507268692410e-01
1.00018559183784972e+00
9.99711892758211707e-01
1.00020672005586642e+00
9.99734919862569682e-01
9.99543237786335581e-01
1.00004354372951787e+00
9.99566472278094920e-01
1.00006523934452130e+00
9.99588023186503749e-01
1.00008569037487138e+00
9.99612697428344799e-01
1.00010766997389045e+00
9.99633720657555291e-01
1.00012915559239257e+00
9.99655782617095645e-01
1.00015422437036117e+00
9.99676682141230843e-01
1.00017344428224031e+00
9.99699693495605834e-01
1.00019461763635609e+00
9.99721742762540777e-01
9.99532698946105858e-01
1.00003213610670061e+00
9.99554793082342963e-01
1.00005389022542945e+00
9.99577257685693277e-01
1.00007389460573037e+00
9.99598946110601405e-01
1.00009541366258192e+00
9.99620431969772016e-01
1.00011763101064211e+00
9.99644684825357954e-01
1.00013928197319935e+00
9.99665171813993725e-01
1.00016178696326419e+00
9.99685909321298194e-01
1.00018208727330515e+00
9.99709851348520528e-01
9.99517984862389741e-01
1.00001768541517144e+00
9.99541055124127498e-01
1.00004092097590513e+00
9.99564531223209873e-01
1.00006143713905504e+00
9.99586846532215301e-01
1.00008327182197920e+00
9.99607364282387723e-01
1.00010584316438855e+00
9.99630351823150409e-01
1.00012818882259746e+00
9.99654803450469531e-01
1.00015029036497149e+00
9.99676799834214647e-01
1.00017096740144340e+00
9.99695871677394599e-01
9.99509164472494827e-01
1.00000330884648281e+00
9.99530127235782273e-01
1.00002778792046776e+00
9.99551726134861873e-01
1.00004997585319599e+00
9.99573998335036129e-01
1.00006972337453748e+00
9.99596773911461178e-01
1.00009545039592562e+00
9.99619626512133430e-01
1.00011772397434218e+00
9.99641992761332698e-01
1.00013922926842014e+00
9.99663514141704290e-01
1.00016000061027510e+00
9.99686015164463759e-01
9.99497625820319202e-01
9.99994173159749811e-01
9.99520387044392278e-01
1.00001684183299155e+00
9.99540175649436424e-01
1.00004057885071251e+00
9.99564013398616225e-01
1.00006172170021035e+00
9.99586799690328154e-01
1.00008377963785300e+00
9.99608214250269578e-01
1.00010533518827960e+00
9.99631069607610168e-01
1.00012688768129165e+00
9.99655952410378412e-01
1.00014810121569897e+00
9.99676094713985330e-01
9.99485117727275663e-01
9.99985927443749700e-01
9.99509212763970867e-01
1.00000811509942067e+00
9.99531451394102599e-01
1.00003078947371304e+00
9.99553153884700341e-01
1.00005202145213179e+00
9.99575754427011298e-01
1.00007508438954362e+00
9.99600648209552745e-01
1.00009593335234603e+00
9.99621634099519318e-01
1.00011993235932772e+00
9.99645116408646950e-01
1.00014285671301750e+00
9.99667281249551176e-01
9.99479637452367120e-01
9.99978523091430871e-01
9.99503119837168663e-01
9.99999892372968824e-01
9.99526547802029985e-01
1.00002248943561933e+00
9.99549868629166838e-01
1.00004576737105944e+00
9.99572423477916860e-01
1.00006905621660258e+00
9.99594691519469669e-01
1.00009118040736045e+00
9.99619335751405824e-01
1.00011494654400024e+00
9.99639954236750228e-01
1.00013601806021057e+00
9.99665194265959900e-01
9.99475402059793239e-01
9.99973488517901132e-01
9.99496162709042291e-01
9.99997282224472817e-01
9.99522974106050510e-01
1.00002131536907424e+00
9.99546213747399159e-01
1.00004427090781056e+00
9.99570210476538934e-01
1.00006632292572983e+00
9.99592168612152832e-01
1.00009014503407423e+00
9.99617215415522287e-01
1.00011487199984783e+00
9.99639547401743989e-01
1.00013722060813581e+00
9.99662764824122752e-01
9.99473629709857869e-01
9.99972104264171935e-01
9.99498152767291481e-01
9.99998296724510793e-01
9.99523161883924538e-01
1.00002183738216255e+00
9.99545875716699506e-01
1.00004498821535437e+00
9.99571560920831326e-01
1.00006940010922851e+00
9.99595707478267981e-01
1.00009245968688698e+00
9.99620851144494393e-01
1.00011691534081515e+00
9.99645722566216755e-01
1.00014237151407515e+00
9.99669545162653606e-01
9.99480806294929858e-01
9.99979712642573904e-01
9.99503776718112413e-01
1.00000430770001913e+00
9.99529856361047964e-01
1.00002854609299119e+00
9.99553148624436893e-01
1.00005205531703467e+00
9.99578301479137066e-01
1.00007570309207128e+00
9.99601083045954852e-01
1.00009994608135933e+00
9.99628642837929293e-01
1.00012539962913505e+00
9.99652181392784445e-01
1.00014873928347225e+00
9.99673729728221661e-01
9.99489206108221118e-01
9.99986012451608786e-01
9.99512550204366024e-01
1.00001326758970488e+00
9.99538552269339298e-01
1.00003712036638426e+00
9.99560748085398743e-01
1.00006095951007135e+00
9.99590591913446125e-01
1.00008540541396007e+00
9.99613770304822236e-01
1.00011061153101921e+00
9.99635897155813469e-01
1.00013522500939711e+00
9.99662325272309804e-01
1.00015887194257647e+00
9.99686710258803402e-01
9.99497993756676806e-01
9.99999213167803824e-01
9.99524747634318422e-01
1.00002417238759911e+00
9.99548766725285032e-01
1.00004792877970061e+00
9.99573749551965318e-01
1.00007365815385052e+00
9.99597733435207303e-01
1.00009560195741987e+00
9.99624261626751776e-01
1.00012362461154880e+00
9.99649669492743032e-01
1.00014794894241943e+00
9.99674386205547827e-01
1.00017079741500270e+00
9.99700302772084437e-01
9.99509518819154952e-01
1.00001065487437435e+00
9.99537474845041407e-01
1.00003648773941189e+00
9.99560986248145156e-01
1.00005941072299986e+00
9.99586331100276948e-01
1.00008554418138007e+00
9.99614258595063809e-01
1.00010972635970052e+00
9.99636617227478985e-01
1.00013572181024890e+00
9.99661911496380395e-01
1.00016018060068967e+00
9.99687730141236353e-01
1.00018412054551731e+00
9.99669876603891283e-01
9.99521360050976471e-01
1.00002503048007219e+00
9.99549849884201591e-01
1.00006605241209812e+00
9.99582156295538704e-01
1.00007419694334865e+00
9.99601619284378073e-01
1.00010055313252866e+00
9.99626767299568453e-01
1.00012537786413658e+00
9.99653848673473511e-01
1.00015013891523985e+00
9.99675237921692883e-01
1.00017493801604451e+00
9.99700871457164131e-01
1.00019881306026570e+00
9.99726696098725331e-01
9.99538114515244880e-01
1.00003749939252917e+00
9.99565341750673131e-01
1.00006347494329217e+00
9.99590443355504621e-01
1.00008826089907310e+00
9.99613525668062719e-01
1.00011101782755185e+00
9.99638590798153648e-01
1.00013907422281512e+00
9.99664179815428322e-01
1.00016039425093539e+00
9.99688289210357572e-01
1.00018547292285742e+00
9.99714009773465584e-01
1.00021105085117257e+00
9.99738874049081239e-01
9.99550564699226984e-01
1.00005034283793104e+00
9.99576241342695737e-01
1.00007494272307040e+00
9.99601458959849976e-01
1.00010042631827978e+00
9.99623835908188485e-01
1.00012408752795756e+00
9.99650440950664132e-01
1.00015078773918620e+00
9.99674618472849219e-01
1.00017313638615080e+00
9.99700095918413245e-01
1.00019880279659135e+00
9.99723216748546362e-01
1.00022264238362601e+00
9.99749247459316703e-01
9.99558508308455385e-01
1.00005881890016224e+00
9.99583569849106790e-01
1.00008231511449974e+00
9.99608601680438080e-01
1.00010755560754205e+00
9.99634063237136328e-01
1.00013119265564665e+00
9.99658391938342050e-01
1.00015629700305464e+00
9.99683989271149986e-01
1.00018013428877306e+00
9.99707714645620915e-01
1.00020336448072644e+00
9.99729976432261802e-01
1.00022815121714470e+00
9.99755954047220841e-01
9.99567136995322847e-01
1.00006488013512351e+00
9.99589964658108010e-01
1.00008982339973107e+00
9.99615248977035464e-01
1.00011593752831307e+00
9.99639738456775007e-01
1.00013730603612117e+00
9.99665584509233263e-01
1.00015992632762019e+00
9.99690059854972723e-01
1.00018771660363126e+00
9.99713760800550744e-01
1.00020868740294278e+00
9.99736956534519106e-01
1.00023310854932701e+00
9.99760695737953009e-01
9.99570071570206831e-01
1.00007053854499128e+00
9.99595783973526553e-01
1.00009447871789137e+00
9.99617479037901879e-01
1.00011956832156446e+00
9.99641658935736421e-01
1.00013962539306922e+00
9.99666244930473291e-01
1.00016239763415804e+00
9.99688748057209309e-01
1.00018458410704736e+00
9.99713047792388343e-01
1.00021129285054844e+00
9.99735435096883673e-01
1.00023169779202936e+00
9.99758367657721192e-01
9.99569631825443117e-01
1.00006951268101418e+00
9.99591946253053365e-01
1.00009204108819261e+00
9.99615480552854097e-01
1.00011548766924596e+00
9.99641063434001831e-01
1.00013859000066652e+00
9.99663217884551591e-01
1.00016073604411604e+00
9.99686961400619190e-01
1.00018286708164594e+00
9.99709641447289910e-01
1.00020441702840501e+00
9.99733117173068342e-01
1.00022886284917201e+00
9.99755175680996255e-01
9.99564223054885792e-01
1.00006522545916732e+00
9.99586484137091058e-01
1.00008700033473574e+00
9.99612589150785880e-01
1.00010979580167625e+00
9.99632836944480130e-01
1.00013245431730979e+00
9.99655715585597182e-01
1.00015204245671963e+00
9.99678972993573445e-01
1.00017728866631939e+00
9.99699449515769611e-01
1.00019698986986127e+00
9.99722883214215763e-01
1.00021903107394960e+00
9.99743536426126789e-01
9.99555764052493245e-01
1.00005529660897508e+00
9.99577615780253170e-01
1.00007616195445537e+00
9.99601464105685067e-01
1.00009953666780516e+00
9.99623141842697183e-01
1.00012001559950270e+00
9.99646792376259641e-01
1.00014308088138670e+00
9.99666952522017982e-01
1.00016582302432289e+00
9.99689911826151523e-01
1.00018531342341888e+00
9.99712841507334971e-01
1.00020392292764204e+00
9.99734474285875252e-01
9.99543545142433487e-01
1.00004258096178522e+00
9.99565445604452596e-01
1.00006372722994841e+00
9.99589224619930605e-01
1.00008569143613579e+00
9.99608981951469411e-01
1.00010798378413401e+00
9.99633021090922669e-01
1.00012782200079764e+00
9.99654827379792943e-01
1.00014892937503785e+00
9.99675995871482259e-01
1.00017134942744201e+00
9.99700004923274821e-01
1.00019400641004452e+00
9.99719686946478725e-01
9.99529734194238295e-01
1.00002886882367781e+00
9.99550058450203616e-01
1.00004978366063768e+00
9.99575684235862960e-01
1.00007168434228788e+00
9.99593691098779935e-01
1.00009086761978749e+00
9.99619166149392058e-01
1.00011450052872930e+00
9.99639940442591191e-01
1.00013716366580563e+00
9.99662906643807192e-01
1.00015692618694207e+00
9.99682447521117346e-01
1.00018104984150691e+00
9.99704403990866242e-01
9.99514893771510704e-01
1.00001417659040004e+00
9.99538345726470601e-01
1.00003667898660087e+00
9.99558381692854159e-01
1.00005554431556010e+00
9.99580069652773906e-01
1.00007911467501276e+00
9.99604451573605446e-01
1.00009968570785857e+00
9.99625574393928296e-01
1.00012246929215776e+00
9.99648335042486846e-01
1.00014472447826841e+00
9.99669253503467248e-01
1.00016549282114009e+00
9.99691132891477374e-01
9.99502722598919036e-01
1.00000021078510648e+00
9.99524836482013068e-01
1.00001955895923844e+00
9.99544626896489041e-01
1.00004356235923098e+00
9.99567659188814739e-01
1.00006389013210018e+00
9.99590789002010371e-01
1.00008646984063088e+00
9.99612685853996652e-01
1.00011104376082782e+00
9.99635458759215667e-01
1.00012985865154924e+00
9.99657310308485259e-01
1.00015228215745489e+00
9.99679559006975249e-01
9.99489463681990653e-01
9.99985855213967545e-01
9.99512604197863919e-01
1.00001080330271885e+00
9.99533235675629461e-01
1.00003196427126895e+00
9.99557754443642255e-01
1.00005235868617826e+00
9.99576663064640769e-01
1.00007415714443071e+00
9.99602416247451608e-01
1.00009890772421395e+00
9.99625253445792339e-01
1.00011930823859441e+00
9.99644078286220150e-01
1.00014139145041137e+00
9.99666928480972716e-01
9.99479380583334187e-01
9.99976282948787820e-01
9.99499844624856526e-01
9.99998593949099512e-01
9.99525026968882013e-01
1.00002249660306264e+00
9.99545728709814951e-01
1.00004421900026674e+00
9.99570337025732614e-01
1.00006589080775665e+00
9.99592140743019941e-01
1.00008922925941524e+00
9.99615173329236439e-01
1.00011111121643825e+00
9.99637554915823290e-01
1.00013454807506563e+00
9.99660363895980009e-01
9.99472257298354871e-01
9.99967609226516507e-01
9.99494963600791930e-01
9.99991958319046081e-01
9.99517541306028989e-01
1.00001591109164067e+00
9.99540772524676213e-01
1.00003872799812110e+00
9.99562386742614328e-01
1.00006194900574785e+00
9.99587935365515379e-01
1.00008427435282976e+00
9.99612539894026320e-01
1.00010531976365580e+00
9.99632306165800233e-01
1.00012967255146412e+00
9.99658639685629957e-01
9.99466646705595596e-01
9.99966387694367964e-01
9.99491428023348893e-01
9.99989548658486882e-01
9.99516770404041188e-01
1.00001358632645321e+00
9.99539100793183755e-01
1.00003787190702442e+00
9.99561518670768256e-01
1.00005879668544106e+00
9.99587064205982090e-01
1.00008287706655485e+00
9.99610408861111521e-01
1.00010809577767112e+00
9.99634940182022702e-01
1.00013094999280616e+00
9.99660425072042780e-01
9.99469241340391390e-01
9.99970202628173599e-01
9.99494087235870965e-01
9.99992844212153620e-01
9.99516933178285494e-01
1.00001651000981484e+00
9.99543209803861132e-01
1.00003919992319190e+00
9.99567632881241730e-01
1.00006403781637476e+00
9.99592709185356920e-01
1.00009088311423011e+00
9.99615165468723421e-01
1.00011412616790718e+00
9.99638738022532891e-01
1.00013834657249334e+00
9.99663456205030054e-01
9.99475458851810550e-01
9.99975782549095693e-01
9.99499044854179286e-01
1.00000272165091530e+00
9.99524440802635250e-01
1.00002455191983874e+00
9.99550433879857758e-01
1.00004758540409111e+00
9.99576020073925320e-01
1.00007452653876938e+00
9.99599617057123746e-01
1.00009849895933112e+00
9.99625172732077405e-01
1.00012225628657481e+00
9.99649426438297461e-01
1.00014625629549303e+00
9.99673892690650989e-01
9.99485657033667096e-01
9.99984595611349336e-01
9.99509986801098260e-01
1.00001054801603839e+00
9.99537401431901062e-01
1.00003476531833324e+00
9.99561090595997070e-01
1.00005951431286633e+00
9.99587013632012078e-01
1.00008463179328877e+00
9.99610782654713592e-01
1.00010826678509490e+00
9.99635403954833635e-01
1.00013338367871896e+00
9.99661481315941236e-01
1.00015981043041835e+00
9.99687469829733666e-01
9.99496502897520012e-01
9.99998334189311278e-01
9.99524132800770793e-01
1.00002371230401699e+00
9.99550110593888874e-01
1.00004844978255880e+00
9.99574649818296579e-01
1.00007199857468398e+00
9.99600391290999646e-01
1.00009883997781679e+00
9.99622574466312530e-01
1.00012326797276740e+00
9.99650271561983161e-01
1.00014925275251465e+00
9.99678123422672482e-01
1.00017256032140689e+00
9.99702316706992500e-01
9.99512637459279318e-01
1.00001250861031510e+00
9.99536667797508938e-01
1.00003929270595426e+00
9.99563770535276008e-01
1.00006347319225974e+00
9.99589400643622783e-01
1.00008814261696521e+00
9.99615566719726956e-01
1.00011420637349691e+00
9.99640560618918594e-01
1.00013896122147794e+00
9.99666776579592797e-01
1.00016449085111669e+00
9.99689786003344572e-01
1.00018802581251620e+00
9.99718514281232373e-01
9.99528748083033602e-01
1.00002946786167479e+00
9.99553449457155185e-01
1.00005600837283226e+00
9.99577187956104285e-01
1.00007786703600066e+00
9.99604390506612650e-01
1.00010364168585997e+00
9.99631656454157969e-01
1.00012923477937488e+00
9.99654650373450915e-01
1.00015362518612760e+00
9.99681899723461553e-01
1.00017995788446257e+00
9.99709213765609173e-01
1.00020224174715033e+00
9.99732318384668361e-01
9.99544777299666398e-01
1.00004198353267659e+00
9.99569784357698388e-01
1.00007019635422267e+00
9.99594081554751046e-01
1.00009322785113586e+00
9.99619391109654254e-01
1.00011716088136815e+00
9.99647441864298547e-01
1.00014405500521719e+00
9.99668458585569963e-01
1.00016858423863608e+00
9.99697463228084726e-01
1.00019111526425730e+00
9.99720590252395125e-01
1.00021956406319457e+00
9.99745713001727099e-01
9.99557439750676902e-01
1.00005815007081700e+00
9.99584028977285821e-01
1.00008154776181168e+00
9.99606893573847355e-01
1.00010796564832116e+00
9.99632212223943606e-01
1.00013302683677763e+00
9.99659104172662460e-01
1.00015504067042871e+00
9.99683228399593338e-01
1.00017878825244488e+00
9.99706618509810574e-01
1.00020513299895275e+00
9.99732342356970838e-01
1.00022778446845217e+00
9.99755155357369918e-01
9.99567349054860443e-01
1.00006904946414621e+00
9.99593938521518344e-01
1.00009117905978462e+00
9.99618656022730812e-01
1.00011502431606703e+00
9.99642278052207955e-01
1.00014124942613192e+00
9.99667385503291595e-01
1.00016533212714909e+00
9.99691154176749142e-01
1.00018570997307199e+00
9.99714782033923832e-01
1.00021254381308466e+00
9.99740164628425299e-01
1.00023465319686466e+00
9.99760747888770562e-01
9.99576181208283288e-01
1.00007363190065912e+00
9.99598606045032700e-01
1.00009791126494396e+00
9.99625388279151372e-01
1.00012175580195306e+00
9.99646507869766388e-01
1.00014377150959777e+00
9.99670751661574930e-01
1.00016826429391137e+00
9.99695123492777227e-01
1.00019261264700754e+00
9.99719409041060603e-01
1.00021428092531783e+00
9.99742587071650424e-01
1.00023989869034957e+00
9.99766779301174191e-01
9.99576743769105103e-01
1.00007770328190126e+00
9.99602527988573186e-01
1.00010100093801224e+00
9.99625707502358241e-01
1.00012271638049777e+00
9.99647959043754919e-01
1.00014844012230286e+00
9.99670148788429191e-01
1.00016801440325342e+00
9.99695842167641069e-01
1.00019370512040973e+00
9.99719432156029209e-01
1.00021689238922873e+00
9.99742127485281906e-01
1.00023821945679625e+00
9.99765348161820278e-01
9.99575936175923996e-01
1.00007747817779280e+00
9.99599705757788670e-01
1.00010115840448077e+00
9.99623856274869382e-01
1.00012154809050791e+00
9.99648932734264806e-01
1.00014394226237635e+00
9.99665715754945228e-01
1.00017301274155357e+00
9.99689252770309289e-01
1.00018899812643514e+00
9.99709084080087518e-01
1.00020962038768291e+00
9.99734658222103834e-01
1.00023181750421308e+00
9.99759446123386963e-01
9.99567580970078806e-01
1.00006827399027887e+00
9.99591548159268095e-01
1.00009164237823489e+00
9.99615682910342640e-01
1.00011282745571517e+00
9.99636550851528916e-01
1.00013413240918503e+00
9.99659478587441197e-01
1.00015419578682141e+00
9.99682131761928328e-01
1.00017692960558491e+00
9.99701139700786889e-01
1.00020020147913491e+00
9.99725049149340461e-01
1.00021998482762386e+00
9.99747425444566629e-01
9.99556668150067607e-01
1.00005691546191477e+00
9.99580382509721810e-01
1.00007823872025092e+00
9.99600862844151061e-01
1.00010020948837042e+00
9.99623870613879029e-01
1.00012242684747021e+00
9.99645979892561876e-01
1.00014331948039437e+00
9.99668535253428581e-01
1.00016384890858689e+00
9.99688632622052209e-01
1.00018752521202048e+00
9.99709999928777626e-01
1.00020613769964140e+00
9.99734150737877858e-01
9.99542807891246721e-01
1.00004327578328978e+00
9.99565993921004203e-01
1.00006192129764182e+00
9.99585526935390933e-01
1.00008474574360906e+00
9.99609520738574120e-01
1.00010783542947035e+00
9.99630620519781021e-01
1.00012819136887354e+00
9.99652630893971050e-01
1.00015065515447255e+00
9.99673439932320052e-01
1.00017040795703016e+00
9.99695813356350604e-01
1.00019193813607643e+00
9.99714937693965022e-01
9.99528119148520022e-01
1.00002676180760197e+00
9.99549817839002763e-01
1.00004710549518272e+00
9.99570372387871720e-01
1.00006787287460663e+00
9.99593556345453549e-01
1.00009003137046792e+00
9.99617431929699762e-01
1.00011030942721391e+00
9.99637147974558493e-01
1.00013485119107814e+00
9.99657851884387494e-01
1.00015409186949822e+00
9.99682428572970294e-01
1.00017640086276693e+00
9.99701187776657507e-01
9.99511746791402644e-01
1.00001003560605972e+00
9.99532791560254097e-01
1.00003005502643560e+00
9.99555214238682432e-01
1.00005085579709396e+00
9.99578202049298037e-01
1.00007288097173053e+00
9.99598131503817156e-01
1.00009598699895474e+00
9.99621656426373795e-01
1.00011676178358155e+00
9.99642445191806672e-01
1.00013814286626124e+00
9.99664900558470015e-01
1.00016149182611880e+00
9.99689592360356372e-01
9.99494916826000779e-01
9.99995755540619591e-01
9.99516744407744628e-01
1.00001591292584546e+00
9.99541970883286002e-01
1.00003869060414585e+00
9.99563257609441314e-01
1.00005913159556625e+00
9.99583709397681486e-01
1.00007863130326280e+00
9.99606598277793523e-01
1.00010227630930593e+00
9.99628078610008575e-01
1.00012452710335853e+00
9.99650639267251728e-01
1.00014593828673948e+00
9.99671589322259191e-01
9.99480037966663182e-01
9.99979408544442783e-01
9.99503111275445777e-01
1.00000450482095427e+00
9.99526921706501148e-01
1.00002589269937681e+00
9.99549064706981127e-01
1.00004758160513840e+00
9.99571685753037342e-01
1.00006922336206228e+00
9.99594578162806946e-01
1.00009213304865097e+00
9.99615638632523118e-01
1.00010969352976864e+00
9.99639152613698512e-01
1.00013510884152224e+00
9.99660672722939125e-01
9.99470830375844277e-01
9.99970301825918062e-01
9.99493692312833915e-01
9.99993335573158837e-01
9.99517003867177123e-01
1.00001567931485225e+00
9.99539203896767092e-01
1.00003528145542164e+00
9.99559912243442983e-01
1.00005762806579113e+00
9.99582709343347919e-01
1.00008073128153918e+00
9.99607140864938737e-01
1.00010304700664898e+00
9.99630890983854159e-01
1.00012510609909855e+00
9.99654070353511837e-01
9.99462513873695335e-01
9.99961761454700393e-01
9.99485844795787726e-01
9.99983193008358695e-01
9.99509813565053751e-01
1.00000773004592958e+00
9.99536675528979179e-01
1.00003105980537610e+00
9.99556497522606113e-01
1.00005485007900274e+00
9.99582847620658854e-01
1.00007869544010086e+00
9.99604525125200705e-01
1.00010084755268047e+00
9.99627355135654261e-01
1.00012669916255326e+00
9.99652174646427971e-01
9.99460991024418877e-01
9.99959776125498134e-01
9.99484021370076081e-01
9.99982837724778251e-01
9.99509221027368389e-01
1.00000832558363939e+00
9.99533947347823193e-01
1.00003257078854024e+00
9.99557457325942145e-01
1.00005469078402442e+00
9.99580827093241697e-01
1.00007816696509488e+00
9.99603919513472494e-01
1.00010222549763861e+00
9.99632317764819200e-01
1.00012651461191693e+00
9.99651902611318088e-01
9.99464080828449286e-01
9.99963975580082765e-01
9.99487108645325417e-01
9.99987836338908198e-01
9.99516058505606431e-01
1.00001181824530416e+00
9.99537988411454026e-01
1.00003642957341055e+00
9.99562094991490402e-01
1.00006223760515667e+00
9.99589239298441679e-01
1.00008529985369621e+00
9.99612386364485128e-01
1.00010735283476726e+00
9.99637079782915605e-01
1.00013444479308933e+00
9.99661797435329791e-01
9.99472183591560870e-01
9.99970823900435679e-01
9.99497124829076489e-01
9.99994262885058993e-01
9.99523111403828213e-01
1.00002036557953233e+00
9.99548725241477198e-01
1.00004891295033316e+00
9.99572011176753317e-01
1.00007197351199362e+00
9.99597219738186715e-01
1.00009771675486303e+00
9.99622493522881128e-01
1.00011978455540818e+00
9.99646338201172990e-01
1.00014384177047377e+00
9.99674286383262722e-01
9.99482721445293265e-01
9.99981953014966840e-01
9.99508771301355403e-01
1.00001012856525162e+00
9.99532409759288476e-01
1.00003306240659362e+00
9.99560907188809189e-01
1.00005861931810092e+00
9.99586306475683251e-01
1.00008396827982371e+00
9.99608684823779070e-01
1.00010647469272307e+00
9.99638296925928982e-01
1.00013584457630422e+00
9.99665133150139051e-01
1.00015969723286369e+00
9.99688115757831119e-01
9.99497556563781031e-01
9.99998638716048660e-01
9.99525018674916499e-01
1.00002389917182088e+00
9.99550261286372033e-01
1.00005015176406320e+00
9.99575941632873777e-01
1.00007688517082372e+00
9.99602886748127362e-01
1.00009977769745095e+00
9.99627127427946571e-01
1.00012807640610379e+00
9.99652586644587338e-01
1.00015141193352775e+00
9.99679430684179193e-01
1.00017694999509943e+00
9.99704732741536151e-01
9.99514439997415516e-01
1.00001585006414118e+00
9.99537582980944195e-01
1.00004233684817456e+00
9.99566480075457564e-01
1.00006555187075774e+00
9.99592591841749423e-01
1.00009362391352208e+00
9.99619666780652505e-01
1.00011943972819406e+00
9.99644762144395460e-01
1.00014193256510286e+00
9.99671653660815784e-01
1.00017020330215267e+00
9.99695938839088138e-01
1.00019459673934086e+00
9.99722224289192996e-01
9.99534160495687218e-01
1.00003503248397174e+00
9.99557778891825732e-01
1.00006014980018576e+00
9.99583412713532682e-01
1.00008642159095995e+00
9.99609326276677757e-01
1.00010758278048417e+00
9.99635712664839637e-01
1.00013296332389401e+00
9.99659788924403547e-01
1.00016019099355580e+00
9.99686883735366405e-01
1.00018627417210548e+00
9.99711616984013562e-01
1.00021036176211520e+00
9.99739499218831540e-01
9.99550765219182735e-01
1.00005109453910435e+00
9.99575217151398632e-01
1.00007723074175625e+00
9.99601268435013512e-01
1.00010069597884477e+00
9.99626179414614291e-01
1.00012838122110814e+00
9.99652922728494486e-01
1.00015097768294203e+00
9.99676180665077796e-01
1.00017477954418288e+00
9.99703755614645972e-01
1.00019901123436927e+00
9.99727377211286683e-01
1.00022613660158921e+00
9.99753324827868606e-01
9.99564667889630609e-01
1.00006561307120156e+00
9.99587064494842470e-01
1.00008967588112063e+00
9.99614939541454861e-01
1.00011348856190407e+00
9.99640519492903223e-01
1.00013720938788420e+00
9.99663985053326987e-01
1.00016285242713443e+00
9.99690588940163161e-01
1.00018730957631741e+00
9.99716958495771468e-01
1.00021232687096395e+00
9.99740678748189726e-01
1.00023528808968609e+00
9.99764416031723613e-01
9.99575120362047653e-01
1.00007276911932985e+00
9.99598991800855541e-01
1.00010042897987494e+00
9.99626059897183672e-01
1.00012111892833633e+00
9.99651175519078228e-01
1.00014872192406123e+00
9.99674364744732258e-01
1.00017300100349771e+00
9.99697458768814440e-01
1.00019543962917967e+00
9.99721337022880796e-01
1.00021796845389010e+00
9.99748607946025380e-01
1.00024389990319418e+00
9.99770839081151164e-01
9.99584269329768071e-01
1.00008282035674467e+00
9.99605993172124285e-01
1.00010550282990929e+00
9.99629095492148290e-01
1.00012912631733242e+00
9.99654398083909213e-01
1.00015393976068578e+00
9.99678853492144359e-01
1.00017531234029455e+00
9.99701849093969197e-01
1.00019886754495912e+00
9.99726306083305705e-01
1.00022273382734217e+00
9.99747935976085356e-01
1.00024660970301182e+00
9.99774008222483523e-01
9.99586076022922043e-01
1.00008242210673459e+00
9.99607318070627304e-01
1.00010599823659629e+00
9.99633543382952627e-01
1.00012933455278152e+00
9.99654747748751848e-01
1.00015051343197725e+00
9.99681264370325340e-01
1.00017427381974588e+00
9.99702482755129296e-01
1.00019704252464625e+00
9.99725215067303941e-01
1.00021971683076494e+00
9.99746959912184652e-01
1.00024433496413989e+00
9.99769495962983923e-01
9.99581889860974293e-01
1.00007947992547974e+00
9.99604570537614423e-01
1.00010170297164169e+00
9.99626415161690707e-01
1.00012544626563860e+00
9.99648792688779819e-01
1.00014825377431871e+00
9.99673018636800803e-01
1.00016834036629620e+00
9.99693238330843115e-01
1.00019049593612275e+00
9.99717403025167983e-01
1.00021197556383745e+00
9.99739895115459243e-01
1.00023495573890009e+00
9.99762621297417220e-01
9.99572730529778575e-01
1.00007249610407234e+00
9.99591879434917563e-01
1.00009144230713254e+00
9.99617841074798674e-01
1.00011394454616398e+00
9.99638724414800617e-01
1.00013566523955166e+00
9.99659521443615473e-01
1.00015721785583445e+00
9.99682351841991612e-01
1.00018101798220083e+00
9.99704303773378156e-01
1.00020095742699189e+00
9.99726770116217134e-01
1.00022308359712397e+00
9.99749324377438686e-01
9.99560825123467889e-01
1.00005831499645526e+00
9.99579387473742753e-01
1.00007807725858378e+00
9.99602799212420345e-01
1.00009942179236466e+00
9.99624078553965956e-01
1.00012245326917748e+00
9.99645198038369043e-01
1.00014206430646158e+00
9.99666882989603822e-01
1.00015943058300105e+00
9.99688254799483977e-01
1.00018450441287965e+00
9.99711750316653158e-01
1.00020369038901569e+00
9.99731664760885708e-01
9.99542185115844806e-01
1.00004072226682439e+00
9.99562255679471989e-01
1.00006171635109831e+00
9.99585799461644831e-01
1.00008284440050033e+00
9.99605847334638087e-01
1.00010293010466200e+00
9.99629451916624112e-01
1.00012306346551849e+00
9.99647971486278597e-01
1.00014517159083716e+00
9.99672112973437055e-01
1.00016652997849298e+00
9.99690606509400670e-01
1.00018881090248501e+00
9.99714911407014628e-01
9.99523441421539593e-01
1.00002304569524592e+00
9.99546835887454521e-01
1.00004402366910816e+00
9.99568304254743412e-01
1.00006455809493366e+00
9.99589078718077673e-01
1.00008685506276396e+00
9.99609912388800814e-01
1.00010535699632275e+00
9.99631046745739660e-01
1.00012635740111278e+00
9.99653007875998090e-01
1.00015051043311987e+00
9.99671622843519625e-01
1.00016819576776550e+00
9.99697195470408806e-01
9.99505338475296323e-01
1.00000293568807264e+00
9.99525890726932542e-01
1.00002499065351302e+00
9.99551383655223447e-01
1.00004677713828194e+00
9.99572437446934137e-01
1.00006807770008987e+00
9.99592037828689550e-01
1.00009063355027994e+00
9.99610796224765674e-01
1.00011154731172791e+00
9.99635403641845666e-01
1.00013230049650725e+00
9.99656297590977294e-01
1.00015233418347882e+00
9.99679450840951334e-01
9.99487519832278681e-01
9.99985284452221346e-01
9.99511270516087125e-01
1.00000673347453461e+00
9.99534513058791152e-01
1.00003146528668152e+00
9.99554168474960258e-01
1.00005327223138285e+00
9.99574833755886960e-01
1.00007458974780516e+00
9.99598455869599056e-01
1.00009315380078312e+00
9.99623271432678262e-01
1.00011561852822783e+00
9.99642899562297904e-01
1.00013382515341509e+00
9.99662752831306234e-01
9.99471503260466076e-01
9.99975268754691227e-01
9.99491957877705950e-01
9.99997658550224378e-01
9.99519522589592868e-01
1.00001922716187797e+00
9.99541589350025905e-01
1.00003897331293579e+00
9.99563476819991581e-01
1.00006004528664771e+00
9.99586666826706272e-01
1.00008221055524005e+00
9.99607266323995658e-01
1.00010428511202587e+00
9.99630539503585602e-01
1.00012496808610418e+00
9.99654113321569504e-01
9.99461742490918015e-01
9.99961525122046724e-01
9.99485851269012349e-01
9.99982639361088443e-01
9.99506521894321764e-01
1.00000603517898923e+00
9.99531265162762361e-01
1.00002716091772870e+00
9.99553241420341632e-01
1.00005005706237937e+00
9.99579635882448803e-01
1.00007198401920583e+00
9.99599030489083828e-01
1.00009531459230083e+00
9.99622055271679688e-01
1.00011619522075379e+00
9.99644829749418484e-01
9.99455107021419153e-01
9.99954274580938440e-01
9.99478372640742130e-01
9.99977657446307622e-01
9.99502815391194122e-01
1.00000002673503618e+00
9.99525257820412905e-01
1.00002558423270327e+00
9.99552159527892115e-01
1.00004681023102515e+00
9.99573293367803428e-01
1.00006688865815652e+00
9.99597362873843376e-01
1.00009202974447886e+00
9.99619699125405714e-01
1.00011496686442425e+00
9.99642869016661773e-01
9.99454777390778593e-01
9.99951708381109139e-01
9.99477205640166289e-01
9.99976204784808975e-01
9.99501133140745845e-01
1.00000175920828616e+00
9.99526289616934349e-01
1.00002312039166896e+00
9.99550174608525133e-01
1.00004771451145169e+00
9.99577888975796469e-01
1.00007235626055935e+00
9.99600622699395425e-01
1.00009840513162462e+00
9.99624443522406647e-01
1.00011885713641790e+00
9.99650607321457718e-01
9.99458192029782921e-01
9.99956979674663460e-01
9.99485697053766109e-01
9.99982312140050733e-01
9.99507681112296154e-01
1.00000909978609509e+00
9.99532965535261830e-01
1.00003283263481468e+00
9.99558892928793408e-01
1.00005667846859536e+00
9.99582280084768682e-01
1.00007891530877191e+00
9.99608050727388675e-01
1.00010751908963780e+00
9.99632670679996060e-01
1.00012988219724330e+00
9.99659040352695594e-01
9.99469474446695871e-01
9.99968865618969360e-01
9.99495569187075050e-01
9.99993467106125022e-01
9.99520011218394622e-01
1.00001721930337428e+00
9.99546127507086712e-01
1.00004533949049712e+00
9.99571738172163604e-01
1.00007093075229414e+00
9.99596209601471219e-01
1.00009436952146635e+00
9.99620287076867675e-01
1.00011925296766035e+00
9.99646573752311807e-01
1.00014412089625249e+00
9.99673882921727541e-01
9.99482955056602562e-01
9.99982873420795171e-01
9.99509306732179637e-01
1.00000872096429783e+00
9.99534331040616508e-01
1.00003404386865435e+00
9.99560885562050805e-01
1.00006064652328974e+00
9.99582977294622754e-01
1.00008516416634352e+00
9.99614890446786641e-01
1.00011228141960729e+00
9.99638417579834404e-01
1.00013567636278489e+00
9.99662949474312668e-01
1.00016164985837186e+00
9.99688320037537381e-01
9.99500693728027856e-01
1.00000220209072532e+00
9.99525856660185674e-01
1.00002679718531340e+00
9.99553411138208614e-01
1.00005216450509193e+00
9.99576685088979566e-01
1.00007957475235232e+00
9.99604521197350104e-01
1.00010169211231759e+00
9.99630020127320162e-01
1.00012973025284158e+00
9.99656976210208659e-01
1.00015384224368797e+00
9.99683785250052415e-01
1.00017787428343952e+00
9.99708238398727689e-01
9.99519190356583098e-01
1.00002116617197490e+00
9.99546104712047745e-01
1.00004711622467091e+00
9.99572708295857870e-01
1.00007237887332989e+00
9.99597538238181094e-01
1.00009849310692123e+00
9.99623359266515354e-01
1.00012455340533579e+00
9.99648282494494556e-01
1.00014858961738584e+00
9.99677315370915531e-01
1.00017267675019683e+00
9.99702065093256209e-01
1.00019884651501156e+00
9.99729117106563536e-01
9.99539097449597014e-01
1.00003989127952853e+00
9.99566213576079332e-01
1.00006441720479988e+00
9.99591171544013224e-01
1.00008952415807850e+00
9.99616760492631817e-01
1.00011674455501498e+00
9.99642344192736343e-01
1.00014356806963312e+00
9.99666824776245133e-01
1.00016731165123507e+00
9.99695505965860209e-01
1.00019070087881623e+00
9.99719977800598736e-01
1.00021695123971077e+00
9.99745174964939198e-01
9.99559003126149093e-01
1.00006011848152210e+00
9.99582144015353169e-01
1.00008367114090357e+00
9.99609657085685277e-01
1.00011001745560701e+00
9.99635188942740283e-01
1.00013665255892370e+00
9.99660109703233712e-01
1.00015837107062922e+00
9.99687577832890306e-01
1.00018170195649359e+00
9.99711119096997614e-01
1.00020849074982454e+00
9.99733916426100100e-01
1.00023256830891216e+00
9.99761087164426354e-01
9.99573060932442359e-01
1.00007402977172744e+00
9.99599511806775309e-01
1.00009773516895017e+00
9.99625044654340100e-01
1.00012185870958548e+00
9.99648568212483379e-01
1.00014552531196554e+00
9.99671437546660213e-01
1.00017033337113070e+00
9.99697230075070831e-01
1.00019718175272665e+00
9.99723118514739606e-01
1.00022246335414922e+00
9.99748456669909635e-01
1.00024468968719127e+00
9.99769893336319382e-01
9.99582439736769413e-01
1.00008532154185126e+00
9.99609528615822085e-01
1.00010620893008140e+00
9.99632707777843854e-01
1.00013205869927058e+00
9.99659791275251730e-01
1.00015757889765422e+00
9.99681460161918056e-01
1.00017994940218236e+00
9.99706964850374580e-01
1.00020399299291829e+00
9.99729903439097067e-01
1.00022893379607414e+00
9.99753639168766917e-01
1.00025003812088897e+00
9.99779218703295891e-01
9.99589273880122087e-01
1.00009139285058635e+00
9.99616191683365907e-01
1.00011313578246219e+00
9.99636980817591336e-01
1.00013577762958383e+00
9.99661457235422213e-01
1.00016114399686828e+00
9.99685411229182308e-01
1.00018305053464962e+00
9.99709206348185386e-01
1.00020841483242751e+00
9.99735336456011536e-01
1.00023074195801343e+00
9.99756118974818198e-01
1.00025277878223062e+00
9.99781443222248045e-01
9.99590956980670242e-01
1.00008977364441343e+00
9.99615532607297297e-01
1.00011072625428810e+00
9.99637562997398477e-01
1.00013613167870008e+00
9.99663064624803366e-01
1.00016020616699586e+00
9.99684354954490817e-01
1.00018083062166441e+00
9.99704594296746740e-01
1.00020606624217123e+00
9.99731353725607064e-01
1.00022582953538652e+00
9.99753043863520818e-01
1.00024822349175468e+00
9.99775852900955830e-01
9.99583330192593711e-01
1.00008339546381597e+00
9.99608107194096651e-01
1.00010759856248943e+00
9.99631918740464087e-01
1.00012978769781902e+00
9.99654986572922954e-01
1.00015318423035571e+00
9.99676110350230296e-01
1.00017269721908586e+00
9.99700733081281157e-01
1.00019469049391829e+00
9.99718780438698440e-01
1.00021677445957824e+00
9.99740234020749075e-01
1.00023755013289595e+00
9.99764258331569233e-01
9.99573646562364138e-01
1.00007223962401004e+00
9.99595280551340504e-01
1.00009421806083409e+00
9.99617512749503723e-01
1.00011560489728946e+00
9.99640096237952136e-01
1.00013762125733074e+00
9.99660109818562015e-01
1.00015704083861867e+00
9.99685413857547611e-01
1.00017875937422973e+00
9.99703405516839894e-01
1.00020082497975404e+00
9.99727678552170262e-01
1.00022073552328949e+00
9.99749017582235444e-01
9.99557417026832207e-01
1.00005667108453600e+00
9.99580322838941715e-01
1.00007820259922320e+00
9.99601308738447769e-01
1.00010005221319909e+00
9.99624031882972885e-01
1.00012019212018477e+00
9.99645111079111026e-01
1.00014092575742786e+00
9.99667438068087444e-01
1.00016065947009714e+00
9.99686256452979261e-01
1.00018327519044892e+00
9.99706304694671144e-01
1.00020440946614175e+00
9.99729608428289063e-01
9.99538294657887683e-01
1.00003836129082391e+00
9.99557442391981743e-01
1.00005836667646575e+00
9.99581783026358139e-01
1.00008117159929166e+00
9.99601375169956174e-01
1.00010066065674130e+00
9.99623643722309163e-01
1.00012130079139228e+00
9.99646650501033740e-01
1.00014230570491192e+00
9.99667010299210124e-01
1.00015999855757332e+00
9.99688521419098475e-01
1.00018354982578828e+00
9.99710433884255623e-01
9.99518629120738966e-01
1.00001802342993606e+00
9.99541587360596173e-01
1.00003649282666518e+00
9.99561851389078049e-01
1.00005905608598589e+00
9.99583787870156559e-01
1.00007987968675249e+00
9.99604711853780525e-01
1.00010294651216336e+00
9.99625806063036859e-01
1.00012385997350806e+00
9.99648446950334835e-01
1.00014390493296501e+00
9.99668745720874830e-01
1.00016401549996914e+00
9.99689342926955660e-01
9.99497358975912520e-01
9.99999411427853313e-01
9.99521807835910048e-01
1.00001979798747698e+00
9.99542824839199096e-01
1.00004092267486655e+00
9.99563741277907369e-01
1.00006106345042145e+00
9.99586462375342433e-01
1.00008222080493447e+00
9.99606929781685971e-01
1.00010453659470744e+00
9.99626596453748517e-01
1.00012409892106402e+00
9.99650365132603524e-01
1.00014707333106823e+00
9.99672318997927190e-01
9.99483081860975231e-01
9.99976409453069537e-01
9.99501848986924513e-01
9.99999988717592547e-01
9.99523913453091106e-01
1.00002316854530138e+00
9.99547829920176989e-01
1.00004307681777238e+00
9.99567141272301063e-01
1.00006693429150006e+00
9.99589648248489504e-01
1.00008710856455840e+00
9.99614331490360497e-01
1.00010691015434916e+00
9.99635348741475416e-01
1.00013012029615678e+00
9.99658043773957949e-01
9.99466820995721039e-01
9.99962999494037996e-01
9.99488329650100593e-01
9.99986161306702148e-01
9.99510368374843416e-01
1.00000786881511483e+00
9.99531788792328846e-01
1.00003105315849283e+00
9.99554759041118901e-01
1.00004951520136931e+00
9.99577013918908630e-01
1.00007539070710161e+00
9.99599757130068989e-01
1.00009588745155753e+00
9.99621852494461227e-01
1.00011691750755816e+00
9.99644474023395624e-01
9.99452326608240460e-01
9.99951777138575859e-01
9.99478363853365193e-01
9.99974167399796499e-01
9.99502561016757385e-01
9.99999434782404828e-01
9.99522975012459569e-01
1.00001941498186775e+00
9.99547465978456007e-01
1.00004237585327460e+00
9.99566863064322075e-01
1.00006683765993665e+00
9.99592311942808287e-01
1.00008711659881899e+00
9.99613906947408259e-01
1.00011004319014929e+00
9.99637767037757641e-01
9.99449576057622413e-01
9.99947065543391744e-01
9.99469434519006050e-01
9.99970782354636989e-01
9.99497700502848030e-01
9.99994984981431800e-01
9.99520064942353570e-01
1.00001556036314687e+00
9.99542015614387824e-01
1.00004153922081640e+00
9.99567267000188386e-01
1.00006468655426906e+00
9.99588974672630082e-01
1.00008756428501333e+00
9.99617500844446449e-01
1.00011076173008129e+00
9.99637943949377328e-01
9.99447939052140355e-01
9.99948286841309208e-01
9.99469906533345887e-01
9.99972471549870123e-01
9.99496571567529468e-01
9.99993531402670999e-01
9.99521377338277617e-01
1.00002125104650319e+00
9.99547721084408591e-01
1.00004495994079701e+00
9.99572011379107006e-01
1.00006766979220418e+00
9.99595875432445324e-01
1.00009348057087744e+00
9.99619180268070728e-01
1.00011842662853789e+00
9.99645383509863983e-01
9.99455033206168131e-01
9.99955953068725756e-01
9.99480201876904562e-01
9.99981248398886247e-01
9.99506435407828464e-01
1.00000697092888990e+00
9.99529989601282809e-01
1.00002917920140777e+00
9.99556677814194439e-01
1.00005295586056286e+00
9.99580932561273672e-01
1.00008094025322025e+00
9.99607535493238109e-01
1.00010324842740395e+00
9.99630351436778031e-01
1.00012986464371489e+00
9.99657209593099116e-01
9.99468477681999645e-01
9.99967943178478924e-01
9.99492863212614324e-01
9.99993023551374094e-01
9.99520177929420828e-01
1.00001979706046784e+00
9.99545447869953585e-01
1.00004382889470289e+00
9.99568948684718017e-01
1.00006835882121403e+00
9.99594795167725980e-01
1.00009397309857651e+00
9.99620944945780243e-01
1.00012030052930267e+00
9.99647649073181377e-01
1.00014690797158834e+00
9.99671591741604026e-01
9.99484719429047375e-01
9.99985089352533718e-01
9.99511897305325969e-01
1.00000965153399579e+00
9.99508107677489988e-01
1.00003256405123064e+00
9.99564023836459148e-01
1.00006202350602447e+00
9.99587367401484905e-01
1.00008335274244620e+00
9.99614042396676727e-01
1.00011209912114474e+00
9.99639195352119203e-01
1.00013668308452552e+00
9.99667740164168928e-01
1.00016294959199614e+00
9.99691062757071314e-01
9.99504938923228781e-01
1.00000343577161765e+00
9.99531119458208828e-01
1.00003030797741621e+00
9.99557215537726473e-01
1.00005657034798112e+00
9.99583454610176392e-01
1.00008482259124443e+00
9.99608316205673142e-01
1.00010525854527543e+00
9.99633910335200992e-01
1.00013470647164127e+00
9.99661518965776597e-01
1.00015987949156848e+00
9.99687193955254516e-01
1.00018375111664115e+00
9.99714971482182913e-01
9.99524860600390919e-01
1.00002670418320361e+00
9.99549730233307177e-01
1.00005047506952716e+00
9.99579145992694929e-01
1.00007791991577988e+00
9.99605086292975398e-01
1.00010380599001980e+00
9.99629347721192385e-01
1.00012797116087415e+00
9.99658198192612923e-01
1.00015287244078688e+00
9.99680264326371137e-01
1.00017797381101325e+00
9.99706124193946444e-01
1.00020829821798585e+00
9.99735743205683147e-01
9.99548926047687747e-01
1.00004918036646973e+00
9.99572622371595942e-01
1.00007092066939540e+00
9.99598745703232261e-01
1.00009746008121825e+00
9.99623979396584872e-01
1.00012276458927052e+00
9.99649899316390367e-01
1.00015033396442066e+00
9.99673864159197456e-01
1.00017419062228963e+00
9.99700135736150131e-01
1.00020027843750414e+00
9.99728096433446956e-01
1.00022363297890249e+00
9.99755440037721432e-01
9.99564611101382616e-01
1.00006592803170657e+00
9.99589611016718615e-01
1.00009064494563349e+00
9.99618000572007781e-01
1.00011813600432475e+00
9.99644171885046617e-01
1.00014195219815671e+00
9.99668335648706718e-01
1.00016516502889741e+00
9.99693051181964942e-01
1.00019176423227485e+00
9.99716462955263618e-01
1.00021739768971374e+00
9.99745850775001110e-01
1.00024200520284912e+00
9.99772117474140076e-01
9.99579873141710373e-01
1.00007715734810909e+00
9.99606415165572804e-01
1.00010912612123115e+00
9.99631782273222691e-01
1.00013092079626142e+00
9.99656154834845267e-01
1.00015742246440920e+00
9.99679865121533617e-01
1.00018004661018334e+00
9.99707354241293866e-01
1.00020305959167999e+00
9.99730364268326732e-01
1.00022618024828724e+00
9.99756604369558932e-01
1.00025283428979384e+00
9.99778713027226429e-01
9.99591181550345320e-01
1.00008957738645110e+00
9.99614696048947704e-01
1.00011694202091062e+00
9.99642129681725944e-01
1.00013951468370865e+00
9.99665333403242151e-01
1.00016138078034134e+00
9.99688816699106253e-01
1.00018883187632746e+00
9.99716593032119238e-01
1.00020946792108312e+00
9.99737790429779394e-01
1.00023491499629014e+00
9.99761389352325613e-01
1.00025875518824559e+00
9.99787783758043558e-01
9.99599642685882528e-01
1.00009596405685652e+00
9.99620393941711760e-01
1.00012066813544775e+00
9.99645627844451656e-01
1.00014442467327691e+00
9.99668401471077939e-01
1.00016644318837322e+00
9.99695038844417128e-01
1.00019124489491151e+00
9.99714749604862174e-01
1.00021456191552005e+00
9.99742288156089121e-01
1.00023495902001058e+00
9.99761528179215597e-01
1.00025885115886570e+00
9.99787533346095159e-01
9.99598517589183055e-01
1.00009373478291907e+00
9.99618690448975444e-01
1.00011521114767921e+00
9.99641771734442686e-01
1.00014102670473082e+00
9.99665721244490713e-01
1.00016376269601159e+00
9.99686866484308601e-01
1.00018541106847558e+00
9.99710428361209047e-01
1.00020727641204288e+00
9.99732374677739566e-01
1.00023131748890903e+00
9.99753768100707374e-01
1.00025189575153051e+00
9.99779394870191518e-01
9.99587635117946016e-01
1.00008617432804625e+00
9.99610442816233791e-01
1.00011053346314904e+00
9.99633995378411022e-01
1.00012990088033016e+00
9.99654918493134148e-01
1.00015161700502353e+00
9.99678354820987769e-01
1.00017617602673958e+00
9.99700633135067740e-01
1.00019801094207184e+00
9.99721159052324393e-01
1.00021617937843743e+00
9.99744384126050933e-01
1.00023821719787342e+00
9.99764688969164594e-01
9.99574658512630054e-01
1.00007344236683626e+00
9.99597300127394006e-01
1.00009525555013412e+00
9.99617852670083629e-01
1.00011597035353361e+00
9.99641259464867482e-01
1.00013630702096257e+00
9.99663494900004279e-01
1.00015867397899316e+00
9.99683831994544025e-01
1.00018094999984530e+00
9.99705947884726664e-01
1.00020131808432211e+00
9.99725072170475237e-01
1.00022165303594268e+00
9.99746159951571012e-01
9.99558018491411238e-01
1.00005350671621218e+00
9.99577218230796039e-01
1.00007541350192253e+00
9.99600521620860549e-01
1.00009686888040639e+00
9.99617380197251659e-01
1.00011706781320497e+00
9.99642225276003993e-01
1.00013676221798709e+00
9.99662454789136845e-01
1.00015663743994265e+00
9.99683199374961418e-01
1.00018101924734371e+00
9.99707445407580497e-01
1.00020167902969948e+00
9.99725356772140028e-01
9.99535409975108591e-01
1.00003131627429243e+00
9.99556071897919729e-01
1.00005448404823194e+00
9.99577903727317474e-01
1.00007542241794090e+00
9.99595826902521800e-01
1.00009485234332618e+00
9.99618724051244412e-01
1.00011598866899987e+00
9.99642748360316746e-01
1.00013693795296454e+00
9.99661947288444819e-01
1.00015667393358854e+00
9.99680961323104245e-01
1.00017650391650448e+00
9.99703004806644757e-01
9.99513542309392156e-01
1.00001168281070174e+00
9.99533355321078121e-01
1.00003067782678512e+00
9.99557142760887807e-01
1.00005151468255149e+00
9.99575711468476014e-01
1.00007368250296880e+00
9.99598974811899410e-01
1.00009308076895254e+00
9.99617946750326447e-01
1.00011560339554495e+00
9.99640774966344958e-01
1.00014749473359554e+00
9.99663975143334271e-01
1.00015492597593925e+00
9.99681846804455265e-01
9.99489260378749411e-01
9.99989349163315389e-01
9.99514348313343959e-01
1.00001073977189670e+00
9.99534375774490891e-01
1.00003148753157767e+00
9.99556005237097644e-01
1.00005318641230057e+00
9.99575274098685296e-01
1.00007277741408362e+00
9.99600239979407501e-01
1.00009254008510218e+00
9.99620862931230980e-01
1.00011331288984540e+00
9.99639434276729633e-01
1.00013729295831344e+00
9.99662923849052198e-01
9.99472688877814042e-01
9.99969504870742432e-01
9.99495200146746754e-01
9.99991817457638321e-01
9.99515495203954552e-01
1.00001263946894170e+00
9.99539035029307743e-01
1.00003600969724249e+00
9.99562388286768577e-01
1.00005700586018942e+00
9.99582001555673672e-01
1.00007545171527190e+00
9.99603538410077097e-01
1.00009770654036267e+00
9.99624345904179812e-01
1.00012068483824801e+00
9.99646641999281993e-01
9.99456758028441361e-01
9.99955956199088503e-01
9.99479267602303878e-01
9.99977529212651817e-01
9.99501008281809211e-01
9.99999186952981622e-01
9.99522734382122136e-01
1.00002132961800960e+00
9.99545766869275987e-01
1.00004026466361440e+00
9.99567112700305960e-01
1.00006351387957970e+00
9.99589827466735636e-01
1.00008876641249178e+00
9.99611257397613029e-01
1.00010894947288143e+00
9.99636556154443023e-01
9.99442658798097461e-01
9.99943164956230923e-01
9.99467503225414666e-01
9.99968366002096376e-01
9.99492177901054712e-01
9.99989197754585724e-01
9.99514470060547611e-01
1.00001307062952116e+00
9.99537959970766554e-01
1.00003492510761349e+00
9.99559493423537337e-01
1.00005735910106996e+00
9.99584223602710709e-01
1.00008140392215261e+00
9.99605995479009524e-01
1.00010110849062817e+00
9.99629127717268862e-01
9.99442542938999701e-01
9.99939888716676606e-01
9.99462878738258564e-01
9.99962305065274282e-01
9.99489447809775555e-01
9.99986709851974909e-01
9.99512375342466841e-01
1.00000978906790117e+00
9.99535697118201005e-01
1.00003382375207472e+00
9.99560202151243082e-01
1.00005838382884460e+00
9.99583555040941096e-01
1.00008188955781052e+00
9.99608317522824197e-01
1.00010755073633417e+00
9.99631310501527981e-01
9.99442401104667866e-01
9.99941909117524119e-01
9.99467962284834588e-01
9.99966094997668420e-01
9.99491981671067786e-01
9.99990903858075431e-01
9.99516013604559883e-01
1.00001421423775327e+00
9.99541766795194131e-01
1.00004071465319533e+00
9.99565255687264953e-01
1.00006211411648294e+00
9.99591108805320538e-01
1.00008888452023137e+00
9.99614291899596608e-01
1.00011233588770510e+00
9.99639447988964980e-01
9.99450090980037564e-01
9.99951084888773489e-01
9.99478663403900125e-01
9.99974741579179316e-01
9.99500903021518394e-01
1.00000244714058462e+00
9.99524931333980127e-01
1.00002862845633356e+00
9.99554294673184351e-01
1.00005187811968277e+00
9.99576852541718019e-01
1.00007661063062403e+00
9.99606172980941565e-01
1.00010049339318008e+00
9.99631239712754471e-01
1.00012693408923026e+00
9.99654328001157721e-01
9.99464392089943088e-01
9.99966330169262618e-01
9.99493785549004254e-01
9.99993477552502341e-01
9.99516123074464802e-01
1.00001808298929951e+00
9.99544845627807654e-01
1.00004302905307507e+00
9.99571463552498596e-01
1.00006987131230285e+00
9.99595859866006409e-01
1.00009559930375391e+00
9.99619668533929362e-01
1.00012133741773757e+00
9.99649394629024357e-01
1.00014610879756471e+00
9.99672338643049718e-01
9.99486177243320895e-01
9.99988777780966953e-01
9.99511030230364472e-01
1.00001269487071709e+00
9.99537690688112490e-01
1.00003865872103437e+00
9.99563086823325286e-01
1.00006386114968748e+00
9.99590459088129935e-01
1.00008944555837420e+00
9.99616622424455703e-01
1.00011647656520153e+00
9.99643666574183132e-01
1.00014265804046243e+00
9.99670214190867990e-01
1.00016845993257508e+00
9.99696603826752961e-01
9.99507646583559617e-01
1.00001031988619071e+00
9.99531841077164196e-01
1.00003483775224034e+00
9.99561804902842188e-01
1.00006133032429223e+00
9.99588659791433076e-01
1.00008707221717152e+00
9.99613555076621640e-01
1.00011544305667743e+00
9.99641066400346112e-01
1.00013928694964238e+00
9.99667174935709002e-01
1.00016708671564447e+00
9.99694587836461035e-01
1.00019124455632902e+00
9.99718194934951732e-01
9.99530871327720560e-01
1.00003303222379225e+00
9.99559393908942884e-01
1.00005874673309103e+00
9.99585434954715968e-01
1.00008779390467173e+00
9.99608870265331628e-01
1.00010998024530418e+00
9.99639287971756718e-01
1.00013662835389527e+00
9.99663772853940591e-01
1.00016161757734734e+00
9.99690815867112614e-01
1.00018894291198368e+00
9.99716117324496500e-01
1.00021078901709548e+00
9.99741352949380491e-01
9.99555142361575277e-01
1.00005471349675434e+00
9.99578651574331234e-01
1.00008089859425264e+00
9.99606052746237594e-01
1.00010544636399112e+00
9.99634027678043990e-01
1.00013012712926241e+00
9.99655998801868617e-01
1.00015722201212331e+00
9.99685931067277211e-01
1.00018363131653865e+00
9.99711176214084007e-01
1.00020700360668391e+00
9.99735658198754984e-01
1.00023400530523077e+00
9.99762103149347992e-01
9.99572915901014825e-01
1.00007464890073106e+00
9.99598168271109144e-01
1.00009954815123336e+00
9.99627214923954566e-01
1.00012333011440102e+00
9.99650541804121828e-01
1.00015097131588515e+00
9.99677212843362528e-01
1.00017507620046175e+00
9.99701956979817230e-01
1.00020212801594655e+00
9.99727078222825916e-01
1.00022442904875741e+00
9.99755286382140840e-01
1.00025008177400365e+00
9.99775869817672636e-01
9.99587825259927176e-01
1.00009108166302596e+00
9.99615005506355070e-01
1.00011446189756747e+00
9.99638545630173625e-01
1.00014002817811987e+00
9.99664381375279465e-01
1.00016417274098002e+00
9.99688594988773493e-01
1.00018761072759554e+00
9.99712678141362443e-01
1.00021238898817533e+00
9.99739744452217027e-01
1.00023683265396346e+00
9.99763662381175089e-01
1.00026158877939575e+00
9.99788341316252827e-01
9.99599203127160663e-01
1.00009913818635043e+00
9.99624272063156849e-01
1.00012406357680406e+00
9.99646790261018325e-01
1.00014605704304360e+00
9.99673562974218499e-01
1.00016947614293028e+00
9.99695380998199767e-01
1.00019496387722406e+00
9.99719831012818694e-01
1.00021752811316267e+00
9.99738524837179510e-01
1.00024536480726778e+00
9.99769602063771190e-01
1.00026136532729426e+00
9.99792547781641505e-01
9.99608524003373411e-01
1.00010654576016234e+00
9.99627377063725508e-01
1.00012761900773128e+00
9.99650564466303515e-01
1.00014664115509877e+00
9.99676659257023648e-01
1.00017429729381591e+00
9.99698620576562114e-01
1.00019530756093622e+00
9.99724139425069658e-01
1.00021897912455238e+00
9.99743234499238409e-01
1.00023989305500582e+00
9.99767582142019440e-01
1.00026438712535448e+00
9.99789931167731738e-01
9.99599966113726923e-01
1.00009973570528499e+00
9.99623685729883138e-01
1.00012379240382709e+00
9.99646878989674748e-01
1.00014640962410573e+00
9.99670019948505795e-01
1.00016868204743070e+00
9.99690976702476086e-01
1.00019034471263324e+00
9.99717642112368243e-01
1.00020989070212485e+00
9.99738880003405272e-01
1.00023411426826359e+00
9.99759484154105760e-01
1.00025390696895999e+00
9.99777949748812955e-01
9.99590673968935084e-01
1.00009012934467734e+00
9.99614495683757598e-01
1.00011114999731920e+00
9.99636625697202685e-01
1.00013372595775496e+00
9.99660773511374723e-01
1.00015259008162238e+00
9.99678866205805816e-01
1.00017714038107663e+00
9.99699606057522505e-01
1.00019734525322046e+00
9.99722574361178062e-01
1.00021892405620005e+00
9.99743784450932149e-01
1.00023799290368709e+00
9.99765788570999736e-01
9.99572945328612295e-01
1.00007431159898230e+00
9.99597164487104006e-01
1.00009472308979386e+00
9.99621360098894129e-01
1.00011493602941726e+00
9.99640860414058308e-01
1.00013438665956733e+00
9.99659244123840218e-01
1.00015512974472065e+00
9.99683720383835905e-01
1.00017687375340358e+00
9.99702052140291508e-01
1.00019983056987938e+00
9.99726059523973976e-01
1.00021858500825922e+00
9.99741622455035617e-01
9.99556343618097531e-01
1.00005330791166891e+00
9.99575546369046886e-01
1.00007350566632525e+00
9.99599567248402265e-01
1.00009276070241526e+00
9.99617467459164577e-01
1.00011399252022204e+00
9.99638127097248752e-01
1.00013551086033003e+00
9.99656552983436808e-01
1.00015447215397990e+00
9.99676981535046250e-01
1.00017556723566714e+00
9.99699557375503534e-01
1.00019692425574802e+00
9.99720525869159271e-01
9.99528765648357131e-01
1.00002794453798693e+00
9.99550544449188894e-01
1.00004937353757373e+00
9.99572188039796083e-01
1.00007101837054391e+00
9.99595179289897606e-01
1.00008925174172525e+00
9.99614843029606459e-01
1.00010916644377090e+00
9.99634222365727854e-01
1.00012978490690774e+00
9.99654538818210980e-01
1.00015123119546434e+00
9.99673343726779962e-01
1.00017129819533168e+00
9.99696874705108374e-01
9.99506912578052020e-01
1.00000667036221991e+00
9.99525723836885094e-01
1.00002361836607179e+00
9.99550689887486410e-01
1.00004629586158300e+00
9.99568764107791052e-01
1.00006648219697780e+00
9.99590877358456642e-01
1.00008737580718399e+00
9.99611391279724315e-01
1.00010747481150086e+00
9.99633550660503745e-01
1.00012764449042746e+00
9.99656722560639643e-01
1.00014867510836480e+00
9.99672979623153157e-01
9.99483653713551967e-01
9.99981589097530432e-01
9.99505023880756904e-01
1.00000526229457365e+00
9.99526310021156772e-01
1.00002402890929742e+00
9.99549529673661508e-01
1.00004393651363688e+00
9.99570145937904386e-01
1.00006551601698757e+00
9.99591272058461100e-01
1.00008441524751679e+00
9.99610089636110644e-01
1.00010543231324145e+00
9.99632186739722428e-01
1.00012852847048306e+00
9.99654228377089504e-01
9.99462086139628392e-01
9.99961709658804820e-01
9.99485865114244199e-01
9.99981859861595268e-01
9.99507358160658388e-01
1.00000363820589189e+00
9.99525749465382529e-01
1.00002355753944960e+00
9.99552920957473834e-01
1.00004386626609953e+00
9.99571156543763273e-01
1.00006987826227034e+00
9.99596804550556772e-01
1.00009049034984243e+00
9.99616426591566021e-01
1.00011107870814819e+00
9.99637183047726641e-01
9.99444826263052866e-01
9.99944284649347703e-01
9.99469126229282634e-01
9.99966634295950452e-01
9.99493719060441488e-01
9.99989496618976181e-01
9.99516916820564094e-01
1.00001213555015256e+00
9.99536469118822435e-01
1.00003444075182246e+00
9.99560121482963027e-01
1.00005662026407860e+00
9.99581616187807609e-01
1.00007442117727319e+00
9.99602279206168398e-01
1.00010202506747325e+00
9.99627444931235787e-01
9.99437010323110497e-01
9.99934202852562293e-01
9.99460108795396374e-01
9.99959041189815934e-01
9.99481784090515690e-01
9.99981168019871691e-01
9.99507727846710381e-01
1.00000270039365025e+00
9.99530665686429232e-01
1.00002686314993539e+00
9.99552179543339525e-01
1.00005225656195718e+00
9.99578372246300084e-01
1.00007416751938183e+00
9.99599627560229687e-01
1.00009790839203849e+00
9.99623067249224118e-01
9.99434536739169599e-01
9.99933268937021613e-01
9.99456875187779703e-01
9.99958104835033890e-01
9.99480557191808394e-01
9.99980276497450915e-01
9.99505779543437001e-01
1.00000255908897562e+00
9.99531752527867190e-01
1.00002827176991560e+00
9.99553818140790473e-01
1.00005101288534615e+00
9.99577227850856898e-01
1.00007621213698128e+00
9.99603788535690763e-01
1.00009751362196564e+00
9.99626100733637446e-01
9.99439687132596011e-01
9.99936097632111220e-01
9.99463269387689479e-01
9.99962454489038866e-01
9.99488931015541260e-01
9.99987085689547417e-01
9.99511590249129833e-01
1.00001382524560101e+00
9.99537203143920028e-01
1.00003715946453675e+00
9.99563987759982231e-01
1.00005990760423780e+00
9.99590669362436790e-01
1.00008762579448862e+00
9.99613222247888844e-01
1.00011026855332097e+00
9.99639441513545335e-01
9.99450217419245890e-01
9.99951768573848043e-01
9.99475493741404653e-01
9.99974785098796448e-01
9.99502026423039536e-01
9.99999913756255410e-01
9.99526441592839432e-01
1.00002437812568234e+00
9.99553245517120104e-01
1.00005252317524373e+00
9.99578075689562695e-01
1.00007545274396614e+00
9.99603866416407305e-01
1.00010303931026034e+00
9.99629391756846064e-01
1.00012809600140429e+00
9.99657247574382124e-01
9.99466773724814184e-01
9.99967370072843420e-01
9.99492708501107496e-01
9.99993208384134968e-01
9.99518940224238039e-01
1.00001973019356782e+00
9.99546447786620607e-01
1.00004248413735430e+00
9.99572346503884601e-01
1.00006902096110006e+00
9.99599416027786902e-01
1.00009860822947938e+00
9.99625672226673534e-01
1.00012113502159439e+00
9.99653675231501171e-01
1.00014678278587388e+00
9.99676744545424545e-01
9.99489387481734659e-01
9.99987419783453180e-01
9.99515449065871198e-01
1.00001632888767000e+00
9.99542547190837904e-01
1.00004196740005180e+00
9.99568990675262614e-01
1.00006887106645403e+00
9.99595480157134286e-01
1.00009509549454534e+00
9.99622063089067869e-01
1.00012220312547351e+00
9.99649347066824290e-01
1.00014589102321882e+00
9.99675088220274510e-01
1.00017266393991666e+00
9.99701601513817928e-01
9.99513324464818553e-01
1.00001709764185276e+00
9.99539503958908782e-01
1.00003982217686804e+00
9.99566631031158948e-01
1.00006591756473440e+00
9.99594869783807849e-01
1.00009375123541044e+00
9.99621241686652118e-01
1.00012102981117801e+00
9.99646890974928426e-01
1.00014624728900858e+00
9.99674300543103356e-01
1.00017192391999599e+00
9.99699087798938901e-01
1.00019967818306088e+00
9.99726239557986673e-01
9.99540805468581262e-01
1.00003972889431880e+00
9.99564562659582712e-01
1.00006609077090580e+00
9.99592068011174395e-01
1.00009158586482472e+00
9.99620623647701323e-01
1.00011849957846533e+00
9.99647294738738146e-01
1.00014608532465310e+00
9.99670081996865134e-01
1.00016924005656427e+00
9.99697914189461634e-01
1.00019714909330371e+00
9.99724382125660727e-01
1.00022124657127254e+00
9.99750814884845296e-01
9.99560715730269944e-01
1.00006295756847607e+00
9.99588530097124894e-01
1.00008807521534426e+00
9.99616298937758052e-01
1.00011439822213610e+00
9.99640063996003136e-01
1.00014106341212394e+00
9.99668243561615988e-01
1.00016547465576666e+00
9.99695551471148303e-01
1.00019386973070445e+00
9.99721664157654399e-01
1.00021659985181666e+00
9.99746400537647295e-01
1.00024336906379196e+00
9.99769898465733942e-01
9.99584477084787593e-01
1.00008338689794329e+00
9.99609816642471061e-01
1.00010978389208804e+00
9.99635224731591721e-01
1.00013390661657731e+00
9.99658019405392118e-01
1.00015845053401198e+00
9.99685251591943103e-01
1.00018392690433888e+00
9.99710768689594076e-01
1.00021307734419307e+00
9.99737430232559343e-01
1.00023426078972277e+00
9.99762770433930914e-01
1.00025991157256211e+00
9.99786849470780115e-01
9.99599432387568432e-01
1.00009505232009555e+00
9.99625990569831258e-01
1.00012091265490044e+00
9.99650467736981407e-01
1.00014727345713594e+00
9.99675179127462066e-01
1.00017257989123509e+00
9.99700299405552606e-01
1.00019811492764998e+00
9.99725876740836017e-01
1.00022055695142575e+00
9.99746882497911105e-01
1.00024788113291496e+00
9.99775940090294912e-01
1.00026669027078818e+00
9.99795608354580811e-01
9.99608106052980339e-01
1.00010895604739436e+00
9.99630987288894102e-01
1.00013148449877254e+00
9.99657497992412325e-01
1.00015755239040294e+00
9.99681163664253303e-01
1.00018000369776106e+00
9.99703973224824738e-01
1.00020213743669650e+00
9.99727646450774610e-01
1.00022855131638666e+00
9.99752875201031066e-01
1.00025047519435062e+00
9.99777435158043404e-01
1.00027224042181739e+00
9.99800647012814458e-01
9.99608905307880935e-01
1.00011019372569132e+00
9.99632908061506842e-01
1.00013438085147643e+00
9.99660320320993834e-01
1.00015554171078036e+00
9.99680980074525216e-01
1.00017584509531421e+00
9.99703945642661518e-01
1.00020247076728475e+00
9.99725415416264696e-01
1.00022150436542501e+00
9.99751116008273599e-01
1.00024585449381287e+00
9.99773959347850183e-01
1.00027060659720068e+00
9.99796355100932010e-01
9.99605586721018180e-01
1.00010279049282924e+00
9.99629151060746901e-01
1.00012706298972542e+00
9.99649907044904529e-01
1.00014857726690787e+00
9.99672447116187857e-01
1.00017045417008066e+00
9.99695050289884257e-01
1.00019245002350265e+00
9.99717237905131118e-01
1.00021484580100273e+00
9.99741754745573252e-01
1.00023537714106814e+00
9.99762182343715056e-01
1.00025527040478601e+00
9.99784309274172500e-01
9.99590260129917363e-01
1.00009258295864423e+00
9.99615876503926581e-01
1.00011277473365401e+00
9.99638568200933109e-01
1.00013389019151910e+00
9.99659457409937890e-01
1.00015465199720910e+00
9.99679515341338365e-01
1.00017407901163757e+00
9.99701130044076458e-01
1.00019631270147680e+00
9.99725250247463393e-01
1.00021523951196567e+00
9.99744099402851472e-01
1.00023649388129532e+00
9.99766062217278373e-01
9.99574367275377740e-01
1.00007257818326600e+00
9.99597190896678089e-01
1.00009433692493066e+00
9.99617460675841896e-01
1.00011330480016158e+00
9.99639850676806385e-01
1.00013295074082098e+00
9.99656361130860538e-01
1.00015322994545697e+00
9.99676846597805313e-01
1.00017676081532580e+00
9.99698945643735848e-01
1.00019555316423570e+00
9.99721568791369752e-01
1.00021516520412090e+00
9.99741653607784664e-01
9.99548760915357937e-01
1.00004845476857640e+00
9.99571882392030320e-01
1.00006865298002157e+00
9.99590795751101102e-01
1.00008997805668765e+00
9.99613412626946696e-01
1.00010812258452830e+00
9.99630948847725187e-01
1.00012907109130156e+00
9.99654672769792363e-01
1.00014800637233026e+00
9.99674046599084654e-01
1.00017148377742449e+00
9.99695319000383442e-01
1.00019065096763304e+00
9.99714953578938470e-01
9.99523377045412720e-01
1.00002389732373520e+00
9.99545183819970595e-01
1.00004167647709830e+00
9.99565272890795109e-01
1.00006157847915533e+00
9.99587446040401173e-01
1.00008602631404719e+00
9.99604701847880417e-01
1.00010344176948363e+00
9.99627497934502229e-01
1.00012290477843435e+00
9.99650223874862132e-01
1.00014366522358222e+00
9.99669389625178928e-01
1.00016579968773578e+00
9.99690203689076129e-01
9.99497672807650006e-01
9.99996136961591842e-01
9.99522129420640115e-01
1.00003008814841921e+00
9.99542750681763681e-01
1.00004447181451206e+00
9.99558262530259145e-01
1.00005425355671873e+00
9.99580135777753398e-01
1.00007607933948295e+00
9.99600662712627042e-01
1.00009832272198085e+00
9.99621429182232513e-01
1.00011905557904357e+00
9.99643679491348913e-01
1.00013772789083433e+00
9.99665470752763241e-01
9.99474768310017914e-01
9.99971440035684611e-01
9.99494559501676538e-01
9.99993680016494357e-01
9.99517871933196189e-01
1.00001371981231801e+00
9.99536566827104234e-01
1.00003372729855733e+00
9.99558277187265087e-01
1.00005492349417024e+00
9.99582704409350042e-01
1.00007585150962575e+00
9.99601192872419442e-01
1.00009619207685385e+00
9.99623182536805932e-01
1.00012018201902197e+00
9.99645390603078998e-01
9.99453522217916834e-01
9.99948965206048812e-01
9.99475721931804117e-01
9.99973748861858081e-01
9.99496104337714963e-01
9.99995001553166230e-01
9.99517401731655597e-01
1.00001584950253597e+00
9.99541096792450845e-01
1.00003478671536961e+00
9.99562919504236369e-01
1.00006130934155935e+00
9.99583023260550707e-01
1.00008158014820969e+00
9.99604974862705609e-01
1.00010027599471507e+00
9.99627577980085391e-01
9.99437002925408158e-01
9.99935668009653722e-01
9.99459969246544122e-01
9.99959416712314586e-01
9.99481330241096200e-01
9.99979063265937218e-01
9.99505385292284942e-01
1.00000283118966871e+00
9.99524746552319043e-01
1.00002677470089929e+00
9.99547581494861670e-01
1.00004428556089953e+00
9.99573105650414573e-01
1.00006817560680950e+00
9.99595723756781185e-01
1.00009051261202608e+00
9.99618585566420359e-01
9.99427142088122999e-01
9.99927197701498738e-01
9.99450435821044536e-01
9.99950490992143837e-01
9.99474556900976530e-01
9.99973483038447575e-01
9.99498670927783772e-01
9.99998018704082337e-01
9.99521440324531052e-01
1.00001748027768023e+00
9.99546187869729486e-01
1.00003943284863772e+00
9.99570176519496534e-01
1.00006517242021276e+00
9.99591588345939419e-01
1.00008766366530821e+00
9.99616203358378641e-01
9.99425719672075830e-01
9.99928028563605742e-01
9.99452204207256223e-01
9.99950895585321464e-01
9.99473655684445461e-01
9.99975369473883213e-01
9.99502980356950732e-01
9.99998210670094978e-01
9.99522759218867574e-01
1.00002088239995879e+00
9.99551690882267474e-01
1.00004499732195873e+00
9.99572984384297092e-01
1.00006872687103021e+00
9.99597918688696518e-01
1.00009800307482721e+00
9.99621152405806956e-01
9.99433826311610707e-01
9.99931847487508296e-01
9.99459776483217266e-01
9.99959447061078199e-01
9.99483484929663213e-01
9.99983209856159516e-01
9.99510203240550066e-01
1.00000958854096922e+00
9.99534829692414362e-01
1.00003363718894556e+00
9.99560626192711132e-01
1.00005666769159896e+00
9.99585231425064946e-01
1.00008691829988683e+00
9.99607569113351246e-01
1.00010749766954410e+00
9.99636736303624263e-01
9.99449454547717386e-01
9.99948496663273567e-01
9.99473719391753335e-01
9.99973521432573120e-01
9.99500470967669918e-01
9.99997672733742848e-01
9.99526276437750938e-01
1.00002325841971951e+00
9.99551646147324502e-01
1.00005029027595294e+00
9.99576047424137526e-01
1.00007605895406559e+00
9.99602134225472838e-01
1.00010033369068752e+00
9.99630117519514916e-01
1.00012691273331411e+00
9.99655309217203580e-01
9.99469362786146176e-01
9.99969779330112996e-01
9.99493533482012086e-01
9.99995245189106541e-01
9.99521270580258969e-01
1.00002143291791823e+00
9.99550474214177420e-01
1.00004627888673614e+00
9.99574743267139021e-01
1.00007229896890038e+00
9.99599020723155651e-01
1.00009903401262856e+00
9.99627423925914083e-01
1.00012400616757091e+00
9.99653719182194367e-01
1.00015240648059756e+00
9.99679223695007391e-01
9.99493026679012186e-01
9.99990927092663795e-01
9.99518956924630886e-01
1.00002073216862231e+00
9.99546903567021028e-01
1.00004546414257756e+00
9.99574517879436075e-01
1.00007155932538816e+00
9.99599111359040227e-01
1.00009853853750097e+00
9.99627603917419338e-01
1.00012512987214786e+00
9.99656541564717394e-01
1.00015273300015695e+00
9.99677833355915091e-01
1.00017956954501885e+00
9.99704824757010724e-01
9.99519871759097400e-01
1.00001939055658484e+00
