mode,nb_digits,e,t,custom_type,custom_count,double_count,runtime,status,setting_json,error
sig,1,11,1,"flx::floatx<11, 1>",18,13,69.633355,ok,"{""double"": [""0"", ""1"", ""10"", ""11"", ""2"", ""24"", ""25"", ""26"", ""27"", ""28"", ""29"", ""30"", ""9""], ""flx::floatx<11, 1>"": [""12"", ""13"", ""14"", ""15"", ""16"", ""17"", ""18"", ""19"", ""20"", ""21"", ""22"", ""23"", ""3"", ""4"", ""5"", ""6"", ""7"", ""8""]}",
sig,1,11,2,"flx::floatx<11, 2>",31,0,13.384154,ok,"{""flx::floatx<11, 2>"": [""0"", ""1"", ""10"", ""11"", ""12"", ""13"", ""14"", ""15"", ""16"", ""17"", ""18"", ""19"", ""2"", ""20"", ""21"", ""22"", ""23"", ""24"", ""25"", ""26"", ""27"", ""28"", ""29"", ""3"", ""30"", ""4"", ""5"", ""6"", ""7"", ""8"", ""9""]}",
sig,1,11,3,"flx::floatx<11, 3>",31,0,13.336157,ok,"{""flx::floatx<11, 3>"": [""0"", ""1"", ""10"", ""11"", ""12"", ""13"", ""14"", ""15"", ""16"", ""17"", ""18"", ""19"", ""2"", ""20"", ""21"", ""22"", ""23"", ""24"", ""25"", ""26"", ""27"", ""28"", ""29"", ""3"", ""30"", ""4"", ""5"", ""6"", ""7"", ""8"", ""9""]}",
sig,1,11,4,"flx::floatx<11, 4>",31,0,13.377858,ok,"{""flx::floatx<11, 4>"": [""0"", ""1"", ""10"", ""11"", ""12"", ""13"", ""14"", ""15"", ""16"", ""17"", ""18"", ""19"", ""2"", ""20"", ""21"", ""22"", ""23"", ""24"", ""25"", ""26"", ""27"", ""28"", ""29"", ""3"", ""30"", ""4"", ""5"", ""6"", ""7"", ""8"", ""9""]}",
sig,1,11,5,"flx::floatx<11, 5>",31,0,13.356813,ok,"{""flx::floatx<11, 5>"": [""0"", ""1"", ""10"", ""11"", ""12"", ""13"", ""14"", ""15"", ""16"", ""17"", ""18"", ""19"", ""2"", ""20"", ""21"", ""22"", ""23"", ""24"", ""25"", ""26"", ""27"", ""28"", ""29"", ""3"", ""30"", ""4"", ""5"", ""6"", ""7"", ""8"", ""9""]}",
sig,1,11,6,"flx::floatx<11, 6>",31,0,13.366685,ok,"{""flx::floatx<11, 6>"": [""0"", ""1"", ""10"", ""11"", ""12"", ""13"", ""14"", ""15"", ""16"", ""17"", ""18"", ""19"", ""2"", ""20"", ""21"", ""22"", ""23"", ""24"", ""25"", ""26"", ""27"", ""28"", ""29"", ""3"", ""30"", ""4"", ""5"", ""6"", ""7"", ""8"", ""9""]}",
sig,1,11,7,"flx::floatx<11, 7>",31,0,13.289942,ok,"{""flx::floatx<11, 7>"": [""0"", ""1"", ""10"", ""11"", ""12"", ""13"", ""14"", ""15"", ""16"", ""17"", ""18"", ""19"", ""2"", ""20"", ""21"", ""22"", ""23"", ""24"", ""25"", ""26"", ""27"", ""28"", ""29"", ""3"", ""30"", ""4"", ""5"", ""6"", ""7"", ""8"", ""9""]}",
sig,1,11,8,"flx::floatx<11, 8>",31,0,13.335147,ok,"{""flx::floatx<11, 8>"": [""0"", ""1"", ""10"", ""11"", ""12"", ""13"", ""14"", ""15"", ""16"", ""17"", ""18"", ""19"", ""2"", ""20"", ""21"", ""22"", ""23"", ""24"", ""25"", ""26"", ""27"", ""28"", ""29"", ""3"", ""30"", ""4"", ""5"", ""6"", ""7"", ""8"", ""9""]}",
sig,1,11,9,"flx::floatx<11, 9>",31,0,13.317727,ok,"{""flx::floatx<11, 9>"": [""0"", ""1"", ""10"", ""11"", ""12"", ""13"", ""14"", ""15"", ""16"", ""17"", ""18"", ""19"", ""2"", ""20"", ""21"", ""22"", ""23"", ""24"", ""25"", ""26"", ""27"", ""28"", ""29"", ""3"", ""30"", ""4"", ""5"", ""6"", ""7"", ""8"", ""9""]}",
sig,1,11,10,"flx::floatx<11, 10>",31,0,13.304043,ok,"{""flx::floatx<11, 10>"": [""0"", ""1"", ""10"", ""11"", ""12"", ""13"", ""14"", ""15"", ""16"", ""17"", ""18"", ""19"", ""2"", ""20"", ""21"", ""22"", ""23"", ""24"", ""25"", ""26"", ""27"", ""28"", ""29"", ""3"", ""30"", ""4"", ""5"", ""6"", ""7"", ""8"", ""9""]}",
sig,1,11,11,"flx::floatx<11, 11>",31,0,13.305547,ok,"{""flx::floatx<11, 11>"": [""0"", ""1"", ""10"", ""11"", ""12"", ""13"", ""14"", ""15"", ""16"", ""17"", ""18"", ""19"", ""2"", ""20"", ""21"", ""22"", ""23"", ""24"", ""25"", ""26"", ""27"", ""28"", ""29"", ""3"", ""30"", ""4"", ""5"", ""6"", ""7"", ""8"", ""9""]}",
sig,1,11,12,"flx::floatx<11, 12>",31,0,13.346447,ok,"{""flx::floatx<11, 12>"": [""0"", ""1"", ""10"", ""11"", ""12"", ""13"", ""14"", ""15"", ""16"", ""17"", ""18"", ""19"", ""2"", ""20"", ""21"", ""22"", ""23"", ""24"", ""25"", ""26"", ""27"", ""28"", ""29"", ""3"", ""30"", ""4"", ""5"", ""6"", ""7"", ""8"", ""9""]}",
sig,1,11,13,"flx::floatx<11, 13>",31,0,13.336779,ok,"{""flx::floatx<11, 13>"": [""0"", ""1"", ""10"", ""11"", ""12"", ""13"", ""14"", ""15"", ""16"", ""17"", ""18"", ""19"", ""2"", ""20"", ""21"", ""22"", ""23"", ""24"", ""25"", ""26"", ""27"", ""28"", ""29"", ""3"", ""30"", ""4"", ""5"", ""6"", ""7"", ""8"", ""9""]}",
sig,1,11,14,"flx::floatx<11, 14>",31,0,13.344534,ok,"{""flx::floatx<11, 14>"": [""0"", ""1"", ""10"", ""11"", ""12"", ""13"", ""14"", ""15"", ""16"", ""17"", ""18"", ""19"", ""2"", ""20"", ""21"", ""22"", ""23"", ""24"", ""25"", ""26"", ""27"", ""28"", ""29"", ""3"", ""30"", ""4"", ""5"", ""6"", ""7"", ""8"", ""9""]}",
sig,1,11,15,"flx::floatx<11, 15>",31,0,13.278998,ok,"{""flx::floatx<11, 15>"": [""0"", ""1"", ""10"", ""11"", ""12"", ""13"", ""14"", ""15"", ""16"", ""17"", ""18"", ""19"", ""2"", ""20"", ""21"", ""22"", ""23"", ""24"", ""25"", ""26"", ""27"", ""28"", ""29"", ""3"", ""30"", ""4"", ""5"", ""6"", ""7"", ""8"", ""9""]}",
sig,1,11,16,"flx::floatx<11, 16>",31,0,13.300664,ok,"{""flx::floatx<11, 16>"": [""0"", ""1"", ""10"", ""11"", ""12"", ""13"", ""14"", ""15"", ""16"", ""17"", ""18"", ""19"", ""2"", ""20"", ""21"", ""22"", ""23"", ""24"", ""25"", ""26"", ""27"", ""28"", ""29"", ""3"", ""30"", ""4"", ""5"", ""6"", ""7"", ""8"", ""9""]}",
sig,1,11,17,"flx::floatx<11, 17>",31,0,13.357538,ok,"{""flx::floatx<11, 17>"": [""0"", ""1"", ""10"", ""11"", ""12"", ""13"", ""14"", ""15"", ""16"", ""17"", ""18"", ""19"", ""2"", ""20"", ""21"", ""22"", ""23"", ""24"", ""25"", ""26"", ""27"", ""28"", ""29"", ""3"", ""30"", ""4"", ""5"", ""6"", ""7"", ""8"", ""9""]}",
sig,1,11,18,"flx::floatx<11, 18>",31,0,13.366052,ok,"{""flx::floatx<11, 18>"": [""0"", ""1"", ""10"", ""11"", ""12"", ""13"", ""14"", ""15"", ""16"", ""17"", ""18"", ""19"", ""2"", ""20"", ""21"", ""22"", ""23"", ""24"", ""25"", ""26"", ""27"", ""28"", ""29"", ""3"", ""30"", ""4"", ""5"", ""6"", ""7"", ""8"", ""9""]}",
sig,1,11,19,"flx::floatx<11, 19>",31,0,13.319509,ok,"{""flx::floatx<11, 19>"": [""0"", ""1"", ""10"", ""11"", ""12"", ""13"", ""14"", ""15"", ""16"", ""17"", ""18"", ""19"", ""2"", ""20"", ""21"", ""22"", ""23"", ""24"", ""25"", ""26"", ""27"", ""28"", ""29"", ""3"", ""30"", ""4"", ""5"", ""6"", ""7"", ""8"", ""9""]}",
sig,1,11,20,"flx::floatx<11, 20>",31,0,13.298668,ok,"{""flx::floatx<11, 20>"": [""0"", ""1"", ""10"", ""11"", ""12"", ""13"", ""14"", ""15"", ""16"", ""17"", ""18"", ""19"", ""2"", ""20"", ""21"", ""22"", ""23"", ""24"", ""25"", ""26"", ""27"", ""28"", ""29"", ""3"", ""30"", ""4"", ""5"", ""6"", ""7"", ""8"", ""9""]}",
sig,1,11,21,"flx::floatx<11, 21>",31,0,13.341747,ok,"{""flx::floatx<11, 21>"": [""0"", ""1"", ""10"", ""11"", ""12"", ""13"", ""14"", ""15"", ""16"", ""17"", ""18"", ""19"", ""2"", ""20"", ""21"", ""22"", ""23"", ""24"", ""25"", ""26"", ""27"", ""28"", ""29"", ""3"", ""30"", ""4"", ""5"", ""6"", ""7"", ""8"", ""9""]}",
sig,1,11,22,"flx::floatx<11, 22>",31,0,13.307167,ok,"{""flx::floatx<11, 22>"": [""0"", ""1"", ""10"", ""11"", ""12"", ""13"", ""14"", ""15"", ""16"", ""17"", ""18"", ""19"", ""2"", ""20"", ""21"", ""22"", ""23"", ""24"", ""25"", ""26"", ""27"", ""28"", ""29"", ""3"", ""30"", ""4"", ""5"", ""6"", ""7"", ""8"", ""9""]}",
sig,1,11,23,"flx::floatx<11, 23>",31,0,13.349917,ok,"{""flx::floatx<11, 23>"": [""0"", ""1"", ""10"", ""11"", ""12"", ""13"", ""14"", ""15"", ""16"", ""17"", ""18"", ""19"", ""2"", ""20"", ""21"", ""22"", ""23"", ""24"", ""25"", ""26"", ""27"", ""28"", ""29"", ""3"", ""30"", ""4"", ""5"", ""6"", ""7"", ""8"", ""9""]}",
sig,1,11,24,"flx::floatx<11, 24>",31,0,13.319750,ok,"{""flx::floatx<11, 24>"": [""0"", ""1"", ""10"", ""11"", ""12"", ""13"", ""14"", ""15"", ""16"", ""17"", ""18"", ""19"", ""2"", ""20"", ""21"", ""22"", ""23"", ""24"", ""25"", ""26"", ""27"", ""28"", ""29"", ""3"", ""30"", ""4"", ""5"", ""6"", ""7"", ""8"", ""9""]}",
sig,1,11,25,"flx::floatx<11, 25>",31,0,13.325591,ok,"{""flx::floatx<11, 25>"": [""0"", ""1"", ""10"", ""11"", ""12"", ""13"", ""14"", ""15"", ""16"", ""17"", ""18"", ""19"", ""2"", ""20"", ""21"", ""22"", ""23"", ""24"", ""25"", ""26"", ""27"", ""28"", ""29"", ""3"", ""30"", ""4"", ""5"", ""6"", ""7"", ""8"", ""9""]}",
sig,1,11,26,"flx::floatx<11, 26>",31,0,13.312656,ok,"{""flx::floatx<11, 26>"": [""0"", ""1"", ""10"", ""11"", ""12"", ""13"", ""14"", ""15"", ""16"", ""17"", ""18"", ""19"", ""2"", ""20"", ""21"", ""22"", ""23"", ""24"", ""25"", ""26"", ""27"", ""28"", ""29"", ""3"", ""30"", ""4"", ""5"", ""6"", ""7"", ""8"", ""9""]}",
sig,1,11,27,"flx::floatx<11, 27>",31,0,13.310567,ok,"{""flx::floatx<11, 27>"": [""0"", ""1"", ""10"", ""11"", ""12"", ""13"", ""14"", ""15"", ""16"", ""17"", ""18"", ""19"", ""2"", ""20"", ""21"", ""22"", ""23"", ""24"", ""25"", ""26"", ""27"", ""28"", ""29"", ""3"", ""30"", ""4"", ""5"", ""6"", ""7"", ""8"", ""9""]}",
sig,1,11,28,"flx::floatx<11, 28>",31,0,13.351611,ok,"{""flx::floatx<11, 28>"": [""0"", ""1"", ""10"", ""11"", ""12"", ""13"", ""14"", ""15"", ""16"", ""17"", ""18"", ""19"", ""2"", ""20"", ""21"", ""22"", ""23"", ""24"", ""25"", ""26"", ""27"", ""28"", ""29"", ""3"", ""30"", ""4"", ""5"", ""6"", ""7"", ""8"", ""9""]}",
sig,1,11,29,"flx::floatx<11, 29>",31,0,13.306077,ok,"{""flx::floatx<11, 29>"": [""0"", ""1"", ""10"", ""11"", ""12"", ""13"", ""14"", ""15"", ""16"", ""17"", ""18"", ""19"", ""2"", ""20"", ""21"", ""22"", ""23"", ""24"", ""25"", ""26"", ""27"", ""28"", ""29"", ""3"", ""30"", ""4"", ""5"", ""6"", ""7"", ""8"", ""9""]}",
sig,1,11,30,"flx::floatx<11, 30>",31,0,13.290423,ok,"{""flx::floatx<11, 30>"": [""0"", ""1"", ""10"", ""11"", ""12"", ""13"", ""14"", ""15"", ""16"", ""17"", ""18"", ""19"", ""2"", ""20"", ""21"", ""22"", ""23"", ""24"", ""25"", ""26"", ""27"", ""28"", ""29"", ""3"", ""30"", ""4"", ""5"", ""6"", ""7"", ""8"", ""9""]}",
sig,1,11,31,"flx::floatx<11, 31>",31,0,13.328469,ok,"{""flx::floatx<11, 31>"": [""0"", ""1"", ""10"", ""11"", ""12"", ""13"", ""14"", ""15"", ""16"", ""17"", ""18"", ""19"", ""2"", ""20"", ""21"", ""22"", ""23"", ""24"", ""25"", ""26"", ""27"", ""28"", ""29"", ""3"", ""30"", ""4"", ""5"", ""6"", ""7"", ""8"", ""9""]}",
sig,1,11,32,"flx::floatx<11, 32>",31,0,13.317828,ok,"{""flx::floatx<11, 32>"": [""0"", ""1"", ""10"", ""11"", ""12"", ""13"", ""14"", ""15"", ""16"", ""17"", ""18"", ""19"", ""2"", ""20"", ""21"", ""22"", ""23"", ""24"", ""25"", ""26"", ""27"", ""28"", ""29"", ""3"", ""30"", ""4"", ""5"", ""6"", ""7"", ""8"", ""9""]}",
sig,1,11,33,"flx::floatx<11, 33>",31,0,13.411330,ok,"{""flx::floatx<11, 33>"": [""0"", ""1"", ""10"", ""11"", ""12"", ""13"", ""14"", ""15"", ""16"", ""17"", ""18"", ""19"", ""2"", ""20"", ""21"", ""22"", ""23"", ""24"", ""25"", ""26"", ""27"", ""28"", ""29"", ""3"", ""30"", ""4"", ""5"", ""6"", ""7"", ""8"", ""9""]}",
sig,1,11,34,"flx::floatx<11, 34>",31,0,13.352156,ok,"{""flx::floatx<11, 34>"": [""0"", ""1"", ""10"", ""11"", ""12"", ""13"", ""14"", ""15"", ""16"", ""17"", ""18"", ""19"", ""2"", ""20"", ""21"", ""22"", ""23"", ""24"", ""25"", ""26"", ""27"", ""28"", ""29"", ""3"", ""30"", ""4"", ""5"", ""6"", ""7"", ""8"", ""9""]}",
sig,1,11,35,"flx::floatx<11, 35>",31,0,13.322949,ok,"{""flx::floatx<11, 35>"": [""0"", ""1"", ""10"", ""11"", ""12"", ""13"", ""14"", ""15"", ""16"", ""17"", ""18"", ""19"", ""2"", ""20"", ""21"", ""22"", ""23"", ""24"", ""25"", ""26"", ""27"", ""28"", ""29"", ""3"", ""30"", ""4"", ""5"", ""6"", ""7"", ""8"", ""9""]}",
sig,1,11,36,"flx::floatx<11, 36>",31,0,13.293080,ok,"{""flx::floatx<11, 36>"": [""0"", ""1"", ""10"", ""11"", ""12"", ""13"", ""14"", ""15"", ""16"", ""17"", ""18"", ""19"", ""2"", ""20"", ""21"", ""22"", ""23"", ""24"", ""25"", ""26"", ""27"", ""28"", ""29"", ""3"", ""30"", ""4"", ""5"", ""6"", ""7"", ""8"", ""9""]}",
sig,1,11,37,"flx::floatx<11, 37>",31,0,13.355612,ok,"{""flx::floatx<11, 37>"": [""0"", ""1"", ""10"", ""11"", ""12"", ""13"", ""14"", ""15"", ""16"", ""17"", ""18"", ""19"", ""2"", ""20"", ""21"", ""22"", ""23"", ""24"", ""25"", ""26"", ""27"", ""28"", ""29"", ""3"", ""30"", ""4"", ""5"", ""6"", ""7"", ""8"", ""9""]}",
sig,1,11,38,"flx::floatx<11, 38>",31,0,13.305062,ok,"{""flx::floatx<11, 38>"": [""0"", ""1"", ""10"", ""11"", ""12"", ""13"", ""14"", ""15"", ""16"", ""17"", ""18"", ""19"", ""2"", ""20"", ""21"", ""22"", ""23"", ""24"", ""25"", ""26"", ""27"", ""28"", ""29"", ""3"", ""30"", ""4"", ""5"", ""6"", ""7"", ""8"", ""9""]}",
sig,1,11,39,"flx::floatx<11, 39>",31,0,13.327782,ok,"{""flx::floatx<11, 39>"": [""0"", ""1"", ""10"", ""11"", ""12"", ""13"", ""14"", ""15"", ""16"", ""17"", ""18"", ""19"", ""2"", ""20"", ""21"", ""22"", ""23"", ""24"", ""25"", ""26"", ""27"", ""28"", ""29"", ""3"", ""30"", ""4"", ""5"", ""6"", ""7"", ""8"", ""9""]}",
sig,1,11,40,"flx::floatx<11, 40>",31,0,13.363323,ok,"{""flx::floatx<11, 40>"": [""0"", ""1"", ""10"", ""11"", ""12"", ""13"", ""14"", ""15"", ""16"", ""17"", ""18"", ""19"", ""2"", ""20"", ""21"", ""22"", ""23"", ""24"", ""25"", ""26"", ""27"", ""28"", ""29"", ""3"", ""30"", ""4"", ""5"", ""6"", ""7"", ""8"", ""9""]}",
sig,1,11,41,"flx::floatx<11, 41>",31,0,13.373927,ok,"{""flx::floatx<11, 41>"": [""0"", ""1"", ""10"", ""11"", ""12"", ""13"", ""14"", ""15"", ""16"", ""17"", ""18"", ""19"", ""2"", ""20"", ""21"", ""22"", ""23"", ""24"", ""25"", ""26"", ""27"", ""28"", ""29"", ""3"", ""30"", ""4"", ""5"", ""6"", ""7"", ""8"", ""9""]}",
sig,1,11,42,"flx::floatx<11, 42>",31,0,13.339468,ok,"{""flx::floatx<11, 42>"": [""0"", ""1"", ""10"", ""11"", ""12"", ""13"", ""14"", ""15"", ""16"", ""17"", ""18"", ""19"", ""2"", ""20"", ""21"", ""22"", ""23"", ""24"", ""25"", ""26"", ""27"", ""28"", ""29"", ""3"", ""30"", ""4"", ""5"", ""6"", ""7"", ""8"", ""9""]}",
sig,1,11,43,"flx::floatx<11, 43>",31,0,13.347278,ok,"{""flx::floatx<11, 43>"": [""0"", ""1"", ""10"", ""11"", ""12"", ""13"", ""14"", ""15"", ""16"", ""17"", ""18"", ""19"", ""2"", ""20"", ""21"", ""22"", ""23"", ""24"", ""25"", ""26"", ""27"", ""28"", ""29"", ""3"", ""30"", ""4"", ""5"", ""6"", ""7"", ""8"", ""9""]}",
sig,1,11,44,"flx::floatx<11, 44>",31,0,13.333946,ok,"{""flx::floatx<11, 44>"": [""0"", ""1"", ""10"", ""11"", ""12"", ""13"", ""14"", ""15"", ""16"", ""17"", ""18"", ""19"", ""2"", ""20"", ""21"", ""22"", ""23"", ""24"", ""25"", ""26"", ""27"", ""28"", ""29"", ""3"", ""30"", ""4"", ""5"", ""6"", ""7"", ""8"", ""9""]}",
sig,1,11,45,"flx::floatx<11, 45>",31,0,13.397111,ok,"{""flx::floatx<11, 45>"": [""0"", ""1"", ""10"", ""11"", ""12"", ""13"", ""14"", ""15"", ""16"", ""17"", ""18"", ""19"", ""2"", ""20"", ""21"", ""22"", ""23"", ""24"", ""25"", ""26"", ""27"", ""28"", ""29"", ""3"", ""30"", ""4"", ""5"", ""6"", ""7"", ""8"", ""9""]}",
sig,1,11,46,"flx::floatx<11, 46>",31,0,13.324135,ok,"{""flx::floatx<11, 46>"": [""0"", ""1"", ""10"", ""11"", ""12"", ""13"", ""14"", ""15"", ""16"", ""17"", ""18"", ""19"", ""2"", ""20"", ""21"", ""22"", ""23"", ""24"", ""25"", ""26"", ""27"", ""28"", ""29"", ""3"", ""30"", ""4"", ""5"", ""6"", ""7"", ""8"", ""9""]}",
sig,1,11,47,"flx::floatx<11, 47>",31,0,13.305441,ok,"{""flx::floatx<11, 47>"": [""0"", ""1"", ""10"", ""11"", ""12"", ""13"", ""14"", ""15"", ""16"", ""17"", ""18"", ""19"", ""2"", ""20"", ""21"", ""22"", ""23"", ""24"", ""25"", ""26"", ""27"", ""28"", ""29"", ""3"", ""30"", ""4"", ""5"", ""6"", ""7"", ""8"", ""9""]}",
sig,1,11,48,"flx::floatx<11, 48>",31,0,13.329629,ok,"{""flx::floatx<11, 48>"": [""0"", ""1"", ""10"", ""11"", ""12"", ""13"", ""14"", ""15"", ""16"", ""17"", ""18"", ""19"", ""2"", ""20"", ""21"", ""22"", ""23"", ""24"", ""25"", ""26"", ""27"", ""28"", ""29"", ""3"", ""30"", ""4"", ""5"", ""6"", ""7"", ""8"", ""9""]}",
sig,1,11,49,"flx::floatx<11, 49>",31,0,13.359411,ok,"{""flx::floatx<11, 49>"": [""0"", ""1"", ""10"", ""11"", ""12"", ""13"", ""14"", ""15"", ""16"", ""17"", ""18"", ""19"", ""2"", ""20"", ""21"", ""22"", ""23"", ""24"", ""25"", ""26"", ""27"", ""28"", ""29"", ""3"", ""30"", ""4"", ""5"", ""6"", ""7"", ""8"", ""9""]}",
sig,1,11,50,"flx::floatx<11, 50>",31,0,13.329221,ok,"{""flx::floatx<11, 50>"": [""0"", ""1"", ""10"", ""11"", ""12"", ""13"", ""14"", ""15"", ""16"", ""17"", ""18"", ""19"", ""2"", ""20"", ""21"", ""22"", ""23"", ""24"", ""25"", ""26"", ""27"", ""28"", ""29"", ""3"", ""30"", ""4"", ""5"", ""6"", ""7"", ""8"", ""9""]}",
sig,1,11,51,"flx::floatx<11, 51>",31,0,13.294496,ok,"{""flx::floatx<11, 51>"": [""0"", ""1"", ""10"", ""11"", ""12"", ""13"", ""14"", ""15"", ""16"", ""17"", ""18"", ""19"", ""2"", ""20"", ""21"", ""22"", ""23"", ""24"", ""25"", ""26"", ""27"", ""28"", ""29"", ""3"", ""30"", ""4"", ""5"", ""6"", ""7"", ""8"", ""9""]}",
sig,1,11,52,"flx::floatx<11, 52>",31,0,13.230338,ok,"{""flx::floatx<11, 52>"": [""0"", ""1"", ""10"", ""11"", ""12"", ""13"", ""14"", ""15"", ""16"", ""17"", ""18"", ""19"", ""2"", ""20"", ""21"", ""22"", ""23"", ""24"", ""25"", ""26"", ""27"", ""28"", ""29"", ""3"", ""30"", ""4"", ""5"", ""6"", ""7"", ""8"", ""9""]}",
exp,1,1,52,"flx::floatx<1, 52>",18,13,68.985448,ok,"{""double"": [""0"", ""1"", ""10"", ""11"", ""2"", ""24"", ""25"", ""26"", ""27"", ""28"", ""29"", ""30"", ""9""], ""flx::floatx<1, 52>"": [""12"", ""13"", ""14"", ""15"", ""16"", ""17"", ""18"", ""19"", ""20"", ""21"", ""22"", ""23"", ""3"", ""4"", ""5"", ""6"", ""7"", ""8""]}",
exp,1,2,52,"flx::floatx<2, 52>",18,13,68.942006,ok,"{""double"": [""0"", ""1"", ""10"", ""11"", ""2"", ""24"", ""25"", ""26"", ""27"", ""28"", ""29"", ""30"", ""9""], ""flx::floatx<2, 52>"": [""12"", ""13"", ""14"", ""15"", ""16"", ""17"", ""18"", ""19"", ""20"", ""21"", ""22"", ""23"", ""3"", ""4"", ""5"", ""6"", ""7"", ""8""]}",
exp,1,3,52,"flx::floatx<3, 52>",18,13,68.843464,ok,"{""double"": [""0"", ""1"", ""10"", ""11"", ""2"", ""24"", ""25"", ""26"", ""27"", ""28"", ""29"", ""30"", ""9""], ""flx::floatx<3, 52>"": [""12"", ""13"", ""14"", ""15"", ""16"", ""17"", ""18"", ""19"", ""20"", ""21"", ""22"", ""23"", ""3"", ""4"", ""5"", ""6"", ""7"", ""8""]}",
exp,1,4,52,"flx::floatx<4, 52>",18,13,69.125489,ok,"{""double"": [""0"", ""1"", ""10"", ""11"", ""2"", ""24"", ""25"", ""26"", ""27"", ""28"", ""29"", ""30"", ""9""], ""flx::floatx<4, 52>"": [""12"", ""13"", ""14"", ""15"", ""16"", ""17"", ""18"", ""19"", ""20"", ""21"", ""22"", ""23"", ""3"", ""4"", ""5"", ""6"", ""7"", ""8""]}",
exp,1,5,52,"flx::floatx<5, 52>",31,0,13.334804,ok,"{""flx::floatx<5, 52>"": [""0"", ""1"", ""10"", ""11"", ""12"", ""13"", ""14"", ""15"", ""16"", ""17"", ""18"", ""19"", ""2"", ""20"", ""21"", ""22"", ""23"", ""24"", ""25"", ""26"", ""27"", ""28"", ""29"", ""3"", ""30"", ""4"", ""5"", ""6"", ""7"", ""8"", ""9""]}",
exp,1,6,52,"flx::floatx<6, 52>",31,0,13.302550,ok,"{""flx::floatx<6, 52>"": [""0"", ""1"", ""10"", ""11"", ""12"", ""13"", ""14"", ""15"", ""16"", ""17"", ""18"", ""19"", ""2"", ""20"", ""21"", ""22"", ""23"", ""24"", ""25"", ""26"", ""27"", ""28"", ""29"", ""3"", ""30"", ""4"", ""5"", ""6"", ""7"", ""8"", ""9""]}",
exp,1,7,52,"flx::floatx<7, 52>",31,0,13.438806,ok,"{""flx::floatx<7, 52>"": [""0"", ""1"", ""10"", ""11"", ""12"", ""13"", ""14"", ""15"", ""16"", ""17"", ""18"", ""19"", ""2"", ""20"", ""21"", ""22"", ""23"", ""24"", ""25"", ""26"", ""27"", ""28"", ""29"", ""3"", ""30"", ""4"", ""5"", ""6"", ""7"", ""8"", ""9""]}",
exp,1,8,52,"flx::floatx<8, 52>",31,0,13.364481,ok,"{""flx::floatx<8, 52>"": [""0"", ""1"", ""10"", ""11"", ""12"", ""13"", ""14"", ""15"", ""16"", ""17"", ""18"", ""19"", ""2"", ""20"", ""21"", ""22"", ""23"", ""24"", ""25"", ""26"", ""27"", ""28"", ""29"", ""3"", ""30"", ""4"", ""5"", ""6"", ""7"", ""8"", ""9""]}",
exp,1,9,52,"flx::floatx<9, 52>",31,0,13.301698,ok,"{""flx::floatx<9, 52>"": [""0"", ""1"", ""10"", ""11"", ""12"", ""13"", ""14"", ""15"", ""16"", ""17"", ""18"", ""19"", ""2"", ""20"", ""21"", ""22"", ""23"", ""24"", ""25"", ""26"", ""27"", ""28"", ""29"", ""3"", ""30"", ""4"", ""5"", ""6"", ""7"", ""8"", ""9""]}",
exp,1,10,52,"flx::floatx<10, 52>",31,0,13.300816,ok,"{""flx::floatx<10, 52>"": [""0"", ""1"", ""10"", ""11"", ""12"", ""13"", ""14"", ""15"", ""16"", ""17"", ""18"", ""19"", ""2"", ""20"", ""21"", ""22"", ""23"", ""24"", ""25"", ""26"", ""27"", ""28"", ""29"", ""3"", ""30"", ""4"", ""5"", ""6"", ""7"", ""8"", ""9""]}",
exp,1,11,52,"flx::floatx<11, 52>",31,0,13.253285,ok,"{""flx::floatx<11, 52>"": [""0"", ""1"", ""10"", ""11"", ""12"", ""13"", ""14"", ""15"", ""16"", ""17"", ""18"", ""19"", ""2"", ""20"", ""21"", ""22"", ""23"", ""24"", ""25"", ""26"", ""27"", ""28"", ""29"", ""3"", ""30"", ""4"", ""5"", ""6"", ""7"", ""8"", ""9""]}",
sig,2,11,1,"flx::floatx<11, 1>",18,13,69.150031,ok,"{""double"": [""0"", ""1"", ""10"", ""11"", ""2"", ""24"", ""25"", ""26"", ""27"", ""28"", ""29"", ""30"", ""9""], ""flx::floatx<11, 1>"": [""12"", ""13"", ""14"", ""15"", ""16"", ""17"", ""18"", ""19"", ""20"", ""21"", ""22"", ""23"", ""3"", ""4"", ""5"", ""6"", ""7"", ""8""]}",
sig,2,11,2,"flx::floatx<11, 2>",18,13,69.077442,ok,"{""double"": [""0"", ""1"", ""10"", ""11"", ""2"", ""24"", ""25"", ""26"", ""27"", ""28"", ""29"", ""30"", ""9""], ""flx::floatx<11, 2>"": [""12"", ""13"", ""14"", ""15"", ""16"", ""17"", ""18"", ""19"", ""20"", ""21"", ""22"", ""23"", ""3"", ""4"", ""5"", ""6"", ""7"", ""8""]}",
sig,2,11,3,"flx::floatx<11, 3>",18,13,69.119754,ok,"{""double"": [""0"", ""1"", ""10"", ""11"", ""2"", ""24"", ""25"", ""26"", ""27"", ""28"", ""29"", ""30"", ""9""], ""flx::floatx<11, 3>"": [""12"", ""13"", ""14"", ""15"", ""16"", ""17"", ""18"", ""19"", ""20"", ""21"", ""22"", ""23"", ""3"", ""4"", ""5"", ""6"", ""7"", ""8""]}",
sig,2,11,4,"flx::floatx<11, 4>",18,13,69.189418,ok,"{""double"": [""0"", ""1"", ""10"", ""11"", ""2"", ""24"", ""25"", ""26"", ""27"", ""28"", ""29"", ""30"", ""9""], ""flx::floatx<11, 4>"": [""12"", ""13"", ""14"", ""15"", ""16"", ""17"", ""18"", ""19"", ""20"", ""21"", ""22"", ""23"", ""3"", ""4"", ""5"", ""6"", ""7"", ""8""]}",
sig,2,11,5,"flx::floatx<11, 5>",18,13,69.152590,ok,"{""double"": [""0"", ""1"", ""10"", ""11"", ""2"", ""24"", ""25"", ""26"", ""27"", ""28"", ""29"", ""30"", ""9""], ""flx::floatx<11, 5>"": [""12"", ""13"", ""14"", ""15"", ""16"", ""17"", ""18"", ""19"", ""20"", ""21"", ""22"", ""23"", ""3"", ""4"", ""5"", ""6"", ""7"", ""8""]}",
sig,2,11,6,"flx::floatx<11, 6>",31,0,13.269454,ok,"{""flx::floatx<11, 6>"": [""0"", ""1"", ""10"", ""11"", ""12"", ""13"", ""14"", ""15"", ""16"", ""17"", ""18"", ""19"", ""2"", ""20"", ""21"", ""22"", ""23"", ""24"", ""25"", ""26"", ""27"", ""28"", ""29"", ""3"", ""30"", ""4"", ""5"", ""6"", ""7"", ""8"", ""9""]}",
sig,2,11,7,"flx::floatx<11, 7>",31,0,13.335754,ok,"{""flx::floatx<11, 7>"": [""0"", ""1"", ""10"", ""11"", ""12"", ""13"", ""14"", ""15"", ""16"", ""17"", ""18"", ""19"", ""2"", ""20"", ""21"", ""22"", ""23"", ""24"", ""25"", ""26"", ""27"", ""28"", ""29"", ""3"", ""30"", ""4"", ""5"", ""6"", ""7"", ""8"", ""9""]}",
sig,2,11,8,"flx::floatx<11, 8>",31,0,13.352822,ok,"{""flx::floatx<11, 8>"": [""0"", ""1"", ""10"", ""11"", ""12"", ""13"", ""14"", ""15"", ""16"", ""17"", ""18"", ""19"", ""2"", ""20"", ""21"", ""22"", ""23"", ""24"", ""25"", ""26"", ""27"", ""28"", ""29"", ""3"", ""30"", ""4"", ""5"", ""6"", ""7"", ""8"", ""9""]}",
sig,2,11,9,"flx::floatx<11, 9>",31,0,13.285322,ok,"{""flx::floatx<11, 9>"": [""0"", ""1"", ""10"", ""11"", ""12"", ""13"", ""14"", ""15"", ""16"", ""17"", ""18"", ""19"", ""2"", ""20"", ""21"", ""22"", ""23"", ""24"", ""25"", ""26"", ""27"", ""28"", ""29"", ""3"", ""30"", ""4"", ""5"", ""6"", ""7"", ""8"", ""9""]}",
sig,2,11,10,"flx::floatx<11, 10>",31,0,13.303741,ok,"{""flx::floatx<11, 10>"": [""0"", ""1"", ""10"", ""11"", ""12"", ""13"", ""14"", ""15"", ""16"", ""17"", ""18"", ""19"", ""2"", ""20"", ""21"", ""22"", ""23"", ""24"", ""25"", ""26"", ""27"", ""28"", ""29"", ""3"", ""30"", ""4"", ""5"", ""6"", ""7"", ""8"", ""9""]}",
sig,2,11,11,"flx::floatx<11, 11>",31,0,13.358398,ok,"{""flx::floatx<11, 11>"": [""0"", ""1"", ""10"", ""11"", ""12"", ""13"", ""14"", ""15"", ""16"", ""17"", ""18"", ""19"", ""2"", ""20"", ""21"", ""22"", ""23"", ""24"", ""25"", ""26"", ""27"", ""28"", ""29"", ""3"", ""30"", ""4"", ""5"", ""6"", ""7"", ""8"", ""9""]}",
sig,2,11,12,"flx::floatx<11, 12>",31,0,13.310422,ok,"{""flx::floatx<11, 12>"": [""0"", ""1"", ""10"", ""11"", ""12"", ""13"", ""14"", ""15"", ""16"", ""17"", ""18"", ""19"", ""2"", ""20"", ""21"", ""22"", ""23"", ""24"", ""25"", ""26"", ""27"", ""28"", ""29"", ""3"", ""30"", ""4"", ""5"", ""6"", ""7"", ""8"", ""9""]}",
sig,2,11,13,"flx::floatx<11, 13>",31,0,13.299712,ok,"{""flx::floatx<11, 13>"": [""0"", ""1"", ""10"", ""11"", ""12"", ""13"", ""14"", ""15"", ""16"", ""17"", ""18"", ""19"", ""2"", ""20"", ""21"", ""22"", ""23"", ""24"", ""25"", ""26"", ""27"", ""28"", ""29"", ""3"", ""30"", ""4"", ""5"", ""6"", ""7"", ""8"", ""9""]}",
sig,2,11,14,"flx::floatx<11, 14>",31,0,13.313946,ok,"{""flx::floatx<11, 14>"": [""0"", ""1"", ""10"", ""11"", ""12"", ""13"", ""14"", ""15"", ""16"", ""17"", ""18"", ""19"", ""2"", ""20"", ""21"", ""22"", ""23"", ""24"", ""25"", ""26"", ""27"", ""28"", ""29"", ""3"", ""30"", ""4"", ""5"", ""6"", ""7"", ""8"", ""9""]}",
sig,2,11,15,"flx::floatx<11, 15>",31,0,13.290092,ok,"{""flx::floatx<11, 15>"": [""0"", ""1"", ""10"", ""11"", ""12"", ""13"", ""14"", ""15"", ""16"", ""17"", ""18"", ""19"", ""2"", ""20"", ""21"", ""22"", ""23"", ""24"", ""25"", ""26"", ""27"", ""28"", ""29"", ""3"", ""30"", ""4"", ""5"", ""6"", ""7"", ""8"", ""9""]}",
sig,2,11,16,"flx::floatx<11, 16>",31,0,13.287420,ok,"{""flx::floatx<11, 16>"": [""0"", ""1"", ""10"", ""11"", ""12"", ""13"", ""14"", ""15"", ""16"", ""17"", ""18"", ""19"", ""2"", ""20"", ""21"", ""22"", ""23"", ""24"", ""25"", ""26"", ""27"", ""28"", ""29"", ""3"", ""30"", ""4"", ""5"", ""6"", ""7"", ""8"", ""9""]}",
sig,2,11,17,"flx::floatx<11, 17>",31,0,13.425660,ok,"{""flx::floatx<11, 17>"": [""0"", ""1"", ""10"", ""11"", ""12"", ""13"", ""14"", ""15"", ""16"", ""17"", ""18"", ""19"", ""2"", ""20"", ""21"", ""22"", ""23"", ""24"", ""25"", ""26"", ""27"", ""28"", ""29"", ""3"", ""30"", ""4"", ""5"", ""6"", ""7"", ""8"", ""9""]}",
sig,2,11,18,"flx::floatx<11, 18>",31,0,13.347034,ok,"{""flx::floatx<11, 18>"": [""0"", ""1"", ""10"", ""11"", ""12"", ""13"", ""14"", ""15"", ""16"", ""17"", ""18"", ""19"", ""2"", ""20"", ""21"", ""22"", ""23"", ""24"", ""25"", ""26"", ""27"", ""28"", ""29"", ""3"", ""30"", ""4"", ""5"", ""6"", ""7"", ""8"", ""9""]}",
sig,2,11,19,"flx::floatx<11, 19>",31,0,13.299545,ok,"{""flx::floatx<11, 19>"": [""0"", ""1"", ""10"", ""11"", ""12"", ""13"", ""14"", ""15"", ""16"", ""17"", ""18"", ""19"", ""2"", ""20"", ""21"", ""22"", ""23"", ""24"", ""25"", ""26"", ""27"", ""28"", ""29"", ""3"", ""30"", ""4"", ""5"", ""6"", ""7"", ""8"", ""9""]}",
sig,2,11,20,"flx::floatx<11, 20>",31,0,13.290420,ok,"{""flx::floatx<11, 20>"": [""0"", ""1"", ""10"", ""11"", ""12"", ""13"", ""14"", ""15"", ""16"", ""17"", ""18"", ""19"", ""2"", ""20"", ""21"", ""22"", ""23"", ""24"", ""25"", ""26"", ""27"", ""28"", ""29"", ""3"", ""30"", ""4"", ""5"", ""6"", ""7"", ""8"", ""9""]}",
sig,2,11,21,"flx::floatx<11, 21>",31,0,13.289267,ok,"{""flx::floatx<11, 21>"": [""0"", ""1"", ""10"", ""11"", ""12"", ""13"", ""14"", ""15"", ""16"", ""17"", ""18"", ""19"", ""2"", ""20"", ""21"", ""22"", ""23"", ""24"", ""25"", ""26"", ""27"", ""28"", ""29"", ""3"", ""30"", ""4"", ""5"", ""6"", ""7"", ""8"", ""9""]}",
sig,2,11,22,"flx::floatx<11, 22>",31,0,13.342481,ok,"{""flx::floatx<11, 22>"": [""0"", ""1"", ""10"", ""11"", ""12"", ""13"", ""14"", ""15"", ""16"", ""17"", ""18"", ""19"", ""2"", ""20"", ""21"", ""22"", ""23"", ""24"", ""25"", ""26"", ""27"", ""28"", ""29"", ""3"", ""30"", ""4"", ""5"", ""6"", ""7"", ""8"", ""9""]}",
sig,2,11,23,"flx::floatx<11, 23>",31,0,13.330091,ok,"{""flx::floatx<11, 23>"": [""0"", ""1"", ""10"", ""11"", ""12"", ""13"", ""14"", ""15"", ""16"", ""17"", ""18"", ""19"", ""2"", ""20"", ""21"", ""22"", ""23"", ""24"", ""25"", ""26"", ""27"", ""28"", ""29"", ""3"", ""30"", ""4"", ""5"", ""6"", ""7"", ""8"", ""9""]}",
sig,2,11,24,"flx::floatx<11, 24>",31,0,13.355897,ok,"{""flx::floatx<11, 24>"": [""0"", ""1"", ""10"", ""11"", ""12"", ""13"", ""14"", ""15"", ""16"", ""17"", ""18"", ""19"", ""2"", ""20"", ""21"", ""22"", ""23"", ""24"", ""25"", ""26"", ""27"", ""28"", ""29"", ""3"", ""30"", ""4"", ""5"", ""6"", ""7"", ""8"", ""9""]}",
sig,2,11,25,"flx::floatx<11, 25>",31,0,13.367453,ok,"{""flx::floatx<11, 25>"": [""0"", ""1"", ""10"", ""11"", ""12"", ""13"", ""14"", ""15"", ""16"", ""17"", ""18"", ""19"", ""2"", ""20"", ""21"", ""22"", ""23"", ""24"", ""25"", ""26"", ""27"", ""28"", ""29"", ""3"", ""30"", ""4"", ""5"", ""6"", ""7"", ""8"", ""9""]}",
sig,2,11,26,"flx::floatx<11, 26>",31,0,13.409018,ok,"{""flx::floatx<11, 26>"": [""0"", ""1"", ""10"", ""11"", ""12"", ""13"", ""14"", ""15"", ""16"", ""17"", ""18"", ""19"", ""2"", ""20"", ""21"", ""22"", ""23"", ""24"", ""25"", ""26"", ""27"", ""28"", ""29"", ""3"", ""30"", ""4"", ""5"", ""6"", ""7"", ""8"", ""9""]}",
sig,2,11,27,"flx::floatx<11, 27>",31,0,13.373510,ok,"{""flx::floatx<11, 27>"": [""0"", ""1"", ""10"", ""11"", ""12"", ""13"", ""14"", ""15"", ""16"", ""17"", ""18"", ""19"", ""2"", ""20"", ""21"", ""22"", ""23"", ""24"", ""25"", ""26"", ""27"", ""28"", ""29"", ""3"", ""30"", ""4"", ""5"", ""6"", ""7"", ""8"", ""9""]}",
sig,2,11,28,"flx::floatx<11, 28>",31,0,13.376019,ok,"{""flx::floatx<11, 28>"": [""0"", ""1"", ""10"", ""11"", ""12"", ""13"", ""14"", ""15"", ""16"", ""17"", ""18"", ""19"", ""2"", ""20"", ""21"", ""22"", ""23"", ""24"", ""25"", ""26"", ""27"", ""28"", ""29"", ""3"", ""30"", ""4"", ""5"", ""6"", ""7"", ""8"", ""9""]}",
sig,2,11,29,"flx::floatx<11, 29>",31,0,13.341327,ok,"{""flx::floatx<11, 29>"": [""0"", ""1"", ""10"", ""11"", ""12"", ""13"", ""14"", ""15"", ""16"", ""17"", ""18"", ""19"", ""2"", ""20"", ""21"", ""22"", ""23"", ""24"", ""25"", ""26"", ""27"", ""28"", ""29"", ""3"", ""30"", ""4"", ""5"", ""6"", ""7"", ""8"", ""9""]}",
sig,2,11,30,"flx::floatx<11, 30>",31,0,13.354452,ok,"{""flx::floatx<11, 30>"": [""0"", ""1"", ""10"", ""11"", ""12"", ""13"", ""14"", ""15"", ""16"", ""17"", ""18"", ""19"", ""2"", ""20"", ""21"", ""22"", ""23"", ""24"", ""25"", ""26"", ""27"", ""28"", ""29"", ""3"", ""30"", ""4"", ""5"", ""6"", ""7"", ""8"", ""9""]}",
sig,2,11,31,"flx::floatx<11, 31>",31,0,13.369035,ok,"{""flx::floatx<11, 31>"": [""0"", ""1"", ""10"", ""11"", ""12"", ""13"", ""14"", ""15"", ""16"", ""17"", ""18"", ""19"", ""2"", ""20"", ""21"", ""22"", ""23"", ""24"", ""25"", ""26"", ""27"", ""28"", ""29"", ""3"", ""30"", ""4"", ""5"", ""6"", ""7"", ""8"", ""9""]}",
sig,2,11,32,"flx::floatx<11, 32>",31,0,13.411803,ok,"{""flx::floatx<11, 32>"": [""0"", ""1"", ""10"", ""11"", ""12"", ""13"", ""14"", ""15"", ""16"", ""17"", ""18"", ""19"", ""2"", ""20"", ""21"", ""22"", ""23"", ""24"", ""25"", ""26"", ""27"", ""28"", ""29"", ""3"", ""30"", ""4"", ""5"", ""6"", ""7"", ""8"", ""9""]}",
sig,2,11,33,"flx::floatx<11, 33>",31,0,13.337063,ok,"{""flx::floatx<11, 33>"": [""0"", ""1"", ""10"", ""11"", ""12"", ""13"", ""14"", ""15"", ""16"", ""17"", ""18"", ""19"", ""2"", ""20"", ""21"", ""22"", ""23"", ""24"", ""25"", ""26"", ""27"", ""28"", ""29"", ""3"", ""30"", ""4"", ""5"", ""6"", ""7"", ""8"", ""9""]}",
sig,2,11,34,"flx::floatx<11, 34>",31,0,13.284659,ok,"{""flx::floatx<11, 34>"": [""0"", ""1"", ""10"", ""11"", ""12"", ""13"", ""14"", ""15"", ""16"", ""17"", ""18"", ""19"", ""2"", ""20"", ""21"", ""22"", ""23"", ""24"", ""25"", ""26"", ""27"", ""28"", ""29"", ""3"", ""30"", ""4"", ""5"", ""6"", ""7"", ""8"", ""9""]}",
sig,2,11,35,"flx::floatx<11, 35>",31,0,13.368464,ok,"{""flx::floatx<11, 35>"": [""0"", ""1"", ""10"", ""11"", ""12"", ""13"", ""14"", ""15"", ""16"", ""17"", ""18"", ""19"", ""2"", ""20"", ""21"", ""22"", ""23"", ""24"", ""25"", ""26"", ""27"", ""28"", ""29"", ""3"", ""30"", ""4"", ""5"", ""6"", ""7"", ""8"", ""9""]}",
sig,2,11,36,"flx::floatx<11, 36>",31,0,13.286996,ok,"{""flx::floatx<11, 36>"": [""0"", ""1"", ""10"", ""11"", ""12"", ""13"", ""14"", ""15"", ""16"", ""17"", ""18"", ""19"", ""2"", ""20"", ""21"", ""22"", ""23"", ""24"", ""25"", ""26"", ""27"", ""28"", ""29"", ""3"", ""30"", ""4"", ""5"", ""6"", ""7"", ""8"", ""9""]}",
sig,2,11,37,"flx::floatx<11, 37>",31,0,13.328313,ok,"{""flx::floatx<11, 37>"": [""0"", ""1"", ""10"", ""11"", ""12"", ""13"", ""14"", ""15"", ""16"", ""17"", ""18"", ""19"", ""2"", ""20"", ""21"", ""22"", ""23"", ""24"", ""25"", ""26"", ""27"", ""28"", ""29"", ""3"", ""30"", ""4"", ""5"", ""6"", ""7"", ""8"", ""9""]}",
sig,2,11,38,"flx::floatx<11, 38>",31,0,13.346370,ok,"{""flx::floatx<11, 38>"": [""0"", ""1"", ""10"", ""11"", ""12"", ""13"", ""14"", ""15"", ""16"", ""17"", ""18"", ""19"", ""2"", ""20"", ""21"", ""22"", ""23"", ""24"", ""25"", ""26"", ""27"", ""28"", ""29"", ""3"", ""30"", ""4"", ""5"", ""6"", ""7"", ""8"", ""9""]}",
sig,2,11,39,"flx::floatx<11, 39>",31,0,13.326543,ok,"{""flx::floatx<11, 39>"": [""0"", ""1"", ""10"", ""11"", ""12"", ""13"", ""14"", ""15"", ""16"", ""17"", ""18"", ""19"", ""2"", ""20"", ""21"", ""22"", ""23"", ""24"", ""25"", ""26"", ""27"", ""28"", ""29"", ""3"", ""30"", ""4"", ""5"", ""6"", ""7"", ""8"", ""9""]}",
sig,2,11,40,"flx::floatx<11, 40>",31,0,13.308699,ok,"{""flx::floatx<11, 40>"": [""0"", ""1"", ""10"", ""11"", ""12"", ""13"", ""14"", ""15"", ""16"", ""17"", ""18"", ""19"", ""2"", ""20"", ""21"", ""22"", ""23"", ""24"", ""25"", ""26"", ""27"", ""28"", ""29"", ""3"", ""30"", ""4"", ""5"", ""6"", ""7"", ""8"", ""9""]}",
sig,2,11,41,"flx::floatx<11, 41>",31,0,13.346947,ok,"{""flx::floatx<11, 41>"": [""0"", ""1"", ""10"", ""11"", ""12"", ""13"", ""14"", ""15"", ""16"", ""17"", ""18"", ""19"", ""2"", ""20"", ""21"", ""22"", ""23"", ""24"", ""25"", ""26"", ""27"", ""28"", ""29"", ""3"", ""30"", ""4"", ""5"", ""6"", ""7"", ""8"", ""9""]}",
sig,2,11,42,"flx::floatx<11, 42>",31,0,13.315495,ok,"{""flx::floatx<11, 42>"": [""0"", ""1"", ""10"", ""11"", ""12"", ""13"", ""14"", ""15"", ""16"", ""17"", ""18"", ""19"", ""2"", ""20"", ""21"", ""22"", ""23"", ""24"", ""25"", ""26"", ""27"", ""28"", ""29"", ""3"", ""30"", ""4"", ""5"", ""6"", ""7"", ""8"", ""9""]}",
sig,2,11,43,"flx::floatx<11, 43>",31,0,13.322824,ok,"{""flx::floatx<11, 43>"": [""0"", ""1"", ""10"", ""11"", ""12"", ""13"", ""14"", ""15"", ""16"", ""17"", ""18"", ""19"", ""2"", ""20"", ""21"", ""22"", ""23"", ""24"", ""25"", ""26"", ""27"", ""28"", ""29"", ""3"", ""30"", ""4"", ""5"", ""6"", ""7"", ""8"", ""9""]}",
sig,2,11,44,"flx::floatx<11, 44>",31,0,13.360568,ok,"{""flx::floatx<11, 44>"": [""0"", ""1"", ""10"", ""11"", ""12"", ""13"", ""14"", ""15"", ""16"", ""17"", ""18"", ""19"", ""2"", ""20"", ""21"", ""22"", ""23"", ""24"", ""25"", ""26"", ""27"", ""28"", ""29"", ""3"", ""30"", ""4"", ""5"", ""6"", ""7"", ""8"", ""9""]}",
sig,2,11,45,"flx::floatx<11, 45>",31,0,13.348373,ok,"{""flx::floatx<11, 45>"": [""0"", ""1"", ""10"", ""11"", ""12"", ""13"", ""14"", ""15"", ""16"", ""17"", ""18"", ""19"", ""2"", ""20"", ""21"", ""22"", ""23"", ""24"", ""25"", ""26"", ""27"", ""28"", ""29"", ""3"", ""30"", ""4"", ""5"", ""6"", ""7"", ""8"", ""9""]}",
sig,2,11,46,"flx::floatx<11, 46>",31,0,13.352305,ok,"{""flx::floatx<11, 46>"": [""0"", ""1"", ""10"", ""11"", ""12"", ""13"", ""14"", ""15"", ""16"", ""17"", ""18"", ""19"", ""2"", ""20"", ""21"", ""22"", ""23"", ""24"", ""25"", ""26"", ""27"", ""28"", ""29"", ""3"", ""30"", ""4"", ""5"", ""6"", ""7"", ""8"", ""9""]}",
sig,2,11,47,"flx::floatx<11, 47>",31,0,13.313891,ok,"{""flx::floatx<11, 47>"": [""0"", ""1"", ""10"", ""11"", ""12"", ""13"", ""14"", ""15"", ""16"", ""17"", ""18"", ""19"", ""2"", ""20"", ""21"", ""22"", ""23"", ""24"", ""25"", ""26"", ""27"", ""28"", ""29"", ""3"", ""30"", ""4"", ""5"", ""6"", ""7"", ""8"", ""9""]}",
sig,2,11,48,"flx::floatx<11, 48>",31,0,13.311921,ok,"{""flx::floatx<11, 48>"": [""0"", ""1"", ""10"", ""11"", ""12"", ""13"", ""14"", ""15"", ""16"", ""17"", ""18"", ""19"", ""2"", ""20"", ""21"", ""22"", ""23"", ""24"", ""25"", ""26"", ""27"", ""28"", ""29"", ""3"", ""30"", ""4"", ""5"", ""6"", ""7"", ""8"", ""9""]}",
sig,2,11,49,"flx::floatx<11, 49>",31,0,13.368477,ok,"{""flx::floatx<11, 49>"": [""0"", ""1"", ""10"", ""11"", ""12"", ""13"", ""14"", ""15"", ""16"", ""17"", ""18"", ""19"", ""2"", ""20"", ""21"", ""22"", ""23"", ""24"", ""25"", ""26"", ""27"", ""28"", ""29"", ""3"", ""30"", ""4"", ""5"", ""6"", ""7"", ""8"", ""9""]}",
sig,2,11,50,"flx::floatx<11, 50>",31,0,13.357060,ok,"{""flx::floatx<11, 50>"": [""0"", ""1"", ""10"", ""11"", ""12"", ""13"", ""14"", ""15"", ""16"", ""17"", ""18"", ""19"", ""2"", ""20"", ""21"", ""22"", ""23"", ""24"", ""25"", ""26"", ""27"", ""28"", ""29"", ""3"", ""30"", ""4"", ""5"", ""6"", ""7"", ""8"", ""9""]}",
sig,2,11,51,"flx::floatx<11, 51>",31,0,13.338240,ok,"{""flx::floatx<11, 51>"": [""0"", ""1"", ""10"", ""11"", ""12"", ""13"", ""14"", ""15"", ""16"", ""17"", ""18"", ""19"", ""2"", ""20"", ""21"", ""22"", ""23"", ""24"", ""25"", ""26"", ""27"", ""28"", ""29"", ""3"", ""30"", ""4"", ""5"", ""6"", ""7"", ""8"", ""9""]}",
sig,2,11,52,"flx::floatx<11, 52>",31,0,13.265353,ok,"{""flx::floatx<11, 52>"": [""0"", ""1"", ""10"", ""11"", ""12"", ""13"", ""14"", ""15"", ""16"", ""17"", ""18"", ""19"", ""2"", ""20"", ""21"", ""22"", ""23"", ""24"", ""25"", ""26"", ""27"", ""28"", ""29"", ""3"", ""30"", ""4"", ""5"", ""6"", ""7"", ""8"", ""9""]}",
exp,2,1,52,"flx::floatx<1, 52>",18,13,68.997574,ok,"{""double"": [""0"", ""1"", ""10"", ""11"", ""2"", ""24"", ""25"", ""26"", ""27"", ""28"", ""29"", ""30"", ""9""], ""flx::floatx<1, 52>"": [""12"", ""13"", ""14"", ""15"", ""16"", ""17"", ""18"", ""19"", ""20"", ""21"", ""22"", ""23"", ""3"", ""4"", ""5"", ""6"", ""7"", ""8""]}",
exp,2,2,52,"flx::floatx<2, 52>",18,13,68.928092,ok,"{""double"": [""0"", ""1"", ""10"", ""11"", ""2"", ""24"", ""25"", ""26"", ""27"", ""28"", ""29"", ""30"", ""9""], ""flx::floatx<2, 52>"": [""12"", ""13"", ""14"", ""15"", ""16"", ""17"", ""18"", ""19"", ""20"", ""21"", ""22"", ""23"", ""3"", ""4"", ""5"", ""6"", ""7"", ""8""]}",
exp,2,3,52,"flx::floatx<3, 52>",18,13,68.864326,ok,"{""double"": [""0"", ""1"", ""10"", ""11"", ""2"", ""24"", ""25"", ""26"", ""27"", ""28"", ""29"", ""30"", ""9""], ""flx::floatx<3, 52>"": [""12"", ""13"", ""14"", ""15"", ""16"", ""17"", ""18"", ""19"", ""20"", ""21"", ""22"", ""23"", ""3"", ""4"", ""5"", ""6"", ""7"", ""8""]}",
exp,2,4,52,"flx::floatx<4, 52>",18,13,68.991276,ok,"{""double"": [""0"", ""1"", ""10"", ""11"", ""2"", ""24"", ""25"", ""26"", ""27"", ""28"", ""29"", ""30"", ""9""], ""flx::floatx<4, 52>"": [""12"", ""13"", ""14"", ""15"", ""16"", ""17"", ""18"", ""19"", ""20"", ""21"", ""22"", ""23"", ""3"", ""4"", ""5"", ""6"", ""7"", ""8""]}",
exp,2,5,52,"flx::floatx<5, 52>",31,0,13.398564,ok,"{""flx::floatx<5, 52>"": [""0"", ""1"", ""10"", ""11"", ""12"", ""13"", ""14"", ""15"", ""16"", ""17"", ""18"", ""19"", ""2"", ""20"", ""21"", ""22"", ""23"", ""24"", ""25"", ""26"", ""27"", ""28"", ""29"", ""3"", ""30"", ""4"", ""5"", ""6"", ""7"", ""8"", ""9""]}",
exp,2,6,52,"flx::floatx<6, 52>",31,0,13.326556,ok,"{""flx::floatx<6, 52>"": [""0"", ""1"", ""10"", ""11"", ""12"", ""13"", ""14"", ""15"", ""16"", ""17"", ""18"", ""19"", ""2"", ""20"", ""21"", ""22"", ""23"", ""24"", ""25"", ""26"", ""27"", ""28"", ""29"", ""3"", ""30"", ""4"", ""5"", ""6"", ""7"", ""8"", ""9""]}",
exp,2,7,52,"flx::floatx<7, 52>",31,0,13.254862,ok,"{""flx::floatx<7, 52>"": [""0"", ""1"", ""10"", ""11"", ""12"", ""13"", ""14"", ""15"", ""16"", ""17"", ""18"", ""19"", ""2"", ""20"", ""21"", ""22"", ""23"", ""24"", ""25"", ""26"", ""27"", ""28"", ""29"", ""3"", ""30"", ""4"", ""5"", ""6"", ""7"", ""8"", ""9""]}",
exp,2,8,52,"flx::floatx<8, 52>",31,0,13.288629,ok,"{""flx::floatx<8, 52>"": [""0"", ""1"", ""10"", ""11"", ""12"", ""13"", ""14"", ""15"", ""16"", ""17"", ""18"", ""19"", ""2"", ""20"", ""21"", ""22"", ""23"", ""24"", ""25"", ""26"", ""27"", ""28"", ""29"", ""3"", ""30"", ""4"", ""5"", ""6"", ""7"", ""8"", ""9""]}",
exp,2,9,52,"flx::floatx<9, 52>",31,0,13.329101,ok,"{""flx::floatx<9, 52>"": [""0"", ""1"", ""10"", ""11"", ""12"", ""13"", ""14"", ""15"", ""16"", ""17"", ""18"", ""19"", ""2"", ""20"", ""21"", ""22"", ""23"", ""24"", ""25"", ""26"", ""27"", ""28"", ""29"", ""3"", ""30"", ""4"", ""5"", ""6"", ""7"", ""8"", ""9""]}",
exp,2,10,52,"flx::floatx<10, 52>",31,0,13.276229,ok,"{""flx::floatx<10, 52>"": [""0"", ""1"", ""10"", ""11"", ""12"", ""13"", ""14"", ""15"", ""16"", ""17"", ""18"", ""19"", ""2"", ""20"", ""21"", ""22"", ""23"", ""24"", ""25"", ""26"", ""27"", ""28"", ""29"", ""3"", ""30"", ""4"", ""5"", ""6"", ""7"", ""8"", ""9""]}",
exp,2,11,52,"flx::floatx<11, 52>",31,0,13.282962,ok,"{""flx::floatx<11, 52>"": [""0"", ""1"", ""10"", ""11"", ""12"", ""13"", ""14"", ""15"", ""16"", ""17"", ""18"", ""19"", ""2"", ""20"", ""21"", ""22"", ""23"", ""24"", ""25"", ""26"", ""27"", ""28"", ""29"", ""3"", ""30"", ""4"", ""5"", ""6"", ""7"", ""8"", ""9""]}",
sig,3,11,1,"flx::floatx<11, 1>",18,13,69.151416,ok,"{""double"": [""0"", ""1"", ""10"", ""11"", ""2"", ""24"", ""25"", ""26"", ""27"", ""28"", ""29"", ""30"", ""9""], ""flx::floatx<11, 1>"": [""12"", ""13"", ""14"", ""15"", ""16"", ""17"", ""18"", ""19"", ""20"", ""21"", ""22"", ""23"", ""3"", ""4"", ""5"", ""6"", ""7"", ""8""]}",
sig,3,11,2,"flx::floatx<11, 2>",18,13,69.047625,ok,"{""double"": [""0"", ""1"", ""10"", ""11"", ""2"", ""24"", ""25"", ""26"", ""27"", ""28"", ""29"", ""30"", ""9""], ""flx::floatx<11, 2>"": [""12"", ""13"", ""14"", ""15"", ""16"", ""17"", ""18"", ""19"", ""20"", ""21"", ""22"", ""23"", ""3"", ""4"", ""5"", ""6"", ""7"", ""8""]}",
sig,3,11,3,"flx::floatx<11, 3>",18,13,69.378337,ok,"{""double"": [""0"", ""1"", ""10"", ""11"", ""2"", ""24"", ""25"", ""26"", ""27"", ""28"", ""29"", ""30"", ""9""], ""flx::floatx<11, 3>"": [""12"", ""13"", ""14"", ""15"", ""16"", ""17"", ""18"", ""19"", ""20"", ""21"", ""22"", ""23"", ""3"", ""4"", ""5"", ""6"", ""7"", ""8""]}",
sig,3,11,4,"flx::floatx<11, 4>",18,13,69.160969,ok,"{""double"": [""0"", ""1"", ""10"", ""11"", ""2"", ""24"", ""25"", ""26"", ""27"", ""28"", ""29"", ""30"", ""9""], ""flx::floatx<11, 4>"": [""12"", ""13"", ""14"", ""15"", ""16"", ""17"", ""18"", ""19"", ""20"", ""21"", ""22"", ""23"", ""3"", ""4"", ""5"", ""6"", ""7"", ""8""]}",
sig,3,11,5,"flx::floatx<11, 5>",18,13,69.198286,ok,"{""double"": [""0"", ""1"", ""10"", ""11"", ""2"", ""24"", ""25"", ""26"", ""27"", ""28"", ""29"", ""30"", ""9""], ""flx::floatx<11, 5>"": [""12"", ""13"", ""14"", ""15"", ""16"", ""17"", ""18"", ""19"", ""20"", ""21"", ""22"", ""23"", ""3"", ""4"", ""5"", ""6"", ""7"", ""8""]}",
sig,3,11,6,"flx::floatx<11, 6>",18,13,69.293944,ok,"{""double"": [""0"", ""1"", ""10"", ""11"", ""2"", ""24"", ""25"", ""26"", ""27"", ""28"", ""29"", ""30"", ""9""], ""flx::floatx<11, 6>"": [""12"", ""13"", ""14"", ""15"", ""16"", ""17"", ""18"", ""19"", ""20"", ""21"", ""22"", ""23"", ""3"", ""4"", ""5"", ""6"", ""7"", ""8""]}",
sig,3,11,7,"flx::floatx<11, 7>",18,13,69.356201,ok,"{""double"": [""0"", ""1"", ""10"", ""11"", ""2"", ""24"", ""25"", ""26"", ""27"", ""28"", ""29"", ""30"", ""9""], ""flx::floatx<11, 7>"": [""12"", ""13"", ""14"", ""15"", ""16"", ""17"", ""18"", ""19"", ""20"", ""21"", ""22"", ""23"", ""3"", ""4"", ""5"", ""6"", ""7"", ""8""]}",
sig,3,11,8,"flx::floatx<11, 8>",18,13,69.215403,ok,"{""double"": [""0"", ""1"", ""10"", ""11"", ""2"", ""24"", ""25"", ""26"", ""27"", ""28"", ""29"", ""30"", ""9""], ""flx::floatx<11, 8>"": [""12"", ""13"", ""14"", ""15"", ""16"", ""17"", ""18"", ""19"", ""20"", ""21"", ""22"", ""23"", ""3"", ""4"", ""5"", ""6"", ""7"", ""8""]}",
sig,3,11,9,"flx::floatx<11, 9>",31,0,13.308526,ok,"{""flx::floatx<11, 9>"": [""0"", ""1"", ""10"", ""11"", ""12"", ""13"", ""14"", ""15"", ""16"", ""17"", ""18"", ""19"", ""2"", ""20"", ""21"", ""22"", ""23"", ""24"", ""25"", ""26"", ""27"", ""28"", ""29"", ""3"", ""30"", ""4"", ""5"", ""6"", ""7"", ""8"", ""9""]}",
sig,3,11,10,"flx::floatx<11, 10>",31,0,13.370400,ok,"{""flx::floatx<11, 10>"": [""0"", ""1"", ""10"", ""11"", ""12"", ""13"", ""14"", ""15"", ""16"", ""17"", ""18"", ""19"", ""2"", ""20"", ""21"", ""22"", ""23"", ""24"", ""25"", ""26"", ""27"", ""28"", ""29"", ""3"", ""30"", ""4"", ""5"", ""6"", ""7"", ""8"", ""9""]}",
sig,3,11,11,"flx::floatx<11, 11>",31,0,13.293845,ok,"{""flx::floatx<11, 11>"": [""0"", ""1"", ""10"", ""11"", ""12"", ""13"", ""14"", ""15"", ""16"", ""17"", ""18"", ""19"", ""2"", ""20"", ""21"", ""22"", ""23"", ""24"", ""25"", ""26"", ""27"", ""28"", ""29"", ""3"", ""30"", ""4"", ""5"", ""6"", ""7"", ""8"", ""9""]}",
sig,3,11,12,"flx::floatx<11, 12>",31,0,13.320376,ok,"{""flx::floatx<11, 12>"": [""0"", ""1"", ""10"", ""11"", ""12"", ""13"", ""14"", ""15"", ""16"", ""17"", ""18"", ""19"", ""2"", ""20"", ""21"", ""22"", ""23"", ""24"", ""25"", ""26"", ""27"", ""28"", ""29"", ""3"", ""30"", ""4"", ""5"", ""6"", ""7"", ""8"", ""9""]}",
sig,3,11,13,"flx::floatx<11, 13>",31,0,13.330040,ok,"{""flx::floatx<11, 13>"": [""0"", ""1"", ""10"", ""11"", ""12"", ""13"", ""14"", ""15"", ""16"", ""17"", ""18"", ""19"", ""2"", ""20"", ""21"", ""22"", ""23"", ""24"", ""25"", ""26"", ""27"", ""28"", ""29"", ""3"", ""30"", ""4"", ""5"", ""6"", ""7"", ""8"", ""9""]}",
sig,3,11,14,"flx::floatx<11, 14>",31,0,13.292060,ok,"{""flx::floatx<11, 14>"": [""0"", ""1"", ""10"", ""11"", ""12"", ""13"", ""14"", ""15"", ""16"", ""17"", ""18"", ""19"", ""2"", ""20"", ""21"", ""22"", ""23"", ""24"", ""25"", ""26"", ""27"", ""28"", ""29"", ""3"", ""30"", ""4"", ""5"", ""6"", ""7"", ""8"", ""9""]}",
sig,3,11,15,"flx::floatx<11, 15>",31,0,13.368250,ok,"{""flx::floatx<11, 15>"": [""0"", ""1"", ""10"", ""11"", ""12"", ""13"", ""14"", ""15"", ""16"", ""17"", ""18"", ""19"", ""2"", ""20"", ""21"", ""22"", ""23"", ""24"", ""25"", ""26"", ""27"", ""28"", ""29"", ""3"", ""30"", ""4"", ""5"", ""6"", ""7"", ""8"", ""9""]}",
sig,3,11,16,"flx::floatx<11, 16>",31,0,13.342490,ok,"{""flx::floatx<11, 16>"": [""0"", ""1"", ""10"", ""11"", ""12"", ""13"", ""14"", ""15"", ""16"", ""17"", ""18"", ""19"", ""2"", ""20"", ""21"", ""22"", ""23"", ""24"", ""25"", ""26"", ""27"", ""28"", ""29"", ""3"", ""30"", ""4"", ""5"", ""6"", ""7"", ""8"", ""9""]}",
sig,3,11,17,"flx::floatx<11, 17>",31,0,13.345776,ok,"{""flx::floatx<11, 17>"": [""0"", ""1"", ""10"", ""11"", ""12"", ""13"", ""14"", ""15"", ""16"", ""17"", ""18"", ""19"", ""2"", ""20"", ""21"", ""22"", ""23"", ""24"", ""25"", ""26"", ""27"", ""28"", ""29"", ""3"", ""30"", ""4"", ""5"", ""6"", ""7"", ""8"", ""9""]}",
sig,3,11,18,"flx::floatx<11, 18>",31,0,13.351425,ok,"{""flx::floatx<11, 18>"": [""0"", ""1"", ""10"", ""11"", ""12"", ""13"", ""14"", ""15"", ""16"", ""17"", ""18"", ""19"", ""2"", ""20"", ""21"", ""22"", ""23"", ""24"", ""25"", ""26"", ""27"", ""28"", ""29"", ""3"", ""30"", ""4"", ""5"", ""6"", ""7"", ""8"", ""9""]}",
sig,3,11,19,"flx::floatx<11, 19>",31,0,13.377823,ok,"{""flx::floatx<11, 19>"": [""0"", ""1"", ""10"", ""11"", ""12"", ""13"", ""14"", ""15"", ""16"", ""17"", ""18"", ""19"", ""2"", ""20"", ""21"", ""22"", ""23"", ""24"", ""25"", ""26"", ""27"", ""28"", ""29"", ""3"", ""30"", ""4"", ""5"", ""6"", ""7"", ""8"", ""9""]}",
sig,3,11,20,"flx::floatx<11, 20>",31,0,13.352946,ok,"{""flx::floatx<11, 20>"": [""0"", ""1"", ""10"", ""11"", ""12"", ""13"", ""14"", ""15"", ""16"", ""17"", ""18"", ""19"", ""2"", ""20"", ""21"", ""22"", ""23"", ""24"", ""25"", ""26"", ""27"", ""28"", ""29"", ""3"", ""30"", ""4"", ""5"", ""6"", ""7"", ""8"", ""9""]}",
sig,3,11,21,"flx::floatx<11, 21>",31,0,13.311821,ok,"{""flx::floatx<11, 21>"": [""0"", ""1"", ""10"", ""11"", ""12"", ""13"", ""14"", ""15"", ""16"", ""17"", ""18"", ""19"", ""2"", ""20"", ""21"", ""22"", ""23"", ""24"", ""25"", ""26"", ""27"", ""28"", ""29"", ""3"", ""30"", ""4"", ""5"", ""6"", ""7"", ""8"", ""9""]}",
sig,3,11,22,"flx::floatx<11, 22>",31,0,13.309854,ok,"{""flx::floatx<11, 22>"": [""0"", ""1"", ""10"", ""11"", ""12"", ""13"", ""14"", ""15"", ""16"", ""17"", ""18"", ""19"", ""2"", ""20"", ""21"", ""22"", ""23"", ""24"", ""25"", ""26"", ""27"", ""28"", ""29"", ""3"", ""30"", ""4"", ""5"", ""6"", ""7"", ""8"", ""9""]}",
sig,3,11,23,"flx::floatx<11, 23>",31,0,13.319764,ok,"{""flx::floatx<11, 23>"": [""0"", ""1"", ""10"", ""11"", ""12"", ""13"", ""14"", ""15"", ""16"", ""17"", ""18"", ""19"", ""2"", ""20"", ""21"", ""22"", ""23"", ""24"", ""25"", ""26"", ""27"", ""28"", ""29"", ""3"", ""30"", ""4"", ""5"", ""6"", ""7"", ""8"", ""9""]}",
sig,3,11,24,"flx::floatx<11, 24>",31,0,13.466978,ok,"{""flx::floatx<11, 24>"": [""0"", ""1"", ""10"", ""11"", ""12"", ""13"", ""14"", ""15"", ""16"", ""17"", ""18"", ""19"", ""2"", ""20"", ""21"", ""22"", ""23"", ""24"", ""25"", ""26"", ""27"", ""28"", ""29"", ""3"", ""30"", ""4"", ""5"", ""6"", ""7"", ""8"", ""9""]}",
sig,3,11,25,"flx::floatx<11, 25>",31,0,13.340780,ok,"{""flx::floatx<11, 25>"": [""0"", ""1"", ""10"", ""11"", ""12"", ""13"", ""14"", ""15"", ""16"", ""17"", ""18"", ""19"", ""2"", ""20"", ""21"", ""22"", ""23"", ""24"", ""25"", ""26"", ""27"", ""28"", ""29"", ""3"", ""30"", ""4"", ""5"", ""6"", ""7"", ""8"", ""9""]}",
sig,3,11,26,"flx::floatx<11, 26>",31,0,13.336460,ok,"{""flx::floatx<11, 26>"": [""0"", ""1"", ""10"", ""11"", ""12"", ""13"", ""14"", ""15"", ""16"", ""17"", ""18"", ""19"", ""2"", ""20"", ""21"", ""22"", ""23"", ""24"", ""25"", ""26"", ""27"", ""28"", ""29"", ""3"", ""30"", ""4"", ""5"", ""6"", ""7"", ""8"", ""9""]}",
sig,3,11,27,"flx::floatx<11, 27>",31,0,13.374954,ok,"{""flx::floatx<11, 27>"": [""0"", ""1"", ""10"", ""11"", ""12"", ""13"", ""14"", ""15"", ""16"", ""17"", ""18"", ""19"", ""2"", ""20"", ""21"", ""22"", ""23"", ""24"", ""25"", ""26"", ""27"", ""28"", ""29"", ""3"", ""30"", ""4"", ""5"", ""6"", ""7"", ""8"", ""9""]}",
sig,3,11,28,"flx::floatx<11, 28>",31,0,13.314535,ok,"{""flx::floatx<11, 28>"": [""0"", ""1"", ""10"", ""11"", ""12"", ""13"", ""14"", ""15"", ""16"", ""17"", ""18"", ""19"", ""2"", ""20"", ""21"", ""22"", ""23"", ""24"", ""25"", ""26"", ""27"", ""28"", ""29"", ""3"", ""30"", ""4"", ""5"", ""6"", ""7"", ""8"", ""9""]}",
sig,3,11,29,"flx::floatx<11, 29>",31,0,13.348725,ok,"{""flx::floatx<11, 29>"": [""0"", ""1"", ""10"", ""11"", ""12"", ""13"", ""14"", ""15"", ""16"", ""17"", ""18"", ""19"", ""2"", ""20"", ""21"", ""22"", ""23"", ""24"", ""25"", ""26"", ""27"", ""28"", ""29"", ""3"", ""30"", ""4"", ""5"", ""6"", ""7"", ""8"", ""9""]}",
sig,3,11,30,"flx::floatx<11, 30>",31,0,13.347502,ok,"{""flx::floatx<11, 30>"": [""0"", ""1"", ""10"", ""11"", ""12"", ""13"", ""14"", ""15"", ""16"", ""17"", ""18"", ""19"", ""2"", ""20"", ""21"", ""22"", ""23"", ""24"", ""25"", ""26"", ""27"", ""28"", ""29"", ""3"", ""30"", ""4"", ""5"", ""6"", ""7"", ""8"", ""9""]}",
sig,3,11,31,"flx::floatx<11, 31>",31,0,13.352581,ok,"{""flx::floatx<11, 31>"": [""0"", ""1"", ""10"", ""11"", ""12"", ""13"", ""14"", ""15"", ""16"", ""17"", ""18"", ""19"", ""2"", ""20"", ""21"", ""22"", ""23"", ""24"", ""25"", ""26"", ""27"", ""28"", ""29"", ""3"", ""30"", ""4"", ""5"", ""6"", ""7"", ""8"", ""9""]}",
sig,3,11,32,"flx::floatx<11, 32>",31,0,13.380753,ok,"{""flx::floatx<11, 32>"": [""0"", ""1"", ""10"", ""11"", ""12"", ""13"", ""14"", ""15"", ""16"", ""17"", ""18"", ""19"", ""2"", ""20"", ""21"", ""22"", ""23"", ""24"", ""25"", ""26"", ""27"", ""28"", ""29"", ""3"", ""30"", ""4"", ""5"", ""6"", ""7"", ""8"", ""9""]}",
sig,3,11,33,"flx::floatx<11, 33>",31,0,13.420244,ok,"{""flx::floatx<11, 33>"": [""0"", ""1"", ""10"", ""11"", ""12"", ""13"", ""14"", ""15"", ""16"", ""17"", ""18"", ""19"", ""2"", ""20"", ""21"", ""22"", ""23"", ""24"", ""25"", ""26"", ""27"", ""28"", ""29"", ""3"", ""30"", ""4"", ""5"", ""6"", ""7"", ""8"", ""9""]}",
sig,3,11,34,"flx::floatx<11, 34>",31,0,13.388807,ok,"{""flx::floatx<11, 34>"": [""0"", ""1"", ""10"", ""11"", ""12"", ""13"", ""14"", ""15"", ""16"", ""17"", ""18"", ""19"", ""2"", ""20"", ""21"", ""22"", ""23"", ""24"", ""25"", ""26"", ""27"", ""28"", ""29"", ""3"", ""30"", ""4"", ""5"", ""6"", ""7"", ""8"", ""9""]}",
sig,3,11,35,"flx::floatx<11, 35>",31,0,13.323876,ok,"{""flx::floatx<11, 35>"": [""0"", ""1"", ""10"", ""11"", ""12"", ""13"", ""14"", ""15"", ""16"", ""17"", ""18"", ""19"", ""2"", ""20"", ""21"", ""22"", ""23"", ""24"", ""25"", ""26"", ""27"", ""28"", ""29"", ""3"", ""30"", ""4"", ""5"", ""6"", ""7"", ""8"", ""9""]}",
sig,3,11,36,"flx::floatx<11, 36>",31,0,13.366480,ok,"{""flx::floatx<11, 36>"": [""0"", ""1"", ""10"", ""11"", ""12"", ""13"", ""14"", ""15"", ""16"", ""17"", ""18"", ""19"", ""2"", ""20"", ""21"", ""22"", ""23"", ""24"", ""25"", ""26"", ""27"", ""28"", ""29"", ""3"", ""30"", ""4"", ""5"", ""6"", ""7"", ""8"", ""9""]}",
sig,3,11,37,"flx::floatx<11, 37>",31,0,13.394972,ok,"{""flx::floatx<11, 37>"": [""0"", ""1"", ""10"", ""11"", ""12"", ""13"", ""14"", ""15"", ""16"", ""17"", ""18"", ""19"", ""2"", ""20"", ""21"", ""22"", ""23"", ""24"", ""25"", ""26"", ""27"", ""28"", ""29"", ""3"", ""30"", ""4"", ""5"", ""6"", ""7"", ""8"", ""9""]}",
sig,3,11,38,"flx::floatx<11, 38>",31,0,13.400897,ok,"{""flx::floatx<11, 38>"": [""0"", ""1"", ""10"", ""11"", ""12"", ""13"", ""14"", ""15"", ""16"", ""17"", ""18"", ""19"", ""2"", ""20"", ""21"", ""22"", ""23"", ""24"", ""25"", ""26"", ""27"", ""28"", ""29"", ""3"", ""30"", ""4"", ""5"", ""6"", ""7"", ""8"", ""9""]}",
sig,3,11,39,"flx::floatx<11, 39>",31,0,13.388949,ok,"{""flx::floatx<11, 39>"": [""0"", ""1"", ""10"", ""11"", ""12"", ""13"", ""14"", ""15"", ""16"", ""17"", ""18"", ""19"", ""2"", ""20"", ""21"", ""22"", ""23"", ""24"", ""25"", ""26"", ""27"", ""28"", ""29"", ""3"", ""30"", ""4"", ""5"", ""6"", ""7"", ""8"", ""9""]}",
sig,3,11,40,"flx::floatx<11, 40>",31,0,13.395486,ok,"{""flx::floatx<11, 40>"": [""0"", ""1"", ""10"", ""11"", ""12"", ""13"", ""14"", ""15"", ""16"", ""17"", ""18"", ""19"", ""2"", ""20"", ""21"", ""22"", ""23"", ""24"", ""25"", ""26"", ""27"", ""28"", ""29"", ""3"", ""30"", ""4"", ""5"", ""6"", ""7"", ""8"", ""9""]}",
sig,3,11,41,"flx::floatx<11, 41>",31,0,13.352092,ok,"{""flx::floatx<11, 41>"": [""0"", ""1"", ""10"", ""11"", ""12"", ""13"", ""14"", ""15"", ""16"", ""17"", ""18"", ""19"", ""2"", ""20"", ""21"", ""22"", ""23"", ""24"", ""25"", ""26"", ""27"", ""28"", ""29"", ""3"", ""30"", ""4"", ""5"", ""6"", ""7"", ""8"", ""9""]}",
sig,3,11,42,"flx::floatx<11, 42>",31,0,13.390963,ok,"{""flx::floatx<11, 42>"": [""0"", ""1"", ""10"", ""11"", ""12"", ""13"", ""14"", ""15"", ""16"", ""17"", ""18"", ""19"", ""2"", ""20"", ""21"", ""22"", ""23"", ""24"", ""25"", ""26"", ""27"", ""28"", ""29"", ""3"", ""30"", ""4"", ""5"", ""6"", ""7"", ""8"", ""9""]}",
sig,3,11,43,"flx::floatx<11, 43>",31,0,13.415519,ok,"{""flx::floatx<11, 43>"": [""0"", ""1"", ""10"", ""11"", ""12"", ""13"", ""14"", ""15"", ""16"", ""17"", ""18"", ""19"", ""2"", ""20"", ""21"", ""22"", ""23"", ""24"", ""25"", ""26"", ""27"", ""28"", ""29"", ""3"", ""30"", ""4"", ""5"", ""6"", ""7"", ""8"", ""9""]}",
sig,3,11,44,"flx::floatx<11, 44>",31,0,13.370106,ok,"{""flx::floatx<11, 44>"": [""0"", ""1"", ""10"", ""11"", ""12"", ""13"", ""14"", ""15"", ""16"", ""17"", ""18"", ""19"", ""2"", ""20"", ""21"", ""22"", ""23"", ""24"", ""25"", ""26"", ""27"", ""28"", ""29"", ""3"", ""30"", ""4"", ""5"", ""6"", ""7"", ""8"", ""9""]}",
sig,3,11,45,"flx::floatx<11, 45>",31,0,13.385013,ok,"{""flx::floatx<11, 45>"": [""0"", ""1"", ""10"", ""11"", ""12"", ""13"", ""14"", ""15"", ""16"", ""17"", ""18"", ""19"", ""2"", ""20"", ""21"", ""22"", ""23"", ""24"", ""25"", ""26"", ""27"", ""28"", ""29"", ""3"", ""30"", ""4"", ""5"", ""6"", ""7"", ""8"", ""9""]}",
sig,3,11,46,"flx::floatx<11, 46>",31,0,13.358893,ok,"{""flx::floatx<11, 46>"": [""0"", ""1"", ""10"", ""11"", ""12"", ""13"", ""14"", ""15"", ""16"", ""17"", ""18"", ""19"", ""2"", ""20"", ""21"", ""22"", ""23"", ""24"", ""25"", ""26"", ""27"", ""28"", ""29"", ""3"", ""30"", ""4"", ""5"", ""6"", ""7"", ""8"", ""9""]}",
sig,3,11,47,"flx::floatx<11, 47>",31,0,13.387227,ok,"{""flx::floatx<11, 47>"": [""0"", ""1"", ""10"", ""11"", ""12"", ""13"", ""14"", ""15"", ""16"", ""17"", ""18"", ""19"", ""2"", ""20"", ""21"", ""22"", ""23"", ""24"", ""25"", ""26"", ""27"", ""28"", ""29"", ""3"", ""30"", ""4"", ""5"", ""6"", ""7"", ""8"", ""9""]}",
sig,3,11,48,"flx::floatx<11, 48>",31,0,13.400534,ok,"{""flx::floatx<11, 48>"": [""0"", ""1"", ""10"", ""11"", ""12"", ""13"", ""14"", ""15"", ""16"", ""17"", ""18"", ""19"", ""2"", ""20"", ""21"", ""22"", ""23"", ""24"", ""25"", ""26"", ""27"", ""28"", ""29"", ""3"", ""30"", ""4"", ""5"", ""6"", ""7"", ""8"", ""9""]}",
sig,3,11,49,"flx::floatx<11, 49>",31,0,13.345588,ok,"{""flx::floatx<11, 49>"": [""0"", ""1"", ""10"", ""11"", ""12"", ""13"", ""14"", ""15"", ""16"", ""17"", ""18"", ""19"", ""2"", ""20"", ""21"", ""22"", ""23"", ""24"", ""25"", ""26"", ""27"", ""28"", ""29"", ""3"", ""30"", ""4"", ""5"", ""6"", ""7"", ""8"", ""9""]}",
sig,3,11,50,"flx::floatx<11, 50>",31,0,13.352359,ok,"{""flx::floatx<11, 50>"": [""0"", ""1"", ""10"", ""11"", ""12"", ""13"", ""14"", ""15"", ""16"", ""17"", ""18"", ""19"", ""2"", ""20"", ""21"", ""22"", ""23"", ""24"", ""25"", ""26"", ""27"", ""28"", ""29"", ""3"", ""30"", ""4"", ""5"", ""6"", ""7"", ""8"", ""9""]}",
sig,3,11,51,"flx::floatx<11, 51>",31,0,13.392789,ok,"{""flx::floatx<11, 51>"": [""0"", ""1"", ""10"", ""11"", ""12"", ""13"", ""14"", ""15"", ""16"", ""17"", ""18"", ""19"", ""2"", ""20"", ""21"", ""22"", ""23"", ""24"", ""25"", ""26"", ""27"", ""28"", ""29"", ""3"", ""30"", ""4"", ""5"", ""6"", ""7"", ""8"", ""9""]}",
sig,3,11,52,"flx::floatx<11, 52>",31,0,13.332676,ok,"{""flx::floatx<11, 52>"": [""0"", ""1"", ""10"", ""11"", ""12"", ""13"", ""14"", ""15"", ""16"", ""17"", ""18"", ""19"", ""2"", ""20"", ""21"", ""22"", ""23"", ""24"", ""25"", ""26"", ""27"", ""28"", ""29"", ""3"", ""30"", ""4"", ""5"", ""6"", ""7"", ""8"", ""9""]}",
exp,3,1,52,"flx::floatx<1, 52>",18,13,69.063982,ok,"{""double"": [""0"", ""1"", ""10"", ""11"", ""2"", ""24"", ""25"", ""26"", ""27"", ""28"", ""29"", ""30"", ""9""], ""flx::floatx<1, 52>"": [""12"", ""13"", ""14"", ""15"", ""16"", ""17"", ""18"", ""19"", ""20"", ""21"", ""22"", ""23"", ""3"", ""4"", ""5"", ""6"", ""7"", ""8""]}",
exp,3,2,52,"flx::floatx<2, 52>",18,13,69.056312,ok,"{""double"": [""0"", ""1"", ""10"", ""11"", ""2"", ""24"", ""25"", ""26"", ""27"", ""28"", ""29"", ""30"", ""9""], ""flx::floatx<2, 52>"": [""12"", ""13"", ""14"", ""15"", ""16"", ""17"", ""18"", ""19"", ""20"", ""21"", ""22"", ""23"", ""3"", ""4"", ""5"", ""6"", ""7"", ""8""]}",
exp,3,3,52,"flx::floatx<3, 52>",18,13,69.153461,ok,"{""double"": [""0"", ""1"", ""10"", ""11"", ""2"", ""24"", ""25"", ""26"", ""27"", ""28"", ""29"", ""30"", ""9""], ""flx::floatx<3, 52>"": [""12"", ""13"", ""14"", ""15"", ""16"", ""17"", ""18"", ""19"", ""20"", ""21"", ""22"", ""23"", ""3"", ""4"", ""5"", ""6"", ""7"", ""8""]}",
exp,3,4,52,"flx::floatx<4, 52>",18,13,69.101229,ok,"{""double"": [""0"", ""1"", ""10"", ""11"", ""2"", ""24"", ""25"", ""26"", ""27"", ""28"", ""29"", ""30"", ""9""], ""flx::floatx<4, 52>"": [""12"", ""13"", ""14"", ""15"", ""16"", ""17"", ""18"", ""19"", ""20"", ""21"", ""22"", ""23"", ""3"", ""4"", ""5"", ""6"", ""7"", ""8""]}",
exp,3,5,52,"flx::floatx<5, 52>",31,0,13.352973,ok,"{""flx::floatx<5, 52>"": [""0"", ""1"", ""10"", ""11"", ""12"", ""13"", ""14"", ""15"", ""16"", ""17"", ""18"", ""19"", ""2"", ""20"", ""21"", ""22"", ""23"", ""24"", ""25"", ""26"", ""27"", ""28"", ""29"", ""3"", ""30"", ""4"", ""5"", ""6"", ""7"", ""8"", ""9""]}",
exp,3,6,52,"flx::floatx<6, 52>",31,0,13.341899,ok,"{""flx::floatx<6, 52>"": [""0"", ""1"", ""10"", ""11"", ""12"", ""13"", ""14"", ""15"", ""16"", ""17"", ""18"", ""19"", ""2"", ""20"", ""21"", ""22"", ""23"", ""24"", ""25"", ""26"", ""27"", ""28"", ""29"", ""3"", ""30"", ""4"", ""5"", ""6"", ""7"", ""8"", ""9""]}",
exp,3,7,52,"flx::floatx<7, 52>",31,0,13.335711,ok,"{""flx::floatx<7, 52>"": [""0"", ""1"", ""10"", ""11"", ""12"", ""13"", ""14"", ""15"", ""16"", ""17"", ""18"", ""19"", ""2"", ""20"", ""21"", ""22"", ""23"", ""24"", ""25"", ""26"", ""27"", ""28"", ""29"", ""3"", ""30"", ""4"", ""5"", ""6"", ""7"", ""8"", ""9""]}",
exp,3,8,52,"flx::floatx<8, 52>",31,0,13.314596,ok,"{""flx::floatx<8, 52>"": [""0"", ""1"", ""10"", ""11"", ""12"", ""13"", ""14"", ""15"", ""16"", ""17"", ""18"", ""19"", ""2"", ""20"", ""21"", ""22"", ""23"", ""24"", ""25"", ""26"", ""27"", ""28"", ""29"", ""3"", ""30"", ""4"", ""5"", ""6"", ""7"", ""8"", ""9""]}",
exp,3,9,52,"flx::floatx<9, 52>",31,0,13.298717,ok,"{""flx::floatx<9, 52>"": [""0"", ""1"", ""10"", ""11"", ""12"", ""13"", ""14"", ""15"", ""16"", ""17"", ""18"", ""19"", ""2"", ""20"", ""21"", ""22"", ""23"", ""24"", ""25"", ""26"", ""27"", ""28"", ""29"", ""3"", ""30"", ""4"", ""5"", ""6"", ""7"", ""8"", ""9""]}",
exp,3,10,52,"flx::floatx<10, 52>",31,0,13.327623,ok,"{""flx::floatx<10, 52>"": [""0"", ""1"", ""10"", ""11"", ""12"", ""13"", ""14"", ""15"", ""16"", ""17"", ""18"", ""19"", ""2"", ""20"", ""21"", ""22"", ""23"", ""24"", ""25"", ""26"", ""27"", ""28"", ""29"", ""3"", ""30"", ""4"", ""5"", ""6"", ""7"", ""8"", ""9""]}",
exp,3,11,52,"flx::floatx<11, 52>",31,0,13.258541,ok,"{""flx::floatx<11, 52>"": [""0"", ""1"", ""10"", ""11"", ""12"", ""13"", ""14"", ""15"", ""16"", ""17"", ""18"", ""19"", ""2"", ""20"", ""21"", ""22"", ""23"", ""24"", ""25"", ""26"", ""27"", ""28"", ""29"", ""3"", ""30"", ""4"", ""5"", ""6"", ""7"", ""8"", ""9""]}",
sig,4,11,1,"flx::floatx<11, 1>",18,13,69.261739,ok,"{""double"": [""0"", ""1"", ""10"", ""11"", ""2"", ""24"", ""25"", ""26"", ""27"", ""28"", ""29"", ""30"", ""9""], ""flx::floatx<11, 1>"": [""12"", ""13"", ""14"", ""15"", ""16"", ""17"", ""18"", ""19"", ""20"", ""21"", ""22"", ""23"", ""3"", ""4"", ""5"", ""6"", ""7"", ""8""]}",
sig,4,11,2,"flx::floatx<11, 2>",18,13,69.323110,ok,"{""double"": [""0"", ""1"", ""10"", ""11"", ""2"", ""24"", ""25"", ""26"", ""27"", ""28"", ""29"", ""30"", ""9""], ""flx::floatx<11, 2>"": [""12"", ""13"", ""14"", ""15"", ""16"", ""17"", ""18"", ""19"", ""20"", ""21"", ""22"", ""23"", ""3"", ""4"", ""5"", ""6"", ""7"", ""8""]}",
sig,4,11,3,"flx::floatx<11, 3>",18,13,69.378870,ok,"{""double"": [""0"", ""1"", ""10"", ""11"", ""2"", ""24"", ""25"", ""26"", ""27"", ""28"", ""29"", ""30"", ""9""], ""flx::floatx<11, 3>"": [""12"", ""13"", ""14"", ""15"", ""16"", ""17"", ""18"", ""19"", ""20"", ""21"", ""22"", ""23"", ""3"", ""4"", ""5"", ""6"", ""7"", ""8""]}",
sig,4,11,4,"flx::floatx<11, 4>",18,13,69.269126,ok,"{""double"": [""0"", ""1"", ""10"", ""11"", ""2"", ""24"", ""25"", ""26"", ""27"", ""28"", ""29"", ""30"", ""9""], ""flx::floatx<11, 4>"": [""12"", ""13"", ""14"", ""15"", ""16"", ""17"", ""18"", ""19"", ""20"", ""21"", ""22"", ""23"", ""3"", ""4"", ""5"", ""6"", ""7"", ""8""]}",
sig,4,11,5,"flx::floatx<11, 5>",18,13,69.197440,ok,"{""double"": [""0"", ""1"", ""10"", ""11"", ""2"", ""24"", ""25"", ""26"", ""27"", ""28"", ""29"", ""30"", ""9""], ""flx::floatx<11, 5>"": [""12"", ""13"", ""14"", ""15"", ""16"", ""17"", ""18"", ""19"", ""20"", ""21"", ""22"", ""23"", ""3"", ""4"", ""5"", ""6"", ""7"", ""8""]}",
sig,4,11,6,"flx::floatx<11, 6>",18,13,69.139562,ok,"{""double"": [""0"", ""1"", ""10"", ""11"", ""2"", ""24"", ""25"", ""26"", ""27"", ""28"", ""29"", ""30"", ""9""], ""flx::floatx<11, 6>"": [""12"", ""13"", ""14"", ""15"", ""16"", ""17"", ""18"", ""19"", ""20"", ""21"", ""22"", ""23"", ""3"", ""4"", ""5"", ""6"", ""7"", ""8""]}",
sig,4,11,7,"flx::floatx<11, 7>",18,13,69.253068,ok,"{""double"": [""0"", ""1"", ""10"", ""11"", ""2"", ""24"", ""25"", ""26"", ""27"", ""28"", ""29"", ""30"", ""9""], ""flx::floatx<11, 7>"": [""12"", ""13"", ""14"", ""15"", ""16"", ""17"", ""18"", ""19"", ""20"", ""21"", ""22"", ""23"", ""3"", ""4"", ""5"", ""6"", ""7"", ""8""]}",
sig,4,11,8,"flx::floatx<11, 8>",18,13,69.320782,ok,"{""double"": [""0"", ""1"", ""10"", ""11"", ""2"", ""24"", ""25"", ""26"", ""27"", ""28"", ""29"", ""30"", ""9""], ""flx::floatx<11, 8>"": [""12"", ""13"", ""14"", ""15"", ""16"", ""17"", ""18"", ""19"", ""20"", ""21"", ""22"", ""23"", ""3"", ""4"", ""5"", ""6"", ""7"", ""8""]}",
sig,4,11,9,"flx::floatx<11, 9>",18,13,69.283702,ok,"{""double"": [""0"", ""1"", ""10"", ""11"", ""2"", ""24"", ""25"", ""26"", ""27"", ""28"", ""29"", ""30"", ""9""], ""flx::floatx<11, 9>"": [""12"", ""13"", ""14"", ""15"", ""16"", ""17"", ""18"", ""19"", ""20"", ""21"", ""22"", ""23"", ""3"", ""4"", ""5"", ""6"", ""7"", ""8""]}",
sig,4,11,10,"flx::floatx<11, 10>",18,13,69.290397,ok,"{""double"": [""0"", ""1"", ""10"", ""11"", ""2"", ""24"", ""25"", ""26"", ""27"", ""28"", ""29"", ""30"", ""9""], ""flx::floatx<11, 10>"": [""12"", ""13"", ""14"", ""15"", ""16"", ""17"", ""18"", ""19"", ""20"", ""21"", ""22"", ""23"", ""3"", ""4"", ""5"", ""6"", ""7"", ""8""]}",
sig,4,11,11,"flx::floatx<11, 11>",18,13,69.330286,ok,"{""double"": [""0"", ""1"", ""10"", ""11"", ""2"", ""24"", ""25"", ""26"", ""27"", ""28"", ""29"", ""30"", ""9""], ""flx::floatx<11, 11>"": [""12"", ""13"", ""14"", ""15"", ""16"", ""17"", ""18"", ""19"", ""20"", ""21"", ""22"", ""23"", ""3"", ""4"", ""5"", ""6"", ""7"", ""8""]}",
sig,4,11,12,"flx::floatx<11, 12>",31,0,13.365743,ok,"{""flx::floatx<11, 12>"": [""0"", ""1"", ""10"", ""11"", ""12"", ""13"", ""14"", ""15"", ""16"", ""17"", ""18"", ""19"", ""2"", ""20"", ""21"", ""22"", ""23"", ""24"", ""25"", ""26"", ""27"", ""28"", ""29"", ""3"", ""30"", ""4"", ""5"", ""6"", ""7"", ""8"", ""9""]}",
sig,4,11,13,"flx::floatx<11, 13>",31,0,13.287681,ok,"{""flx::floatx<11, 13>"": [""0"", ""1"", ""10"", ""11"", ""12"", ""13"", ""14"", ""15"", ""16"", ""17"", ""18"", ""19"", ""2"", ""20"", ""21"", ""22"", ""23"", ""24"", ""25"", ""26"", ""27"", ""28"", ""29"", ""3"", ""30"", ""4"", ""5"", ""6"", ""7"", ""8"", ""9""]}",
sig,4,11,14,"flx::floatx<11, 14>",31,0,13.361629,ok,"{""flx::floatx<11, 14>"": [""0"", ""1"", ""10"", ""11"", ""12"", ""13"", ""14"", ""15"", ""16"", ""17"", ""18"", ""19"", ""2"", ""20"", ""21"", ""22"", ""23"", ""24"", ""25"", ""26"", ""27"", ""28"", ""29"", ""3"", ""30"", ""4"", ""5"", ""6"", ""7"", ""8"", ""9""]}",
sig,4,11,15,"flx::floatx<11, 15>",31,0,13.334802,ok,"{""flx::floatx<11, 15>"": [""0"", ""1"", ""10"", ""11"", ""12"", ""13"", ""14"", ""15"", ""16"", ""17"", ""18"", ""19"", ""2"", ""20"", ""21"", ""22"", ""23"", ""24"", ""25"", ""26"", ""27"", ""28"", ""29"", ""3"", ""30"", ""4"", ""5"", ""6"", ""7"", ""8"", ""9""]}",
sig,4,11,16,"flx::floatx<11, 16>",31,0,13.348324,ok,"{""flx::floatx<11, 16>"": [""0"", ""1"", ""10"", ""11"", ""12"", ""13"", ""14"", ""15"", ""16"", ""17"", ""18"", ""19"", ""2"", ""20"", ""21"", ""22"", ""23"", ""24"", ""25"", ""26"", ""27"", ""28"", ""29"", ""3"", ""30"", ""4"", ""5"", ""6"", ""7"", ""8"", ""9""]}",
sig,4,11,17,"flx::floatx<11, 17>",31,0,13.297087,ok,"{""flx::floatx<11, 17>"": [""0"", ""1"", ""10"", ""11"", ""12"", ""13"", ""14"", ""15"", ""16"", ""17"", ""18"", ""19"", ""2"", ""20"", ""21"", ""22"", ""23"", ""24"", ""25"", ""26"", ""27"", ""28"", ""29"", ""3"", ""30"", ""4"", ""5"", ""6"", ""7"", ""8"", ""9""]}",
sig,4,11,18,"flx::floatx<11, 18>",31,0,13.310351,ok,"{""flx::floatx<11, 18>"": [""0"", ""1"", ""10"", ""11"", ""12"", ""13"", ""14"", ""15"", ""16"", ""17"", ""18"", ""19"", ""2"", ""20"", ""21"", ""22"", ""23"", ""24"", ""25"", ""26"", ""27"", ""28"", ""29"", ""3"", ""30"", ""4"", ""5"", ""6"", ""7"", ""8"", ""9""]}",
sig,4,11,19,"flx::floatx<11, 19>",31,0,13.365546,ok,"{""flx::floatx<11, 19>"": [""0"", ""1"", ""10"", ""11"", ""12"", ""13"", ""14"", ""15"", ""16"", ""17"", ""18"", ""19"", ""2"", ""20"", ""21"", ""22"", ""23"", ""24"", ""25"", ""26"", ""27"", ""28"", ""29"", ""3"", ""30"", ""4"", ""5"", ""6"", ""7"", ""8"", ""9""]}",
sig,4,11,20,"flx::floatx<11, 20>",31,0,13.346447,ok,"{""flx::floatx<11, 20>"": [""0"", ""1"", ""10"", ""11"", ""12"", ""13"", ""14"", ""15"", ""16"", ""17"", ""18"", ""19"", ""2"", ""20"", ""21"", ""22"", ""23"", ""24"", ""25"", ""26"", ""27"", ""28"", ""29"", ""3"", ""30"", ""4"", ""5"", ""6"", ""7"", ""8"", ""9""]}",
sig,4,11,21,"flx::floatx<11, 21>",31,0,13.353208,ok,"{""flx::floatx<11, 21>"": [""0"", ""1"", ""10"", ""11"", ""12"", ""13"", ""14"", ""15"", ""16"", ""17"", ""18"", ""19"", ""2"", ""20"", ""21"", ""22"", ""23"", ""24"", ""25"", ""26"", ""27"", ""28"", ""29"", ""3"", ""30"", ""4"", ""5"", ""6"", ""7"", ""8"", ""9""]}",
sig,4,11,22,"flx::floatx<11, 22>",31,0,13.326449,ok,"{""flx::floatx<11, 22>"": [""0"", ""1"", ""10"", ""11"", ""12"", ""13"", ""14"", ""15"", ""16"", ""17"", ""18"", ""19"", ""2"", ""20"", ""21"", ""22"", ""23"", ""24"", ""25"", ""26"", ""27"", ""28"", ""29"", ""3"", ""30"", ""4"", ""5"", ""6"", ""7"", ""8"", ""9""]}",
sig,4,11,23,"flx::floatx<11, 23>",31,0,13.336610,ok,"{""flx::floatx<11, 23>"": [""0"", ""1"", ""10"", ""11"", ""12"", ""13"", ""14"", ""15"", ""16"", ""17"", ""18"", ""19"", ""2"", ""20"", ""21"", ""22"", ""23"", ""24"", ""25"", ""26"", ""27"", ""28"", ""29"", ""3"", ""30"", ""4"", ""5"", ""6"", ""7"", ""8"", ""9""]}",
sig,4,11,24,"flx::floatx<11, 24>",31,0,13.300215,ok,"{""flx::floatx<11, 24>"": [""0"", ""1"", ""10"", ""11"", ""12"", ""13"", ""14"", ""15"", ""16"", ""17"", ""18"", ""19"", ""2"", ""20"", ""21"", ""22"", ""23"", ""24"", ""25"", ""26"", ""27"", ""28"", ""29"", ""3"", ""30"", ""4"", ""5"", ""6"", ""7"", ""8"", ""9""]}",
sig,4,11,25,"flx::floatx<11, 25>",31,0,13.375229,ok,"{""flx::floatx<11, 25>"": [""0"", ""1"", ""10"", ""11"", ""12"", ""13"", ""14"", ""15"", ""16"", ""17"", ""18"", ""19"", ""2"", ""20"", ""21"", ""22"", ""23"", ""24"", ""25"", ""26"", ""27"", ""28"", ""29"", ""3"", ""30"", ""4"", ""5"", ""6"", ""7"", ""8"", ""9""]}",
sig,4,11,26,"flx::floatx<11, 26>",31,0,13.337348,ok,"{""flx::floatx<11, 26>"": [""0"", ""1"", ""10"", ""11"", ""12"", ""13"", ""14"", ""15"", ""16"", ""17"", ""18"", ""19"", ""2"", ""20"", ""21"", ""22"", ""23"", ""24"", ""25"", ""26"", ""27"", ""28"", ""29"", ""3"", ""30"", ""4"", ""5"", ""6"", ""7"", ""8"", ""9""]}",
sig,4,11,27,"flx::floatx<11, 27>",31,0,13.326614,ok,"{""flx::floatx<11, 27>"": [""0"", ""1"", ""10"", ""11"", ""12"", ""13"", ""14"", ""15"", ""16"", ""17"", ""18"", ""19"", ""2"", ""20"", ""21"", ""22"", ""23"", ""24"", ""25"", ""26"", ""27"", ""28"", ""29"", ""3"", ""30"", ""4"", ""5"", ""6"", ""7"", ""8"", ""9""]}",
sig,4,11,28,"flx::floatx<11, 28>",31,0,13.322098,ok,"{""flx::floatx<11, 28>"": [""0"", ""1"", ""10"", ""11"", ""12"", ""13"", ""14"", ""15"", ""16"", ""17"", ""18"", ""19"", ""2"", ""20"", ""21"", ""22"", ""23"", ""24"", ""25"", ""26"", ""27"", ""28"", ""29"", ""3"", ""30"", ""4"", ""5"", ""6"", ""7"", ""8"", ""9""]}",
sig,4,11,29,"flx::floatx<11, 29>",31,0,13.353884,ok,"{""flx::floatx<11, 29>"": [""0"", ""1"", ""10"", ""11"", ""12"", ""13"", ""14"", ""15"", ""16"", ""17"", ""18"", ""19"", ""2"", ""20"", ""21"", ""22"", ""23"", ""24"", ""25"", ""26"", ""27"", ""28"", ""29"", ""3"", ""30"", ""4"", ""5"", ""6"", ""7"", ""8"", ""9""]}",
sig,4,11,30,"flx::floatx<11, 30>",31,0,13.369267,ok,"{""flx::floatx<11, 30>"": [""0"", ""1"", ""10"", ""11"", ""12"", ""13"", ""14"", ""15"", ""16"", ""17"", ""18"", ""19"", ""2"", ""20"", ""21"", ""22"", ""23"", ""24"", ""25"", ""26"", ""27"", ""28"", ""29"", ""3"", ""30"", ""4"", ""5"", ""6"", ""7"", ""8"", ""9""]}",
sig,4,11,31,"flx::floatx<11, 31>",31,0,13.303750,ok,"{""flx::floatx<11, 31>"": [""0"", ""1"", ""10"", ""11"", ""12"", ""13"", ""14"", ""15"", ""16"", ""17"", ""18"", ""19"", ""2"", ""20"", ""21"", ""22"", ""23"", ""24"", ""25"", ""26"", ""27"", ""28"", ""29"", ""3"", ""30"", ""4"", ""5"", ""6"", ""7"", ""8"", ""9""]}",
sig,4,11,32,"flx::floatx<11, 32>",31,0,13.359271,ok,"{""flx::floatx<11, 32>"": [""0"", ""1"", ""10"", ""11"", ""12"", ""13"", ""14"", ""15"", ""16"", ""17"", ""18"", ""19"", ""2"", ""20"", ""21"", ""22"", ""23"", ""24"", ""25"", ""26"", ""27"", ""28"", ""29"", ""3"", ""30"", ""4"", ""5"", ""6"", ""7"", ""8"", ""9""]}",
sig,4,11,33,"flx::floatx<11, 33>",31,0,13.311325,ok,"{""flx::floatx<11, 33>"": [""0"", ""1"", ""10"", ""11"", ""12"", ""13"", ""14"", ""15"", ""16"", ""17"", ""18"", ""19"", ""2"", ""20"", ""21"", ""22"", ""23"", ""24"", ""25"", ""26"", ""27"", ""28"", ""29"", ""3"", ""30"", ""4"", ""5"", ""6"", ""7"", ""8"", ""9""]}",
sig,4,11,34,"flx::floatx<11, 34>",31,0,13.330194,ok,"{""flx::floatx<11, 34>"": [""0"", ""1"", ""10"", ""11"", ""12"", ""13"", ""14"", ""15"", ""16"", ""17"", ""18"", ""19"", ""2"", ""20"", ""21"", ""22"", ""23"", ""24"", ""25"", ""26"", ""27"", ""28"", ""29"", ""3"", ""30"", ""4"", ""5"", ""6"", ""7"", ""8"", ""9""]}",
sig,4,11,35,"flx::floatx<11, 35>",31,0,13.305240,ok,"{""flx::floatx<11, 35>"": [""0"", ""1"", ""10"", ""11"", ""12"", ""13"", ""14"", ""15"", ""16"", ""17"", ""18"", ""19"", ""2"", ""20"", ""21"", ""22"", ""23"", ""24"", ""25"", ""26"", ""27"", ""28"", ""29"", ""3"", ""30"", ""4"", ""5"", ""6"", ""7"", ""8"", ""9""]}",
sig,4,11,36,"flx::floatx<11, 36>",31,0,13.312783,ok,"{""flx::floatx<11, 36>"": [""0"", ""1"", ""10"", ""11"", ""12"", ""13"", ""14"", ""15"", ""16"", ""17"", ""18"", ""19"", ""2"", ""20"", ""21"", ""22"", ""23"", ""24"", ""25"", ""26"", ""27"", ""28"", ""29"", ""3"", ""30"", ""4"", ""5"", ""6"", ""7"", ""8"", ""9""]}",
sig,4,11,37,"flx::floatx<11, 37>",31,0,13.311502,ok,"{""flx::floatx<11, 37>"": [""0"", ""1"", ""10"", ""11"", ""12"", ""13"", ""14"", ""15"", ""16"", ""17"", ""18"", ""19"", ""2"", ""20"", ""21"", ""22"", ""23"", ""24"", ""25"", ""26"", ""27"", ""28"", ""29"", ""3"", ""30"", ""4"", ""5"", ""6"", ""7"", ""8"", ""9""]}",
sig,4,11,38,"flx::floatx<11, 38>",31,0,13.372654,ok,"{""flx::floatx<11, 38>"": [""0"", ""1"", ""10"", ""11"", ""12"", ""13"", ""14"", ""15"", ""16"", ""17"", ""18"", ""19"", ""2"", ""20"", ""21"", ""22"", ""23"", ""24"", ""25"", ""26"", ""27"", ""28"", ""29"", ""3"", ""30"", ""4"", ""5"", ""6"", ""7"", ""8"", ""9""]}",
sig,4,11,39,"flx::floatx<11, 39>",31,0,13.383108,ok,"{""flx::floatx<11, 39>"": [""0"", ""1"", ""10"", ""11"", ""12"", ""13"", ""14"", ""15"", ""16"", ""17"", ""18"", ""19"", ""2"", ""20"", ""21"", ""22"", ""23"", ""24"", ""25"", ""26"", ""27"", ""28"", ""29"", ""3"", ""30"", ""4"", ""5"", ""6"", ""7"", ""8"", ""9""]}",
sig,4,11,40,"flx::floatx<11, 40>",31,0,13.323477,ok,"{""flx::floatx<11, 40>"": [""0"", ""1"", ""10"", ""11"", ""12"", ""13"", ""14"", ""15"", ""16"", ""17"", ""18"", ""19"", ""2"", ""20"", ""21"", ""22"", ""23"", ""24"", ""25"", ""26"", ""27"", ""28"", ""29"", ""3"", ""30"", ""4"", ""5"", ""6"", ""7"", ""8"", ""9""]}",
sig,4,11,41,"flx::floatx<11, 41>",31,0,13.329542,ok,"{""flx::floatx<11, 41>"": [""0"", ""1"", ""10"", ""11"", ""12"", ""13"", ""14"", ""15"", ""16"", ""17"", ""18"", ""19"", ""2"", ""20"", ""21"", ""22"", ""23"", ""24"", ""25"", ""26"", ""27"", ""28"", ""29"", ""3"", ""30"", ""4"", ""5"", ""6"", ""7"", ""8"", ""9""]}",
sig,4,11,42,"flx::floatx<11, 42>",31,0,13.369616,ok,"{""flx::floatx<11, 42>"": [""0"", ""1"", ""10"", ""11"", ""12"", ""13"", ""14"", ""15"", ""16"", ""17"", ""18"", ""19"", ""2"", ""20"", ""21"", ""22"", ""23"", ""24"", ""25"", ""26"", ""27"", ""28"", ""29"", ""3"", ""30"", ""4"", ""5"", ""6"", ""7"", ""8"", ""9""]}",
sig,4,11,43,"flx::floatx<11, 43>",31,0,13.322321,ok,"{""flx::floatx<11, 43>"": [""0"", ""1"", ""10"", ""11"", ""12"", ""13"", ""14"", ""15"", ""16"", ""17"", ""18"", ""19"", ""2"", ""20"", ""21"", ""22"", ""23"", ""24"", ""25"", ""26"", ""27"", ""28"", ""29"", ""3"", ""30"", ""4"", ""5"", ""6"", ""7"", ""8"", ""9""]}",
sig,4,11,44,"flx::floatx<11, 44>",31,0,13.313181,ok,"{""flx::floatx<11, 44>"": [""0"", ""1"", ""10"", ""11"", ""12"", ""13"", ""14"", ""15"", ""16"", ""17"", ""18"", ""19"", ""2"", ""20"", ""21"", ""22"", ""23"", ""24"", ""25"", ""26"", ""27"", ""28"", ""29"", ""3"", ""30"", ""4"", ""5"", ""6"", ""7"", ""8"", ""9""]}",
sig,4,11,45,"flx::floatx<11, 45>",31,0,13.360407,ok,"{""flx::floatx<11, 45>"": [""0"", ""1"", ""10"", ""11"", ""12"", ""13"", ""14"", ""15"", ""16"", ""17"", ""18"", ""19"", ""2"", ""20"", ""21"", ""22"", ""23"", ""24"", ""25"", ""26"", ""27"", ""28"", ""29"", ""3"", ""30"", ""4"", ""5"", ""6"", ""7"", ""8"", ""9""]}",
sig,4,11,46,"flx::floatx<11, 46>",31,0,13.344398,ok,"{""flx::floatx<11, 46>"": [""0"", ""1"", ""10"", ""11"", ""12"", ""13"", ""14"", ""15"", ""16"", ""17"", ""18"", ""19"", ""2"", ""20"", ""21"", ""22"", ""23"", ""24"", ""25"", ""26"", ""27"", ""28"", ""29"", ""3"", ""30"", ""4"", ""5"", ""6"", ""7"", ""8"", ""9""]}",
sig,4,11,47,"flx::floatx<11, 47>",31,0,13.361524,ok,"{""flx::floatx<11, 47>"": [""0"", ""1"", ""10"", ""11"", ""12"", ""13"", ""14"", ""15"", ""16"", ""17"", ""18"", ""19"", ""2"", ""20"", ""21"", ""22"", ""23"", ""24"", ""25"", ""26"", ""27"", ""28"", ""29"", ""3"", ""30"", ""4"", ""5"", ""6"", ""7"", ""8"", ""9""]}",
sig,4,11,48,"flx::floatx<11, 48>",31,0,13.314349,ok,"{""flx::floatx<11, 48>"": [""0"", ""1"", ""10"", ""11"", ""12"", ""13"", ""14"", ""15"", ""16"", ""17"", ""18"", ""19"", ""2"", ""20"", ""21"", ""22"", ""23"", ""24"", ""25"", ""26"", ""27"", ""28"", ""29"", ""3"", ""30"", ""4"", ""5"", ""6"", ""7"", ""8"", ""9""]}",
sig,4,11,49,"flx::floatx<11, 49>",31,0,13.436483,ok,"{""flx::floatx<11, 49>"": [""0"", ""1"", ""10"", ""11"", ""12"", ""13"", ""14"", ""15"", ""16"", ""17"", ""18"", ""19"", ""2"", ""20"", ""21"", ""22"", ""23"", ""24"", ""25"", ""26"", ""27"", ""28"", ""29"", ""3"", ""30"", ""4"", ""5"", ""6"", ""7"", ""8"", ""9""]}",
sig,4,11,50,"flx::floatx<11, 50>",31,0,13.350997,ok,"{""flx::floatx<11, 50>"": [""0"", ""1"", ""10"", ""11"", ""12"", ""13"", ""14"", ""15"", ""16"", ""17"", ""18"", ""19"", ""2"", ""20"", ""21"", ""22"", ""23"", ""24"", ""25"", ""26"", ""27"", ""28"", ""29"", ""3"", ""30"", ""4"", ""5"", ""6"", ""7"", ""8"", ""9""]}",
sig,4,11,51,"flx::floatx<11, 51>",31,0,13.320336,ok,"{""flx::floatx<11, 51>"": [""0"", ""1"", ""10"", ""11"", ""12"", ""13"", ""14"", ""15"", ""16"", ""17"", ""18"", ""19"", ""2"", ""20"", ""21"", ""22"", ""23"", ""24"", ""25"", ""26"", ""27"", ""28"", ""29"", ""3"", ""30"", ""4"", ""5"", ""6"", ""7"", ""8"", ""9""]}",
sig,4,11,52,"flx::floatx<11, 52>",31,0,13.284884,ok,"{""flx::floatx<11, 52>"": [""0"", ""1"", ""10"", ""11"", ""12"", ""13"", ""14"", ""15"", ""16"", ""17"", ""18"", ""19"", ""2"", ""20"", ""21"", ""22"", ""23"", ""24"", ""25"", ""26"", ""27"", ""28"", ""29"", ""3"", ""30"", ""4"", ""5"", ""6"", ""7"", ""8"", ""9""]}",
exp,4,1,52,"flx::floatx<1, 52>",18,13,69.052405,ok,"{""double"": [""0"", ""1"", ""10"", ""11"", ""2"", ""24"", ""25"", ""26"", ""27"", ""28"", ""29"", ""30"", ""9""], ""flx::floatx<1, 52>"": [""12"", ""13"", ""14"", ""15"", ""16"", ""17"", ""18"", ""19"", ""20"", ""21"", ""22"", ""23"", ""3"", ""4"", ""5"", ""6"", ""7"", ""8""]}",
exp,4,2,52,"flx::floatx<2, 52>",18,13,69.197780,ok,"{""double"": [""0"", ""1"", ""10"", ""11"", ""2"", ""24"", ""25"", ""26"", ""27"", ""28"", ""29"", ""30"", ""9""], ""flx::floatx<2, 52>"": [""12"", ""13"", ""14"", ""15"", ""16"", ""17"", ""18"", ""19"", ""20"", ""21"", ""22"", ""23"", ""3"", ""4"", ""5"", ""6"", ""7"", ""8""]}",
exp,4,3,52,"flx::floatx<3, 52>",18,13,69.359651,ok,"{""double"": [""0"", ""1"", ""10"", ""11"", ""2"", ""24"", ""25"", ""26"", ""27"", ""28"", ""29"", ""30"", ""9""], ""flx::floatx<3, 52>"": [""12"", ""13"", ""14"", ""15"", ""16"", ""17"", ""18"", ""19"", ""20"", ""21"", ""22"", ""23"", ""3"", ""4"", ""5"", ""6"", ""7"", ""8""]}",
exp,4,4,52,"flx::floatx<4, 52>",18,13,69.222234,ok,"{""double"": [""0"", ""1"", ""10"", ""11"", ""2"", ""24"", ""25"", ""26"", ""27"", ""28"", ""29"", ""30"", ""9""], ""flx::floatx<4, 52>"": [""12"", ""13"", ""14"", ""15"", ""16"", ""17"", ""18"", ""19"", ""20"", ""21"", ""22"", ""23"", ""3"", ""4"", ""5"", ""6"", ""7"", ""8""]}",
exp,4,5,52,"flx::floatx<5, 52>",31,0,13.374582,ok,"{""flx::floatx<5, 52>"": [""0"", ""1"", ""10"", ""11"", ""12"", ""13"", ""14"", ""15"", ""16"", ""17"", ""18"", ""19"", ""2"", ""20"", ""21"", ""22"", ""23"", ""24"", ""25"", ""26"", ""27"", ""28"", ""29"", ""3"", ""30"", ""4"", ""5"", ""6"", ""7"", ""8"", ""9""]}",
exp,4,6,52,"flx::floatx<6, 52>",31,0,13.400748,ok,"{""flx::floatx<6, 52>"": [""0"", ""1"", ""10"", ""11"", ""12"", ""13"", ""14"", ""15"", ""16"", ""17"", ""18"", ""19"", ""2"", ""20"", ""21"", ""22"", ""23"", ""24"", ""25"", ""26"", ""27"", ""28"", ""29"", ""3"", ""30"", ""4"", ""5"", ""6"", ""7"", ""8"", ""9""]}",
exp,4,7,52,"flx::floatx<7, 52>",31,0,13.311459,ok,"{""flx::floatx<7, 52>"": [""0"", ""1"", ""10"", ""11"", ""12"", ""13"", ""14"", ""15"", ""16"", ""17"", ""18"", ""19"", ""2"", ""20"", ""21"", ""22"", ""23"", ""24"", ""25"", ""26"", ""27"", ""28"", ""29"", ""3"", ""30"", ""4"", ""5"", ""6"", ""7"", ""8"", ""9""]}",
exp,4,8,52,"flx::floatx<8, 52>",31,0,13.351836,ok,"{""flx::floatx<8, 52>"": [""0"", ""1"", ""10"", ""11"", ""12"", ""13"", ""14"", ""15"", ""16"", ""17"", ""18"", ""19"", ""2"", ""20"", ""21"", ""22"", ""23"", ""24"", ""25"", ""26"", ""27"", ""28"", ""29"", ""3"", ""30"", ""4"", ""5"", ""6"", ""7"", ""8"", ""9""]}",
exp,4,9,52,"flx::floatx<9, 52>",31,0,13.316431,ok,"{""flx::floatx<9, 52>"": [""0"", ""1"", ""10"", ""11"", ""12"", ""13"", ""14"", ""15"", ""16"", ""17"", ""18"", ""19"", ""2"", ""20"", ""21"", ""22"", ""23"", ""24"", ""25"", ""26"", ""27"", ""28"", ""29"", ""3"", ""30"", ""4"", ""5"", ""6"", ""7"", ""8"", ""9""]}",
exp,4,10,52,"flx::floatx<10, 52>",31,0,13.314154,ok,"{""flx::floatx<10, 52>"": [""0"", ""1"", ""10"", ""11"", ""12"", ""13"", ""14"", ""15"", ""16"", ""17"", ""18"", ""19"", ""2"", ""20"", ""21"", ""22"", ""23"", ""24"", ""25"", ""26"", ""27"", ""28"", ""29"", ""3"", ""30"", ""4"", ""5"", ""6"", ""7"", ""8"", ""9""]}",
exp,4,11,52,"flx::floatx<11, 52>",31,0,13.303632,ok,"{""flx::floatx<11, 52>"": [""0"", ""1"", ""10"", ""11"", ""12"", ""13"", ""14"", ""15"", ""16"", ""17"", ""18"", ""19"", ""2"", ""20"", ""21"", ""22"", ""23"", ""24"", ""25"", ""26"", ""27"", ""28"", ""29"", ""3"", ""30"", ""4"", ""5"", ""6"", ""7"", ""8"", ""9""]}",
sig,5,11,1,"flx::floatx<11, 1>",18,13,69.306459,ok,"{""double"": [""0"", ""1"", ""10"", ""11"", ""2"", ""24"", ""25"", ""26"", ""27"", ""28"", ""29"", ""30"", ""9""], ""flx::floatx<11, 1>"": [""12"", ""13"", ""14"", ""15"", ""16"", ""17"", ""18"", ""19"", ""20"", ""21"", ""22"", ""23"", ""3"", ""4"", ""5"", ""6"", ""7"", ""8""]}",
sig,5,11,2,"flx::floatx<11, 2>",18,13,69.279090,ok,"{""double"": [""0"", ""1"", ""10"", ""11"", ""2"", ""24"", ""25"", ""26"", ""27"", ""28"", ""29"", ""30"", ""9""], ""flx::floatx<11, 2>"": [""12"", ""13"", ""14"", ""15"", ""16"", ""17"", ""18"", ""19"", ""20"", ""21"", ""22"", ""23"", ""3"", ""4"", ""5"", ""6"", ""7"", ""8""]}",
sig,5,11,3,"flx::floatx<11, 3>",18,13,69.386210,ok,"{""double"": [""0"", ""1"", ""10"", ""11"", ""2"", ""24"", ""25"", ""26"", ""27"", ""28"", ""29"", ""30"", ""9""], ""flx::floatx<11, 3>"": [""12"", ""13"", ""14"", ""15"", ""16"", ""17"", ""18"", ""19"", ""20"", ""21"", ""22"", ""23"", ""3"", ""4"", ""5"", ""6"", ""7"", ""8""]}",
sig,5,11,4,"flx::floatx<11, 4>",18,13,69.348003,ok,"{""double"": [""0"", ""1"", ""10"", ""11"", ""2"", ""24"", ""25"", ""26"", ""27"", ""28"", ""29"", ""30"", ""9""], ""flx::floatx<11, 4>"": [""12"", ""13"", ""14"", ""15"", ""16"", ""17"", ""18"", ""19"", ""20"", ""21"", ""22"", ""23"", ""3"", ""4"", ""5"", ""6"", ""7"", ""8""]}",
sig,5,11,5,"flx::floatx<11, 5>",18,13,69.196075,ok,"{""double"": [""0"", ""1"", ""10"", ""11"", ""2"", ""24"", ""25"", ""26"", ""27"", ""28"", ""29"", ""30"", ""9""], ""flx::floatx<11, 5>"": [""12"", ""13"", ""14"", ""15"", ""16"", ""17"", ""18"", ""19"", ""20"", ""21"", ""22"", ""23"", ""3"", ""4"", ""5"", ""6"", ""7"", ""8""]}",
sig,5,11,6,"flx::floatx<11, 6>",18,13,69.270148,ok,"{""double"": [""0"", ""1"", ""10"", ""11"", ""2"", ""24"", ""25"", ""26"", ""27"", ""28"", ""29"", ""30"", ""9""], ""flx::floatx<11, 6>"": [""12"", ""13"", ""14"", ""15"", ""16"", ""17"", ""18"", ""19"", ""20"", ""21"", ""22"", ""23"", ""3"", ""4"", ""5"", ""6"", ""7"", ""8""]}",
sig,5,11,7,"flx::floatx<11, 7>",18,13,69.242816,ok,"{""double"": [""0"", ""1"", ""10"", ""11"", ""2"", ""24"", ""25"", ""26"", ""27"", ""28"", ""29"", ""30"", ""9""], ""flx::floatx<11, 7>"": [""12"", ""13"", ""14"", ""15"", ""16"", ""17"", ""18"", ""19"", ""20"", ""21"", ""22"", ""23"", ""3"", ""4"", ""5"", ""6"", ""7"", ""8""]}",
sig,5,11,8,"flx::floatx<11, 8>",18,13,69.368678,ok,"{""double"": [""0"", ""1"", ""10"", ""11"", ""2"", ""24"", ""25"", ""26"", ""27"", ""28"", ""29"", ""30"", ""9""], ""flx::floatx<11, 8>"": [""12"", ""13"", ""14"", ""15"", ""16"", ""17"", ""18"", ""19"", ""20"", ""21"", ""22"", ""23"", ""3"", ""4"", ""5"", ""6"", ""7"", ""8""]}",
sig,5,11,9,"flx::floatx<11, 9>",18,13,69.328115,ok,"{""double"": [""0"", ""1"", ""10"", ""11"", ""2"", ""24"", ""25"", ""26"", ""27"", ""28"", ""29"", ""30"", ""9""], ""flx::floatx<11, 9>"": [""12"", ""13"", ""14"", ""15"", ""16"", ""17"", ""18"", ""19"", ""20"", ""21"", ""22"", ""23"", ""3"", ""4"", ""5"", ""6"", ""7"", ""8""]}",
sig,5,11,10,"flx::floatx<11, 10>",18,13,69.282600,ok,"{""double"": [""0"", ""1"", ""10"", ""11"", ""2"", ""24"", ""25"", ""26"", ""27"", ""28"", ""29"", ""30"", ""9""], ""flx::floatx<11, 10>"": [""12"", ""13"", ""14"", ""15"", ""16"", ""17"", ""18"", ""19"", ""20"", ""21"", ""22"", ""23"", ""3"", ""4"", ""5"", ""6"", ""7"", ""8""]}",
sig,5,11,11,"flx::floatx<11, 11>",18,13,69.273362,ok,"{""double"": [""0"", ""1"", ""10"", ""11"", ""2"", ""24"", ""25"", ""26"", ""27"", ""28"", ""29"", ""30"", ""9""], ""flx::floatx<11, 11>"": [""12"", ""13"", ""14"", ""15"", ""16"", ""17"", ""18"", ""19"", ""20"", ""21"", ""22"", ""23"", ""3"", ""4"", ""5"", ""6"", ""7"", ""8""]}",
sig,5,11,12,"flx::floatx<11, 12>",18,13,69.184266,ok,"{""double"": [""0"", ""1"", ""10"", ""11"", ""2"", ""24"", ""25"", ""26"", ""27"", ""28"", ""29"", ""30"", ""9""], ""flx::floatx<11, 12>"": [""12"", ""13"", ""14"", ""15"", ""16"", ""17"", ""18"", ""19"", ""20"", ""21"", ""22"", ""23"", ""3"", ""4"", ""5"", ""6"", ""7"", ""8""]}",
sig,5,11,13,"flx::floatx<11, 13>",18,13,69.356173,ok,"{""double"": [""0"", ""1"", ""10"", ""11"", ""2"", ""24"", ""25"", ""26"", ""27"", ""28"", ""29"", ""30"", ""9""], ""flx::floatx<11, 13>"": [""12"", ""13"", ""14"", ""15"", ""16"", ""17"", ""18"", ""19"", ""20"", ""21"", ""22"", ""23"", ""3"", ""4"", ""5"", ""6"", ""7"", ""8""]}",
sig,5,11,14,"flx::floatx<11, 14>",18,13,69.348022,ok,"{""double"": [""0"", ""1"", ""10"", ""11"", ""2"", ""24"", ""25"", ""26"", ""27"", ""28"", ""29"", ""30"", ""9""], ""flx::floatx<11, 14>"": [""12"", ""13"", ""14"", ""15"", ""16"", ""17"", ""18"", ""19"", ""20"", ""21"", ""22"", ""23"", ""3"", ""4"", ""5"", ""6"", ""7"", ""8""]}",
sig,5,11,15,"flx::floatx<11, 15>",18,13,69.353043,ok,"{""double"": [""0"", ""1"", ""10"", ""11"", ""2"", ""24"", ""25"", ""26"", ""27"", ""28"", ""29"", ""30"", ""9""], ""flx::floatx<11, 15>"": [""12"", ""13"", ""14"", ""15"", ""16"", ""17"", ""18"", ""19"", ""20"", ""21"", ""22"", ""23"", ""3"", ""4"", ""5"", ""6"", ""7"", ""8""]}",
sig,5,11,16,"flx::floatx<11, 16>",31,0,13.408548,ok,"{""flx::floatx<11, 16>"": [""0"", ""1"", ""10"", ""11"", ""12"", ""13"", ""14"", ""15"", ""16"", ""17"", ""18"", ""19"", ""2"", ""20"", ""21"", ""22"", ""23"", ""24"", ""25"", ""26"", ""27"", ""28"", ""29"", ""3"", ""30"", ""4"", ""5"", ""6"", ""7"", ""8"", ""9""]}",
sig,5,11,17,"flx::floatx<11, 17>",31,0,13.387465,ok,"{""flx::floatx<11, 17>"": [""0"", ""1"", ""10"", ""11"", ""12"", ""13"", ""14"", ""15"", ""16"", ""17"", ""18"", ""19"", ""2"", ""20"", ""21"", ""22"", ""23"", ""24"", ""25"", ""26"", ""27"", ""28"", ""29"", ""3"", ""30"", ""4"", ""5"", ""6"", ""7"", ""8"", ""9""]}",
sig,5,11,18,"flx::floatx<11, 18>",31,0,13.368028,ok,"{""flx::floatx<11, 18>"": [""0"", ""1"", ""10"", ""11"", ""12"", ""13"", ""14"", ""15"", ""16"", ""17"", ""18"", ""19"", ""2"", ""20"", ""21"", ""22"", ""23"", ""24"", ""25"", ""26"", ""27"", ""28"", ""29"", ""3"", ""30"", ""4"", ""5"", ""6"", ""7"", ""8"", ""9""]}",
sig,5,11,19,"flx::floatx<11, 19>",31,0,13.369043,ok,"{""flx::floatx<11, 19>"": [""0"", ""1"", ""10"", ""11"", ""12"", ""13"", ""14"", ""15"", ""16"", ""17"", ""18"", ""19"", ""2"", ""20"", ""21"", ""22"", ""23"", ""24"", ""25"", ""26"", ""27"", ""28"", ""29"", ""3"", ""30"", ""4"", ""5"", ""6"", ""7"", ""8"", ""9""]}",
sig,5,11,20,"flx::floatx<11, 20>",31,0,13.401847,ok,"{""flx::floatx<11, 20>"": [""0"", ""1"", ""10"", ""11"", ""12"", ""13"", ""14"", ""15"", ""16"", ""17"", ""18"", ""19"", ""2"", ""20"", ""21"", ""22"", ""23"", ""24"", ""25"", ""26"", ""27"", ""28"", ""29"", ""3"", ""30"", ""4"", ""5"", ""6"", ""7"", ""8"", ""9""]}",
sig,5,11,21,"flx::floatx<11, 21>",31,0,13.414761,ok,"{""flx::floatx<11, 21>"": [""0"", ""1"", ""10"", ""11"", ""12"", ""13"", ""14"", ""15"", ""16"", ""17"", ""18"", ""19"", ""2"", ""20"", ""21"", ""22"", ""23"", ""24"", ""25"", ""26"", ""27"", ""28"", ""29"", ""3"", ""30"", ""4"", ""5"", ""6"", ""7"", ""8"", ""9""]}",
sig,5,11,22,"flx::floatx<11, 22>",31,0,13.361876,ok,"{""flx::floatx<11, 22>"": [""0"", ""1"", ""10"", ""11"", ""12"", ""13"", ""14"", ""15"", ""16"", ""17"", ""18"", ""19"", ""2"", ""20"", ""21"", ""22"", ""23"", ""24"", ""25"", ""26"", ""27"", ""28"", ""29"", ""3"", ""30"", ""4"", ""5"", ""6"", ""7"", ""8"", ""9""]}",
sig,5,11,23,"flx::floatx<11, 23>",31,0,13.359592,ok,"{""flx::floatx<11, 23>"": [""0"", ""1"", ""10"", ""11"", ""12"", ""13"", ""14"", ""15"", ""16"", ""17"", ""18"", ""19"", ""2"", ""20"", ""21"", ""22"", ""23"", ""24"", ""25"", ""26"", ""27"", ""28"", ""29"", ""3"", ""30"", ""4"", ""5"", ""6"", ""7"", ""8"", ""9""]}",
sig,5,11,24,"flx::floatx<11, 24>",31,0,13.369634,ok,"{""flx::floatx<11, 24>"": [""0"", ""1"", ""10"", ""11"", ""12"", ""13"", ""14"", ""15"", ""16"", ""17"", ""18"", ""19"", ""2"", ""20"", ""21"", ""22"", ""23"", ""24"", ""25"", ""26"", ""27"", ""28"", ""29"", ""3"", ""30"", ""4"", ""5"", ""6"", ""7"", ""8"", ""9""]}",
sig,5,11,25,"flx::floatx<11, 25>",31,0,13.379843,ok,"{""flx::floatx<11, 25>"": [""0"", ""1"", ""10"", ""11"", ""12"", ""13"", ""14"", ""15"", ""16"", ""17"", ""18"", ""19"", ""2"", ""20"", ""21"", ""22"", ""23"", ""24"", ""25"", ""26"", ""27"", ""28"", ""29"", ""3"", ""30"", ""4"", ""5"", ""6"", ""7"", ""8"", ""9""]}",
sig,5,11,26,"flx::floatx<11, 26>",31,0,13.336714,ok,"{""flx::floatx<11, 26>"": [""0"", ""1"", ""10"", ""11"", ""12"", ""13"", ""14"", ""15"", ""16"", ""17"", ""18"", ""19"", ""2"", ""20"", ""21"", ""22"", ""23"", ""24"", ""25"", ""26"", ""27"", ""28"", ""29"", ""3"", ""30"", ""4"", ""5"", ""6"", ""7"", ""8"", ""9""]}",
sig,5,11,27,"flx::floatx<11, 27>",31,0,13.338142,ok,"{""flx::floatx<11, 27>"": [""0"", ""1"", ""10"", ""11"", ""12"", ""13"", ""14"", ""15"", ""16"", ""17"", ""18"", ""19"", ""2"", ""20"", ""21"", ""22"", ""23"", ""24"", ""25"", ""26"", ""27"", ""28"", ""29"", ""3"", ""30"", ""4"", ""5"", ""6"", ""7"", ""8"", ""9""]}",
sig,5,11,28,"flx::floatx<11, 28>",31,0,13.321976,ok,"{""flx::floatx<11, 28>"": [""0"", ""1"", ""10"", ""11"", ""12"", ""13"", ""14"", ""15"", ""16"", ""17"", ""18"", ""19"", ""2"", ""20"", ""21"", ""22"", ""23"", ""24"", ""25"", ""26"", ""27"", ""28"", ""29"", ""3"", ""30"", ""4"", ""5"", ""6"", ""7"", ""8"", ""9""]}",
sig,5,11,29,"flx::floatx<11, 29>",31,0,13.441967,ok,"{""flx::floatx<11, 29>"": [""0"", ""1"", ""10"", ""11"", ""12"", ""13"", ""14"", ""15"", ""16"", ""17"", ""18"", ""19"", ""2"", ""20"", ""21"", ""22"", ""23"", ""24"", ""25"", ""26"", ""27"", ""28"", ""29"", ""3"", ""30"", ""4"", ""5"", ""6"", ""7"", ""8"", ""9""]}",
sig,5,11,30,"flx::floatx<11, 30>",31,0,13.396311,ok,"{""flx::floatx<11, 30>"": [""0"", ""1"", ""10"", ""11"", ""12"", ""13"", ""14"", ""15"", ""16"", ""17"", ""18"", ""19"", ""2"", ""20"", ""21"", ""22"", ""23"", ""24"", ""25"", ""26"", ""27"", ""28"", ""29"", ""3"", ""30"", ""4"", ""5"", ""6"", ""7"", ""8"", ""9""]}",
sig,5,11,31,"flx::floatx<11, 31>",31,0,13.403600,ok,"{""flx::floatx<11, 31>"": [""0"", ""1"", ""10"", ""11"", ""12"", ""13"", ""14"", ""15"", ""16"", ""17"", ""18"", ""19"", ""2"", ""20"", ""21"", ""22"", ""23"", ""24"", ""25"", ""26"", ""27"", ""28"", ""29"", ""3"", ""30"", ""4"", ""5"", ""6"", ""7"", ""8"", ""9""]}",
sig,5,11,32,"flx::floatx<11, 32>",31,0,13.409428,ok,"{""flx::floatx<11, 32>"": [""0"", ""1"", ""10"", ""11"", ""12"", ""13"", ""14"", ""15"", ""16"", ""17"", ""18"", ""19"", ""2"", ""20"", ""21"", ""22"", ""23"", ""24"", ""25"", ""26"", ""27"", ""28"", ""29"", ""3"", ""30"", ""4"", ""5"", ""6"", ""7"", ""8"", ""9""]}",
sig,5,11,33,"flx::floatx<11, 33>",31,0,13.420247,ok,"{""flx::floatx<11, 33>"": [""0"", ""1"", ""10"", ""11"", ""12"", ""13"", ""14"", ""15"", ""16"", ""17"", ""18"", ""19"", ""2"", ""20"", ""21"", ""22"", ""23"", ""24"", ""25"", ""26"", ""27"", ""28"", ""29"", ""3"", ""30"", ""4"", ""5"", ""6"", ""7"", ""8"", ""9""]}",
sig,5,11,34,"flx::floatx<11, 34>",31,0,13.417771,ok,"{""flx::floatx<11, 34>"": [""0"", ""1"", ""10"", ""11"", ""12"", ""13"", ""14"", ""15"", ""16"", ""17"", ""18"", ""19"", ""2"", ""20"", ""21"", ""22"", ""23"", ""24"", ""25"", ""26"", ""27"", ""28"", ""29"", ""3"", ""30"", ""4"", ""5"", ""6"", ""7"", ""8"", ""9""]}",
sig,5,11,35,"flx::floatx<11, 35>",31,0,13.446738,ok,"{""flx::floatx<11, 35>"": [""0"", ""1"", ""10"", ""11"", ""12"", ""13"", ""14"", ""15"", ""16"", ""17"", ""18"", ""19"", ""2"", ""20"", ""21"", ""22"", ""23"", ""24"", ""25"", ""26"", ""27"", ""28"", ""29"", ""3"", ""30"", ""4"", ""5"", ""6"", ""7"", ""8"", ""9""]}",
sig,5,11,36,"flx::floatx<11, 36>",31,0,13.387384,ok,"{""flx::floatx<11, 36>"": [""0"", ""1"", ""10"", ""11"", ""12"", ""13"", ""14"", ""15"", ""16"", ""17"", ""18"", ""19"", ""2"", ""20"", ""21"", ""22"", ""23"", ""24"", ""25"", ""26"", ""27"", ""28"", ""29"", ""3"", ""30"", ""4"", ""5"", ""6"", ""7"", ""8"", ""9""]}",
sig,5,11,37,"flx::floatx<11, 37>",31,0,13.379537,ok,"{""flx::floatx<11, 37>"": [""0"", ""1"", ""10"", ""11"", ""12"", ""13"", ""14"", ""15"", ""16"", ""17"", ""18"", ""19"", ""2"", ""20"", ""21"", ""22"", ""23"", ""24"", ""25"", ""26"", ""27"", ""28"", ""29"", ""3"", ""30"", ""4"", ""5"", ""6"", ""7"", ""8"", ""9""]}",
sig,5,11,38,"flx::floatx<11, 38>",31,0,13.342484,ok,"{""flx::floatx<11, 38>"": [""0"", ""1"", ""10"", ""11"", ""12"", ""13"", ""14"", ""15"", ""16"", ""17"", ""18"", ""19"", ""2"", ""20"", ""21"", ""22"", ""23"", ""24"", ""25"", ""26"", ""27"", ""28"", ""29"", ""3"", ""30"", ""4"", ""5"", ""6"", ""7"", ""8"", ""9""]}",
sig,5,11,39,"flx::floatx<11, 39>",31,0,13.382038,ok,"{""flx::floatx<11, 39>"": [""0"", ""1"", ""10"", ""11"", ""12"", ""13"", ""14"", ""15"", ""16"", ""17"", ""18"", ""19"", ""2"", ""20"", ""21"", ""22"", ""23"", ""24"", ""25"", ""26"", ""27"", ""28"", ""29"", ""3"", ""30"", ""4"", ""5"", ""6"", ""7"", ""8"", ""9""]}",
sig,5,11,40,"flx::floatx<11, 40>",31,0,13.371536,ok,"{""flx::floatx<11, 40>"": [""0"", ""1"", ""10"", ""11"", ""12"", ""13"", ""14"", ""15"", ""16"", ""17"", ""18"", ""19"", ""2"", ""20"", ""21"", ""22"", ""23"", ""24"", ""25"", ""26"", ""27"", ""28"", ""29"", ""3"", ""30"", ""4"", ""5"", ""6"", ""7"", ""8"", ""9""]}",
sig,5,11,41,"flx::floatx<11, 41>",31,0,13.355227,ok,"{""flx::floatx<11, 41>"": [""0"", ""1"", ""10"", ""11"", ""12"", ""13"", ""14"", ""15"", ""16"", ""17"", ""18"", ""19"", ""2"", ""20"", ""21"", ""22"", ""23"", ""24"", ""25"", ""26"", ""27"", ""28"", ""29"", ""3"", ""30"", ""4"", ""5"", ""6"", ""7"", ""8"", ""9""]}",
sig,5,11,42,"flx::floatx<11, 42>",31,0,13.402658,ok,"{""flx::floatx<11, 42>"": [""0"", ""1"", ""10"", ""11"", ""12"", ""13"", ""14"", ""15"", ""16"", ""17"", ""18"", ""19"", ""2"", ""20"", ""21"", ""22"", ""23"", ""24"", ""25"", ""26"", ""27"", ""28"", ""29"", ""3"", ""30"", ""4"", ""5"", ""6"", ""7"", ""8"", ""9""]}",
sig,5,11,43,"flx::floatx<11, 43>",31,0,13.391427,ok,"{""flx::floatx<11, 43>"": [""0"", ""1"", ""10"", ""11"", ""12"", ""13"", ""14"", ""15"", ""16"", ""17"", ""18"", ""19"", ""2"", ""20"", ""21"", ""22"", ""23"", ""24"", ""25"", ""26"", ""27"", ""28"", ""29"", ""3"", ""30"", ""4"", ""5"", ""6"", ""7"", ""8"", ""9""]}",
sig,5,11,44,"flx::floatx<11, 44>",31,0,13.328830,ok,"{""flx::floatx<11, 44>"": [""0"", ""1"", ""10"", ""11"", ""12"", ""13"", ""14"", ""15"", ""16"", ""17"", ""18"", ""19"", ""2"", ""20"", ""21"", ""22"", ""23"", ""24"", ""25"", ""26"", ""27"", ""28"", ""29"", ""3"", ""30"", ""4"", ""5"", ""6"", ""7"", ""8"", ""9""]}",
sig,5,11,45,"flx::floatx<11, 45>",31,0,13.320439,ok,"{""flx::floatx<11, 45>"": [""0"", ""1"", ""10"", ""11"", ""12"", ""13"", ""14"", ""15"", ""16"", ""17"", ""18"", ""19"", ""2"", ""20"", ""21"", ""22"", ""23"", ""24"", ""25"", ""26"", ""27"", ""28"", ""29"", ""3"", ""30"", ""4"", ""5"", ""6"", ""7"", ""8"", ""9""]}",
sig,5,11,46,"flx::floatx<11, 46>",31,0,13.356751,ok,"{""flx::floatx<11, 46>"": [""0"", ""1"", ""10"", ""11"", ""12"", ""13"", ""14"", ""15"", ""16"", ""17"", ""18"", ""19"", ""2"", ""20"", ""21"", ""22"", ""23"", ""24"", ""25"", ""26"", ""27"", ""28"", ""29"", ""3"", ""30"", ""4"", ""5"", ""6"", ""7"", ""8"", ""9""]}",
sig,5,11,47,"flx::floatx<11, 47>",31,0,13.361132,ok,"{""flx::floatx<11, 47>"": [""0"", ""1"", ""10"", ""11"", ""12"", ""13"", ""14"", ""15"", ""16"", ""17"", ""18"", ""19"", ""2"", ""20"", ""21"", ""22"", ""23"", ""24"", ""25"", ""26"", ""27"", ""28"", ""29"", ""3"", ""30"", ""4"", ""5"", ""6"", ""7"", ""8"", ""9""]}",
sig,5,11,48,"flx::floatx<11, 48>",31,0,13.348916,ok,"{""flx::floatx<11, 48>"": [""0"", ""1"", ""10"", ""11"", ""12"", ""13"", ""14"", ""15"", ""16"", ""17"", ""18"", ""19"", ""2"", ""20"", ""21"", ""22"", ""23"", ""24"", ""25"", ""26"", ""27"", ""28"", ""29"", ""3"", ""30"", ""4"", ""5"", ""6"", ""7"", ""8"", ""9""]}",
sig,5,11,49,"flx::floatx<11, 49>",31,0,13.377707,ok,"{""flx::floatx<11, 49>"": [""0"", ""1"", ""10"", ""11"", ""12"", ""13"", ""14"", ""15"", ""16"", ""17"", ""18"", ""19"", ""2"", ""20"", ""21"", ""22"", ""23"", ""24"", ""25"", ""26"", ""27"", ""28"", ""29"", ""3"", ""30"", ""4"", ""5"", ""6"", ""7"", ""8"", ""9""]}",
sig,5,11,50,"flx::floatx<11, 50>",31,0,13.376136,ok,"{""flx::floatx<11, 50>"": [""0"", ""1"", ""10"", ""11"", ""12"", ""13"", ""14"", ""15"", ""16"", ""17"", ""18"", ""19"", ""2"", ""20"", ""21"", ""22"", ""23"", ""24"", ""25"", ""26"", ""27"", ""28"", ""29"", ""3"", ""30"", ""4"", ""5"", ""6"", ""7"", ""8"", ""9""]}",
sig,5,11,51,"flx::floatx<11, 51>",31,0,13.379403,ok,"{""flx::floatx<11, 51>"": [""0"", ""1"", ""10"", ""11"", ""12"", ""13"", ""14"", ""15"", ""16"", ""17"", ""18"", ""19"", ""2"", ""20"", ""21"", ""22"", ""23"", ""24"", ""25"", ""26"", ""27"", ""28"", ""29"", ""3"", ""30"", ""4"", ""5"", ""6"", ""7"", ""8"", ""9""]}",
sig,5,11,52,"flx::floatx<11, 52>",31,0,13.353137,ok,"{""flx::floatx<11, 52>"": [""0"", ""1"", ""10"", ""11"", ""12"", ""13"", ""14"", ""15"", ""16"", ""17"", ""18"", ""19"", ""2"", ""20"", ""21"", ""22"", ""23"", ""24"", ""25"", ""26"", ""27"", ""28"", ""29"", ""3"", ""30"", ""4"", ""5"", ""6"", ""7"", ""8"", ""9""]}",
exp,5,1,52,"flx::floatx<1, 52>",18,13,69.108571,ok,"{""double"": [""0"", ""1"", ""10"", ""11"", ""2"", ""24"", ""25"", ""26"", ""27"", ""28"", ""29"", ""30"", ""9""], ""flx::floatx<1, 52>"": [""12"", ""13"", ""14"", ""15"", ""16"", ""17"", ""18"", ""19"", ""20"", ""21"", ""22"", ""23"", ""3"", ""4"", ""5"", ""6"", ""7"", ""8""]}",
exp,5,2,52,"flx::floatx<2, 52>",18,13,69.095134,ok,"{""double"": [""0"", ""1"", ""10"", ""11"", ""2"", ""24"", ""25"", ""26"", ""27"", ""28"", ""29"", ""30"", ""9""], ""flx::floatx<2, 52>"": [""12"", ""13"", ""14"", ""15"", ""16"", ""17"", ""18"", ""19"", ""20"", ""21"", ""22"", ""23"", ""3"", ""4"", ""5"", ""6"", ""7"", ""8""]}",
exp,5,3,52,"flx::floatx<3, 52>",18,13,69.167611,ok,"{""double"": [""0"", ""1"", ""10"", ""11"", ""2"", ""24"", ""25"", ""26"", ""27"", ""28"", ""29"", ""30"", ""9""], ""flx::floatx<3, 52>"": [""12"", ""13"", ""14"", ""15"", ""16"", ""17"", ""18"", ""19"", ""20"", ""21"", ""22"", ""23"", ""3"", ""4"", ""5"", ""6"", ""7"", ""8""]}",
exp,5,4,52,"flx::floatx<4, 52>",18,13,69.110304,ok,"{""double"": [""0"", ""1"", ""10"", ""11"", ""2"", ""24"", ""25"", ""26"", ""27"", ""28"", ""29"", ""30"", ""9""], ""flx::floatx<4, 52>"": [""12"", ""13"", ""14"", ""15"", ""16"", ""17"", ""18"", ""19"", ""20"", ""21"", ""22"", ""23"", ""3"", ""4"", ""5"", ""6"", ""7"", ""8""]}",
exp,5,5,52,"flx::floatx<5, 52>",31,0,13.346092,ok,"{""flx::floatx<5, 52>"": [""0"", ""1"", ""10"", ""11"", ""12"", ""13"", ""14"", ""15"", ""16"", ""17"", ""18"", ""19"", ""2"", ""20"", ""21"", ""22"", ""23"", ""24"", ""25"", ""26"", ""27"", ""28"", ""29"", ""3"", ""30"", ""4"", ""5"", ""6"", ""7"", ""8"", ""9""]}",
exp,5,6,52,"flx::floatx<6, 52>",31,0,13.369723,ok,"{""flx::floatx<6, 52>"": [""0"", ""1"", ""10"", ""11"", ""12"", ""13"", ""14"", ""15"", ""16"", ""17"", ""18"", ""19"", ""2"", ""20"", ""21"", ""22"", ""23"", ""24"", ""25"", ""26"", ""27"", ""28"", ""29"", ""3"", ""30"", ""4"", ""5"", ""6"", ""7"", ""8"", ""9""]}",
exp,5,7,52,"flx::floatx<7, 52>",31,0,13.406570,ok,"{""flx::floatx<7, 52>"": [""0"", ""1"", ""10"", ""11"", ""12"", ""13"", ""14"", ""15"", ""16"", ""17"", ""18"", ""19"", ""2"", ""20"", ""21"", ""22"", ""23"", ""24"", ""25"", ""26"", ""27"", ""28"", ""29"", ""3"", ""30"", ""4"", ""5"", ""6"", ""7"", ""8"", ""9""]}",
exp,5,8,52,"flx::floatx<8, 52>",31,0,13.338994,ok,"{""flx::floatx<8, 52>"": [""0"", ""1"", ""10"", ""11"", ""12"", ""13"", ""14"", ""15"", ""16"", ""17"", ""18"", ""19"", ""2"", ""20"", ""21"", ""22"", ""23"", ""24"", ""25"", ""26"", ""27"", ""28"", ""29"", ""3"", ""30"", ""4"", ""5"", ""6"", ""7"", ""8"", ""9""]}",
exp,5,9,52,"flx::floatx<9, 52>",31,0,13.330463,ok,"{""flx::floatx<9, 52>"": [""0"", ""1"", ""10"", ""11"", ""12"", ""13"", ""14"", ""15"", ""16"", ""17"", ""18"", ""19"", ""2"", ""20"", ""21"", ""22"", ""23"", ""24"", ""25"", ""26"", ""27"", ""28"", ""29"", ""3"", ""30"", ""4"", ""5"", ""6"", ""7"", ""8"", ""9""]}",
exp,5,10,52,"flx::floatx<10, 52>",31,0,13.397522,ok,"{""flx::floatx<10, 52>"": [""0"", ""1"", ""10"", ""11"", ""12"", ""13"", ""14"", ""15"", ""16"", ""17"", ""18"", ""19"", ""2"", ""20"", ""21"", ""22"", ""23"", ""24"", ""25"", ""26"", ""27"", ""28"", ""29"", ""3"", ""30"", ""4"", ""5"", ""6"", ""7"", ""8"", ""9""]}",
exp,5,11,52,"flx::floatx<11, 52>",31,0,13.337354,ok,"{""flx::floatx<11, 52>"": [""0"", ""1"", ""10"", ""11"", ""12"", ""13"", ""14"", ""15"", ""16"", ""17"", ""18"", ""19"", ""2"", ""20"", ""21"", ""22"", ""23"", ""24"", ""25"", ""26"", ""27"", ""28"", ""29"", ""3"", ""30"", ""4"", ""5"", ""6"", ""7"", ""8"", ""9""]}",
sig,6,11,1,"flx::floatx<11, 1>",18,13,69.289928,ok,"{""double"": [""0"", ""1"", ""10"", ""11"", ""2"", ""24"", ""25"", ""26"", ""27"", ""28"", ""29"", ""30"", ""9""], ""flx::floatx<11, 1>"": [""12"", ""13"", ""14"", ""15"", ""16"", ""17"", ""18"", ""19"", ""20"", ""21"", ""22"", ""23"", ""3"", ""4"", ""5"", ""6"", ""7"", ""8""]}",
sig,6,11,2,"flx::floatx<11, 2>",18,13,69.301064,ok,"{""double"": [""0"", ""1"", ""10"", ""11"", ""2"", ""24"", ""25"", ""26"", ""27"", ""28"", ""29"", ""30"", ""9""], ""flx::floatx<11, 2>"": [""12"", ""13"", ""14"", ""15"", ""16"", ""17"", ""18"", ""19"", ""20"", ""21"", ""22"", ""23"", ""3"", ""4"", ""5"", ""6"", ""7"", ""8""]}",
sig,6,11,3,"flx::floatx<11, 3>",18,13,69.292007,ok,"{""double"": [""0"", ""1"", ""10"", ""11"", ""2"", ""24"", ""25"", ""26"", ""27"", ""28"", ""29"", ""30"", ""9""], ""flx::floatx<11, 3>"": [""12"", ""13"", ""14"", ""15"", ""16"", ""17"", ""18"", ""19"", ""20"", ""21"", ""22"", ""23"", ""3"", ""4"", ""5"", ""6"", ""7"", ""8""]}",
sig,6,11,4,"flx::floatx<11, 4>",18,13,69.384279,ok,"{""double"": [""0"", ""1"", ""10"", ""11"", ""2"", ""24"", ""25"", ""26"", ""27"", ""28"", ""29"", ""30"", ""9""], ""flx::floatx<11, 4>"": [""12"", ""13"", ""14"", ""15"", ""16"", ""17"", ""18"", ""19"", ""20"", ""21"", ""22"", ""23"", ""3"", ""4"", ""5"", ""6"", ""7"", ""8""]}",
sig,6,11,5,"flx::floatx<11, 5>",18,13,69.413482,ok,"{""double"": [""0"", ""1"", ""10"", ""11"", ""2"", ""24"", ""25"", ""26"", ""27"", ""28"", ""29"", ""30"", ""9""], ""flx::floatx<11, 5>"": [""12"", ""13"", ""14"", ""15"", ""16"", ""17"", ""18"", ""19"", ""20"", ""21"", ""22"", ""23"", ""3"", ""4"", ""5"", ""6"", ""7"", ""8""]}",
sig,6,11,6,"flx::floatx<11, 6>",18,13,69.288641,ok,"{""double"": [""0"", ""1"", ""10"", ""11"", ""2"", ""24"", ""25"", ""26"", ""27"", ""28"", ""29"", ""30"", ""9""], ""flx::floatx<11, 6>"": [""12"", ""13"", ""14"", ""15"", ""16"", ""17"", ""18"", ""19"", ""20"", ""21"", ""22"", ""23"", ""3"", ""4"", ""5"", ""6"", ""7"", ""8""]}",
sig,6,11,7,"flx::floatx<11, 7>",18,13,69.311621,ok,"{""double"": [""0"", ""1"", ""10"", ""11"", ""2"", ""24"", ""25"", ""26"", ""27"", ""28"", ""29"", ""30"", ""9""], ""flx::floatx<11, 7>"": [""12"", ""13"", ""14"", ""15"", ""16"", ""17"", ""18"", ""19"", ""20"", ""21"", ""22"", ""23"", ""3"", ""4"", ""5"", ""6"", ""7"", ""8""]}",
sig,6,11,8,"flx::floatx<11, 8>",18,13,69.332991,ok,"{""double"": [""0"", ""1"", ""10"", ""11"", ""2"", ""24"", ""25"", ""26"", ""27"", ""28"", ""29"", ""30"", ""9""], ""flx::floatx<11, 8>"": [""12"", ""13"", ""14"", ""15"", ""16"", ""17"", ""18"", ""19"", ""20"", ""21"", ""22"", ""23"", ""3"", ""4"", ""5"", ""6"", ""7"", ""8""]}",
sig,6,11,9,"flx::floatx<11, 9>",18,13,69.399740,ok,"{""double"": [""0"", ""1"", ""10"", ""11"", ""2"", ""24"", ""25"", ""26"", ""27"", ""28"", ""29"", ""30"", ""9""], ""flx::floatx<11, 9>"": [""12"", ""13"", ""14"", ""15"", ""16"", ""17"", ""18"", ""19"", ""20"", ""21"", ""22"", ""23"", ""3"", ""4"", ""5"", ""6"", ""7"", ""8""]}",
sig,6,11,10,"flx::floatx<11, 10>",18,13,69.295655,ok,"{""double"": [""0"", ""1"", ""10"", ""11"", ""2"", ""24"", ""25"", ""26"", ""27"", ""28"", ""29"", ""30"", ""9""], ""flx::floatx<11, 10>"": [""12"", ""13"", ""14"", ""15"", ""16"", ""17"", ""18"", ""19"", ""20"", ""21"", ""22"", ""23"", ""3"", ""4"", ""5"", ""6"", ""7"", ""8""]}",
sig,6,11,11,"flx::floatx<11, 11>",18,13,69.286383,ok,"{""double"": [""0"", ""1"", ""10"", ""11"", ""2"", ""24"", ""25"", ""26"", ""27"", ""28"", ""29"", ""30"", ""9""], ""flx::floatx<11, 11>"": [""12"", ""13"", ""14"", ""15"", ""16"", ""17"", ""18"", ""19"", ""20"", ""21"", ""22"", ""23"", ""3"", ""4"", ""5"", ""6"", ""7"", ""8""]}",
sig,6,11,12,"flx::floatx<11, 12>",18,13,69.314399,ok,"{""double"": [""0"", ""1"", ""10"", ""11"", ""2"", ""24"", ""25"", ""26"", ""27"", ""28"", ""29"", ""30"", ""9""], ""flx::floatx<11, 12>"": [""12"", ""13"", ""14"", ""15"", ""16"", ""17"", ""18"", ""19"", ""20"", ""21"", ""22"", ""23"", ""3"", ""4"", ""5"", ""6"", ""7"", ""8""]}",
sig,6,11,13,"flx::floatx<11, 13>",18,13,69.280233,ok,"{""double"": [""0"", ""1"", ""10"", ""11"", ""2"", ""24"", ""25"", ""26"", ""27"", ""28"", ""29"", ""30"", ""9""], ""flx::floatx<11, 13>"": [""12"", ""13"", ""14"", ""15"", ""16"", ""17"", ""18"", ""19"", ""20"", ""21"", ""22"", ""23"", ""3"", ""4"", ""5"", ""6"", ""7"", ""8""]}",
sig,6,11,14,"flx::floatx<11, 14>",18,13,69.486069,ok,"{""double"": [""0"", ""1"", ""10"", ""11"", ""2"", ""24"", ""25"", ""26"", ""27"", ""28"", ""29"", ""30"", ""9""], ""flx::floatx<11, 14>"": [""12"", ""13"", ""14"", ""15"", ""16"", ""17"", ""18"", ""19"", ""20"", ""21"", ""22"", ""23"", ""3"", ""4"", ""5"", ""6"", ""7"", ""8""]}",
sig,6,11,15,"flx::floatx<11, 15>",18,13,69.368541,ok,"{""double"": [""0"", ""1"", ""10"", ""11"", ""2"", ""24"", ""25"", ""26"", ""27"", ""28"", ""29"", ""30"", ""9""], ""flx::floatx<11, 15>"": [""12"", ""13"", ""14"", ""15"", ""16"", ""17"", ""18"", ""19"", ""20"", ""21"", ""22"", ""23"", ""3"", ""4"", ""5"", ""6"", ""7"", ""8""]}",
sig,6,11,16,"flx::floatx<11, 16>",18,13,69.496520,ok,"{""double"": [""0"", ""1"", ""10"", ""11"", ""2"", ""24"", ""25"", ""26"", ""27"", ""28"", ""29"", ""30"", ""9""], ""flx::floatx<11, 16>"": [""12"", ""13"", ""14"", ""15"", ""16"", ""17"", ""18"", ""19"", ""20"", ""21"", ""22"", ""23"", ""3"", ""4"", ""5"", ""6"", ""7"", ""8""]}",
sig,6,11,17,"flx::floatx<11, 17>",18,13,69.357338,ok,"{""double"": [""0"", ""1"", ""10"", ""11"", ""2"", ""24"", ""25"", ""26"", ""27"", ""28"", ""29"", ""30"", ""9""], ""flx::floatx<11, 17>"": [""12"", ""13"", ""14"", ""15"", ""16"", ""17"", ""18"", ""19"", ""20"", ""21"", ""22"", ""23"", ""3"", ""4"", ""5"", ""6"", ""7"", ""8""]}",
sig,6,11,18,"flx::floatx<11, 18>",18,13,69.400090,ok,"{""double"": [""0"", ""1"", ""10"", ""11"", ""2"", ""24"", ""25"", ""26"", ""27"", ""28"", ""29"", ""30"", ""9""], ""flx::floatx<11, 18>"": [""12"", ""13"", ""14"", ""15"", ""16"", ""17"", ""18"", ""19"", ""20"", ""21"", ""22"", ""23"", ""3"", ""4"", ""5"", ""6"", ""7"", ""8""]}",
sig,6,11,19,"flx::floatx<11, 19>",31,0,13.321867,ok,"{""flx::floatx<11, 19>"": [""0"", ""1"", ""10"", ""11"", ""12"", ""13"", ""14"", ""15"", ""16"", ""17"", ""18"", ""19"", ""2"", ""20"", ""21"", ""22"", ""23"", ""24"", ""25"", ""26"", ""27"", ""28"", ""29"", ""3"", ""30"", ""4"", ""5"", ""6"", ""7"", ""8"", ""9""]}",
sig,6,11,20,"flx::floatx<11, 20>",31,0,13.379627,ok,"{""flx::floatx<11, 20>"": [""0"", ""1"", ""10"", ""11"", ""12"", ""13"", ""14"", ""15"", ""16"", ""17"", ""18"", ""19"", ""2"", ""20"", ""21"", ""22"", ""23"", ""24"", ""25"", ""26"", ""27"", ""28"", ""29"", ""3"", ""30"", ""4"", ""5"", ""6"", ""7"", ""8"", ""9""]}",
sig,6,11,21,"flx::floatx<11, 21>",31,0,13.335582,ok,"{""flx::floatx<11, 21>"": [""0"", ""1"", ""10"", ""11"", ""12"", ""13"", ""14"", ""15"", ""16"", ""17"", ""18"", ""19"", ""2"", ""20"", ""21"", ""22"", ""23"", ""24"", ""25"", ""26"", ""27"", ""28"", ""29"", ""3"", ""30"", ""4"", ""5"", ""6"", ""7"", ""8"", ""9""]}",
sig,6,11,22,"flx::floatx<11, 22>",31,0,13.367401,ok,"{""flx::floatx<11, 22>"": [""0"", ""1"", ""10"", ""11"", ""12"", ""13"", ""14"", ""15"", ""16"", ""17"", ""18"", ""19"", ""2"", ""20"", ""21"", ""22"", ""23"", ""24"", ""25"", ""26"", ""27"", ""28"", ""29"", ""3"", ""30"", ""4"", ""5"", ""6"", ""7"", ""8"", ""9""]}",
sig,6,11,23,"flx::floatx<11, 23>",31,0,13.361085,ok,"{""flx::floatx<11, 23>"": [""0"", ""1"", ""10"", ""11"", ""12"", ""13"", ""14"", ""15"", ""16"", ""17"", ""18"", ""19"", ""2"", ""20"", ""21"", ""22"", ""23"", ""24"", ""25"", ""26"", ""27"", ""28"", ""29"", ""3"", ""30"", ""4"", ""5"", ""6"", ""7"", ""8"", ""9""]}",
sig,6,11,24,"flx::floatx<11, 24>",31,0,13.397875,ok,"{""flx::floatx<11, 24>"": [""0"", ""1"", ""10"", ""11"", ""12"", ""13"", ""14"", ""15"", ""16"", ""17"", ""18"", ""19"", ""2"", ""20"", ""21"", ""22"", ""23"", ""24"", ""25"", ""26"", ""27"", ""28"", ""29"", ""3"", ""30"", ""4"", ""5"", ""6"", ""7"", ""8"", ""9""]}",
sig,6,11,25,"flx::floatx<11, 25>",31,0,13.428210,ok,"{""flx::floatx<11, 25>"": [""0"", ""1"", ""10"", ""11"", ""12"", ""13"", ""14"", ""15"", ""16"", ""17"", ""18"", ""19"", ""2"", ""20"", ""21"", ""22"", ""23"", ""24"", ""25"", ""26"", ""27"", ""28"", ""29"", ""3"", ""30"", ""4"", ""5"", ""6"", ""7"", ""8"", ""9""]}",
sig,6,11,26,"flx::floatx<11, 26>",31,0,13.348789,ok,"{""flx::floatx<11, 26>"": [""0"", ""1"", ""10"", ""11"", ""12"", ""13"", ""14"", ""15"", ""16"", ""17"", ""18"", ""19"", ""2"", ""20"", ""21"", ""22"", ""23"", ""24"", ""25"", ""26"", ""27"", ""28"", ""29"", ""3"", ""30"", ""4"", ""5"", ""6"", ""7"", ""8"", ""9""]}",
sig,6,11,27,"flx::floatx<11, 27>",31,0,13.403287,ok,"{""flx::floatx<11, 27>"": [""0"", ""1"", ""10"", ""11"", ""12"", ""13"", ""14"", ""15"", ""16"", ""17"", ""18"", ""19"", ""2"", ""20"", ""21"", ""22"", ""23"", ""24"", ""25"", ""26"", ""27"", ""28"", ""29"", ""3"", ""30"", ""4"", ""5"", ""6"", ""7"", ""8"", ""9""]}",
sig,6,11,28,"flx::floatx<11, 28>",31,0,13.382561,ok,"{""flx::floatx<11, 28>"": [""0"", ""1"", ""10"", ""11"", ""12"", ""13"", ""14"", ""15"", ""16"", ""17"", ""18"", ""19"", ""2"", ""20"", ""21"", ""22"", ""23"", ""24"", ""25"", ""26"", ""27"", ""28"", ""29"", ""3"", ""30"", ""4"", ""5"", ""6"", ""7"", ""8"", ""9""]}",
sig,6,11,29,"flx::floatx<11, 29>",31,0,13.547052,ok,"{""flx::floatx<11, 29>"": [""0"", ""1"", ""10"", ""11"", ""12"", ""13"", ""14"", ""15"", ""16"", ""17"", ""18"", ""19"", ""2"", ""20"", ""21"", ""22"", ""23"", ""24"", ""25"", ""26"", ""27"", ""28"", ""29"", ""3"", ""30"", ""4"", ""5"", ""6"", ""7"", ""8"", ""9""]}",
sig,6,11,30,"flx::floatx<11, 30>",31,0,13.471129,ok,"{""flx::floatx<11, 30>"": [""0"", ""1"", ""10"", ""11"", ""12"", ""13"", ""14"", ""15"", ""16"", ""17"", ""18"", ""19"", ""2"", ""20"", ""21"", ""22"", ""23"", ""24"", ""25"", ""26"", ""27"", ""28"", ""29"", ""3"", ""30"", ""4"", ""5"", ""6"", ""7"", ""8"", ""9""]}",
sig,6,11,31,"flx::floatx<11, 31>",31,0,13.320760,ok,"{""flx::floatx<11, 31>"": [""0"", ""1"", ""10"", ""11"", ""12"", ""13"", ""14"", ""15"", ""16"", ""17"", ""18"", ""19"", ""2"", ""20"", ""21"", ""22"", ""23"", ""24"", ""25"", ""26"", ""27"", ""28"", ""29"", ""3"", ""30"", ""4"", ""5"", ""6"", ""7"", ""8"", ""9""]}",
sig,6,11,32,"flx::floatx<11, 32>",31,0,13.356620,ok,"{""flx::floatx<11, 32>"": [""0"", ""1"", ""10"", ""11"", ""12"", ""13"", ""14"", ""15"", ""16"", ""17"", ""18"", ""19"", ""2"", ""20"", ""21"", ""22"", ""23"", ""24"", ""25"", ""26"", ""27"", ""28"", ""29"", ""3"", ""30"", ""4"", ""5"", ""6"", ""7"", ""8"", ""9""]}",
sig,6,11,33,"flx::floatx<11, 33>",31,0,13.344603,ok,"{""flx::floatx<11, 33>"": [""0"", ""1"", ""10"", ""11"", ""12"", ""13"", ""14"", ""15"", ""16"", ""17"", ""18"", ""19"", ""2"", ""20"", ""21"", ""22"", ""23"", ""24"", ""25"", ""26"", ""27"", ""28"", ""29"", ""3"", ""30"", ""4"", ""5"", ""6"", ""7"", ""8"", ""9""]}",
sig,6,11,34,"flx::floatx<11, 34>",31,0,13.375047,ok,"{""flx::floatx<11, 34>"": [""0"", ""1"", ""10"", ""11"", ""12"", ""13"", ""14"", ""15"", ""16"", ""17"", ""18"", ""19"", ""2"", ""20"", ""21"", ""22"", ""23"", ""24"", ""25"", ""26"", ""27"", ""28"", ""29"", ""3"", ""30"", ""4"", ""5"", ""6"", ""7"", ""8"", ""9""]}",
sig,6,11,35,"flx::floatx<11, 35>",31,0,13.318707,ok,"{""flx::floatx<11, 35>"": [""0"", ""1"", ""10"", ""11"", ""12"", ""13"", ""14"", ""15"", ""16"", ""17"", ""18"", ""19"", ""2"", ""20"", ""21"", ""22"", ""23"", ""24"", ""25"", ""26"", ""27"", ""28"", ""29"", ""3"", ""30"", ""4"", ""5"", ""6"", ""7"", ""8"", ""9""]}",
sig,6,11,36,"flx::floatx<11, 36>",31,0,13.335445,ok,"{""flx::floatx<11, 36>"": [""0"", ""1"", ""10"", ""11"", ""12"", ""13"", ""14"", ""15"", ""16"", ""17"", ""18"", ""19"", ""2"", ""20"", ""21"", ""22"", ""23"", ""24"", ""25"", ""26"", ""27"", ""28"", ""29"", ""3"", ""30"", ""4"", ""5"", ""6"", ""7"", ""8"", ""9""]}",
sig,6,11,37,"flx::floatx<11, 37>",31,0,13.333328,ok,"{""flx::floatx<11, 37>"": [""0"", ""1"", ""10"", ""11"", ""12"", ""13"", ""14"", ""15"", ""16"", ""17"", ""18"", ""19"", ""2"", ""20"", ""21"", ""22"", ""23"", ""24"", ""25"", ""26"", ""27"", ""28"", ""29"", ""3"", ""30"", ""4"", ""5"", ""6"", ""7"", ""8"", ""9""]}",
sig,6,11,38,"flx::floatx<11, 38>",31,0,13.382433,ok,"{""flx::floatx<11, 38>"": [""0"", ""1"", ""10"", ""11"", ""12"", ""13"", ""14"", ""15"", ""16"", ""17"", ""18"", ""19"", ""2"", ""20"", ""21"", ""22"", ""23"", ""24"", ""25"", ""26"", ""27"", ""28"", ""29"", ""3"", ""30"", ""4"", ""5"", ""6"", ""7"", ""8"", ""9""]}",
sig,6,11,39,"flx::floatx<11, 39>",31,0,13.348388,ok,"{""flx::floatx<11, 39>"": [""0"", ""1"", ""10"", ""11"", ""12"", ""13"", ""14"", ""15"", ""16"", ""17"", ""18"", ""19"", ""2"", ""20"", ""21"", ""22"", ""23"", ""24"", ""25"", ""26"", ""27"", ""28"", ""29"", ""3"", ""30"", ""4"", ""5"", ""6"", ""7"", ""8"", ""9""]}",
sig,6,11,40,"flx::floatx<11, 40>",31,0,13.335638,ok,"{""flx::floatx<11, 40>"": [""0"", ""1"", ""10"", ""11"", ""12"", ""13"", ""14"", ""15"", ""16"", ""17"", ""18"", ""19"", ""2"", ""20"", ""21"", ""22"", ""23"", ""24"", ""25"", ""26"", ""27"", ""28"", ""29"", ""3"", ""30"", ""4"", ""5"", ""6"", ""7"", ""8"", ""9""]}",
sig,6,11,41,"flx::floatx<11, 41>",31,0,13.337973,ok,"{""flx::floatx<11, 41>"": [""0"", ""1"", ""10"", ""11"", ""12"", ""13"", ""14"", ""15"", ""16"", ""17"", ""18"", ""19"", ""2"", ""20"", ""21"", ""22"", ""23"", ""24"", ""25"", ""26"", ""27"", ""28"", ""29"", ""3"", ""30"", ""4"", ""5"", ""6"", ""7"", ""8"", ""9""]}",
sig,6,11,42,"flx::floatx<11, 42>",31,0,13.353399,ok,"{""flx::floatx<11, 42>"": [""0"", ""1"", ""10"", ""11"", ""12"", ""13"", ""14"", ""15"", ""16"", ""17"", ""18"", ""19"", ""2"", ""20"", ""21"", ""22"", ""23"", ""24"", ""25"", ""26"", ""27"", ""28"", ""29"", ""3"", ""30"", ""4"", ""5"", ""6"", ""7"", ""8"", ""9""]}",
sig,6,11,43,"flx::floatx<11, 43>",31,0,13.356799,ok,"{""flx::floatx<11, 43>"": [""0"", ""1"", ""10"", ""11"", ""12"", ""13"", ""14"", ""15"", ""16"", ""17"", ""18"", ""19"", ""2"", ""20"", ""21"", ""22"", ""23"", ""24"", ""25"", ""26"", ""27"", ""28"", ""29"", ""3"", ""30"", ""4"", ""5"", ""6"", ""7"", ""8"", ""9""]}",
sig,6,11,44,"flx::floatx<11, 44>",31,0,13.359198,ok,"{""flx::floatx<11, 44>"": [""0"", ""1"", ""10"", ""11"", ""12"", ""13"", ""14"", ""15"", ""16"", ""17"", ""18"", ""19"", ""2"", ""20"", ""21"", ""22"", ""23"", ""24"", ""25"", ""26"", ""27"", ""28"", ""29"", ""3"", ""30"", ""4"", ""5"", ""6"", ""7"", ""8"", ""9""]}",
sig,6,11,45,"flx::floatx<11, 45>",31,0,13.414268,ok,"{""flx::floatx<11, 45>"": [""0"", ""1"", ""10"", ""11"", ""12"", ""13"", ""14"", ""15"", ""16"", ""17"", ""18"", ""19"", ""2"", ""20"", ""21"", ""22"", ""23"", ""24"", ""25"", ""26"", ""27"", ""28"", ""29"", ""3"", ""30"", ""4"", ""5"", ""6"", ""7"", ""8"", ""9""]}",
sig,6,11,46,"flx::floatx<11, 46>",31,0,13.405606,ok,"{""flx::floatx<11, 46>"": [""0"", ""1"", ""10"", ""11"", ""12"", ""13"", ""14"", ""15"", ""16"", ""17"", ""18"", ""19"", ""2"", ""20"", ""21"", ""22"", ""23"", ""24"", ""25"", ""26"", ""27"", ""28"", ""29"", ""3"", ""30"", ""4"", ""5"", ""6"", ""7"", ""8"", ""9""]}",
sig,6,11,47,"flx::floatx<11, 47>",31,0,13.352051,ok,"{""flx::floatx<11, 47>"": [""0"", ""1"", ""10"", ""11"", ""12"", ""13"", ""14"", ""15"", ""16"", ""17"", ""18"", ""19"", ""2"", ""20"", ""21"", ""22"", ""23"", ""24"", ""25"", ""26"", ""27"", ""28"", ""29"", ""3"", ""30"", ""4"", ""5"", ""6"", ""7"", ""8"", ""9""]}",
sig,6,11,48,"flx::floatx<11, 48>",31,0,13.478921,ok,"{""flx::floatx<11, 48>"": [""0"", ""1"", ""10"", ""11"", ""12"", ""13"", ""14"", ""15"", ""16"", ""17"", ""18"", ""19"", ""2"", ""20"", ""21"", ""22"", ""23"", ""24"", ""25"", ""26"", ""27"", ""28"", ""29"", ""3"", ""30"", ""4"", ""5"", ""6"", ""7"", ""8"", ""9""]}",
sig,6,11,49,"flx::floatx<11, 49>",31,0,13.341839,ok,"{""flx::floatx<11, 49>"": [""0"", ""1"", ""10"", ""11"", ""12"", ""13"", ""14"", ""15"", ""16"", ""17"", ""18"", ""19"", ""2"", ""20"", ""21"", ""22"", ""23"", ""24"", ""25"", ""26"", ""27"", ""28"", ""29"", ""3"", ""30"", ""4"", ""5"", ""6"", ""7"", ""8"", ""9""]}",
sig,6,11,50,"flx::floatx<11, 50>",31,0,13.323994,ok,"{""flx::floatx<11, 50>"": [""0"", ""1"", ""10"", ""11"", ""12"", ""13"", ""14"", ""15"", ""16"", ""17"", ""18"", ""19"", ""2"", ""20"", ""21"", ""22"", ""23"", ""24"", ""25"", ""26"", ""27"", ""28"", ""29"", ""3"", ""30"", ""4"", ""5"", ""6"", ""7"", ""8"", ""9""]}",
sig,6,11,51,"flx::floatx<11, 51>",31,0,13.317216,ok,"{""flx::floatx<11, 51>"": [""0"", ""1"", ""10"", ""11"", ""12"", ""13"", ""14"", ""15"", ""16"", ""17"", ""18"", ""19"", ""2"", ""20"", ""21"", ""22"", ""23"", ""24"", ""25"", ""26"", ""27"", ""28"", ""29"", ""3"", ""30"", ""4"", ""5"", ""6"", ""7"", ""8"", ""9""]}",
sig,6,11,52,"flx::floatx<11, 52>",31,0,13.299040,ok,"{""flx::floatx<11, 52>"": [""0"", ""1"", ""10"", ""11"", ""12"", ""13"", ""14"", ""15"", ""16"", ""17"", ""18"", ""19"", ""2"", ""20"", ""21"", ""22"", ""23"", ""24"", ""25"", ""26"", ""27"", ""28"", ""29"", ""3"", ""30"", ""4"", ""5"", ""6"", ""7"", ""8"", ""9""]}",
exp,6,1,52,"flx::floatx<1, 52>",18,13,69.174499,ok,"{""double"": [""0"", ""1"", ""10"", ""11"", ""2"", ""24"", ""25"", ""26"", ""27"", ""28"", ""29"", ""30"", ""9""], ""flx::floatx<1, 52>"": [""12"", ""13"", ""14"", ""15"", ""16"", ""17"", ""18"", ""19"", ""20"", ""21"", ""22"", ""23"", ""3"", ""4"", ""5"", ""6"", ""7"", ""8""]}",
exp,6,2,52,"flx::floatx<2, 52>",18,13,69.210803,ok,"{""double"": [""0"", ""1"", ""10"", ""11"", ""2"", ""24"", ""25"", ""26"", ""27"", ""28"", ""29"", ""30"", ""9""], ""flx::floatx<2, 52>"": [""12"", ""13"", ""14"", ""15"", ""16"", ""17"", ""18"", ""19"", ""20"", ""21"", ""22"", ""23"", ""3"", ""4"", ""5"", ""6"", ""7"", ""8""]}",
exp,6,3,52,"flx::floatx<3, 52>",18,13,69.247172,ok,"{""double"": [""0"", ""1"", ""10"", ""11"", ""2"", ""24"", ""25"", ""26"", ""27"", ""28"", ""29"", ""30"", ""9""], ""flx::floatx<3, 52>"": [""12"", ""13"", ""14"", ""15"", ""16"", ""17"", ""18"", ""19"", ""20"", ""21"", ""22"", ""23"", ""3"", ""4"", ""5"", ""6"", ""7"", ""8""]}",
exp,6,4,52,"flx::floatx<4, 52>",18,13,69.184324,ok,"{""double"": [""0"", ""1"", ""10"", ""11"", ""2"", ""24"", ""25"", ""26"", ""27"", ""28"", ""29"", ""30"", ""9""], ""flx::floatx<4, 52>"": [""12"", ""13"", ""14"", ""15"", ""16"", ""17"", ""18"", ""19"", ""20"", ""21"", ""22"", ""23"", ""3"", ""4"", ""5"", ""6"", ""7"", ""8""]}",
exp,6,5,52,"flx::floatx<5, 52>",31,0,13.367713,ok,"{""flx::floatx<5, 52>"": [""0"", ""1"", ""10"", ""11"", ""12"", ""13"", ""14"", ""15"", ""16"", ""17"", ""18"", ""19"", ""2"", ""20"", ""21"", ""22"", ""23"", ""24"", ""25"", ""26"", ""27"", ""28"", ""29"", ""3"", ""30"", ""4"", ""5"", ""6"", ""7"", ""8"", ""9""]}",
exp,6,6,52,"flx::floatx<6, 52>",31,0,13.315510,ok,"{""flx::floatx<6, 52>"": [""0"", ""1"", ""10"", ""11"", ""12"", ""13"", ""14"", ""15"", ""16"", ""17"", ""18"", ""19"", ""2"", ""20"", ""21"", ""22"", ""23"", ""24"", ""25"", ""26"", ""27"", ""28"", ""29"", ""3"", ""30"", ""4"", ""5"", ""6"", ""7"", ""8"", ""9""]}",
exp,6,7,52,"flx::floatx<7, 52>",31,0,13.322245,ok,"{""flx::floatx<7, 52>"": [""0"", ""1"", ""10"", ""11"", ""12"", ""13"", ""14"", ""15"", ""16"", ""17"", ""18"", ""19"", ""2"", ""20"", ""21"", ""22"", ""23"", ""24"", ""25"", ""26"", ""27"", ""28"", ""29"", ""3"", ""30"", ""4"", ""5"", ""6"", ""7"", ""8"", ""9""]}",
exp,6,8,52,"flx::floatx<8, 52>",31,0,13.348672,ok,"{""flx::floatx<8, 52>"": [""0"", ""1"", ""10"", ""11"", ""12"", ""13"", ""14"", ""15"", ""16"", ""17"", ""18"", ""19"", ""2"", ""20"", ""21"", ""22"", ""23"", ""24"", ""25"", ""26"", ""27"", ""28"", ""29"", ""3"", ""30"", ""4"", ""5"", ""6"", ""7"", ""8"", ""9""]}",
exp,6,9,52,"flx::floatx<9, 52>",31,0,13.365436,ok,"{""flx::floatx<9, 52>"": [""0"", ""1"", ""10"", ""11"", ""12"", ""13"", ""14"", ""15"", ""16"", ""17"", ""18"", ""19"", ""2"", ""20"", ""21"", ""22"", ""23"", ""24"", ""25"", ""26"", ""27"", ""28"", ""29"", ""3"", ""30"", ""4"", ""5"", ""6"", ""7"", ""8"", ""9""]}",
exp,6,10,52,"flx::floatx<10, 52>",31,0,13.354660,ok,"{""flx::floatx<10, 52>"": [""0"", ""1"", ""10"", ""11"", ""12"", ""13"", ""14"", ""15"", ""16"", ""17"", ""18"", ""19"", ""2"", ""20"", ""21"", ""22"", ""23"", ""24"", ""25"", ""26"", ""27"", ""28"", ""29"", ""3"", ""30"", ""4"", ""5"", ""6"", ""7"", ""8"", ""9""]}",
exp,6,11,52,"flx::floatx<11, 52>",31,0,13.350461,ok,"{""flx::floatx<11, 52>"": [""0"", ""1"", ""10"", ""11"", ""12"", ""13"", ""14"", ""15"", ""16"", ""17"", ""18"", ""19"", ""2"", ""20"", ""21"", ""22"", ""23"", ""24"", ""25"", ""26"", ""27"", ""28"", ""29"", ""3"", ""30"", ""4"", ""5"", ""6"", ""7"", ""8"", ""9""]}",
sig,7,11,1,"flx::floatx<11, 1>",18,13,69.276740,ok,"{""double"": [""0"", ""1"", ""10"", ""11"", ""2"", ""24"", ""25"", ""26"", ""27"", ""28"", ""29"", ""30"", ""9""], ""flx::floatx<11, 1>"": [""12"", ""13"", ""14"", ""15"", ""16"", ""17"", ""18"", ""19"", ""20"", ""21"", ""22"", ""23"", ""3"", ""4"", ""5"", ""6"", ""7"", ""8""]}",
sig,7,11,2,"flx::floatx<11, 2>",18,13,69.342564,ok,"{""double"": [""0"", ""1"", ""10"", ""11"", ""2"", ""24"", ""25"", ""26"", ""27"", ""28"", ""29"", ""30"", ""9""], ""flx::floatx<11, 2>"": [""12"", ""13"", ""14"", ""15"", ""16"", ""17"", ""18"", ""19"", ""20"", ""21"", ""22"", ""23"", ""3"", ""4"", ""5"", ""6"", ""7"", ""8""]}",
sig,7,11,3,"flx::floatx<11, 3>",18,13,69.308002,ok,"{""double"": [""0"", ""1"", ""10"", ""11"", ""2"", ""24"", ""25"", ""26"", ""27"", ""28"", ""29"", ""30"", ""9""], ""flx::floatx<11, 3>"": [""12"", ""13"", ""14"", ""15"", ""16"", ""17"", ""18"", ""19"", ""20"", ""21"", ""22"", ""23"", ""3"", ""4"", ""5"", ""6"", ""7"", ""8""]}",
sig,7,11,4,"flx::floatx<11, 4>",18,13,69.323777,ok,"{""double"": [""0"", ""1"", ""10"", ""11"", ""2"", ""24"", ""25"", ""26"", ""27"", ""28"", ""29"", ""30"", ""9""], ""flx::floatx<11, 4>"": [""12"", ""13"", ""14"", ""15"", ""16"", ""17"", ""18"", ""19"", ""20"", ""21"", ""22"", ""23"", ""3"", ""4"", ""5"", ""6"", ""7"", ""8""]}",
sig,7,11,5,"flx::floatx<11, 5>",18,13,69.262918,ok,"{""double"": [""0"", ""1"", ""10"", ""11"", ""2"", ""24"", ""25"", ""26"", ""27"", ""28"", ""29"", ""30"", ""9""], ""flx::floatx<11, 5>"": [""12"", ""13"", ""14"", ""15"", ""16"", ""17"", ""18"", ""19"", ""20"", ""21"", ""22"", ""23"", ""3"", ""4"", ""5"", ""6"", ""7"", ""8""]}",
sig,7,11,6,"flx::floatx<11, 6>",18,13,69.286290,ok,"{""double"": [""0"", ""1"", ""10"", ""11"", ""2"", ""24"", ""25"", ""26"", ""27"", ""28"", ""29"", ""30"", ""9""], ""flx::floatx<11, 6>"": [""12"", ""13"", ""14"", ""15"", ""16"", ""17"", ""18"", ""19"", ""20"", ""21"", ""22"", ""23"", ""3"", ""4"", ""5"", ""6"", ""7"", ""8""]}",
sig,7,11,7,"flx::floatx<11, 7>",18,13,69.400062,ok,"{""double"": [""0"", ""1"", ""10"", ""11"", ""2"", ""24"", ""25"", ""26"", ""27"", ""28"", ""29"", ""30"", ""9""], ""flx::floatx<11, 7>"": [""12"", ""13"", ""14"", ""15"", ""16"", ""17"", ""18"", ""19"", ""20"", ""21"", ""22"", ""23"", ""3"", ""4"", ""5"", ""6"", ""7"", ""8""]}",
sig,7,11,8,"flx::floatx<11, 8>",18,13,69.263445,ok,"{""double"": [""0"", ""1"", ""10"", ""11"", ""2"", ""24"", ""25"", ""26"", ""27"", ""28"", ""29"", ""30"", ""9""], ""flx::floatx<11, 8>"": [""12"", ""13"", ""14"", ""15"", ""16"", ""17"", ""18"", ""19"", ""20"", ""21"", ""22"", ""23"", ""3"", ""4"", ""5"", ""6"", ""7"", ""8""]}",
sig,7,11,9,"flx::floatx<11, 9>",18,13,69.253217,ok,"{""double"": [""0"", ""1"", ""10"", ""11"", ""2"", ""24"", ""25"", ""26"", ""27"", ""28"", ""29"", ""30"", ""9""], ""flx::floatx<11, 9>"": [""12"", ""13"", ""14"", ""15"", ""16"", ""17"", ""18"", ""19"", ""20"", ""21"", ""22"", ""23"", ""3"", ""4"", ""5"", ""6"", ""7"", ""8""]}",
sig,7,11,10,"flx::floatx<11, 10>",18,13,69.318725,ok,"{""double"": [""0"", ""1"", ""10"", ""11"", ""2"", ""24"", ""25"", ""26"", ""27"", ""28"", ""29"", ""30"", ""9""], ""flx::floatx<11, 10>"": [""12"", ""13"", ""14"", ""15"", ""16"", ""17"", ""18"", ""19"", ""20"", ""21"", ""22"", ""23"", ""3"", ""4"", ""5"", ""6"", ""7"", ""8""]}",
sig,7,11,11,"flx::floatx<11, 11>",18,13,69.316964,ok,"{""double"": [""0"", ""1"", ""10"", ""11"", ""2"", ""24"", ""25"", ""26"", ""27"", ""28"", ""29"", ""30"", ""9""], ""flx::floatx<11, 11>"": [""12"", ""13"", ""14"", ""15"", ""16"", ""17"", ""18"", ""19"", ""20"", ""21"", ""22"", ""23"", ""3"", ""4"", ""5"", ""6"", ""7"", ""8""]}",
sig,7,11,12,"flx::floatx<11, 12>",18,13,69.299266,ok,"{""double"": [""0"", ""1"", ""10"", ""11"", ""2"", ""24"", ""25"", ""26"", ""27"", ""28"", ""29"", ""30"", ""9""], ""flx::floatx<11, 12>"": [""12"", ""13"", ""14"", ""15"", ""16"", ""17"", ""18"", ""19"", ""20"", ""21"", ""22"", ""23"", ""3"", ""4"", ""5"", ""6"", ""7"", ""8""]}",
sig,7,11,13,"flx::floatx<11, 13>",18,13,69.419094,ok,"{""double"": [""0"", ""1"", ""10"", ""11"", ""2"", ""24"", ""25"", ""26"", ""27"", ""28"", ""29"", ""30"", ""9""], ""flx::floatx<11, 13>"": [""12"", ""13"", ""14"", ""15"", ""16"", ""17"", ""18"", ""19"", ""20"", ""21"", ""22"", ""23"", ""3"", ""4"", ""5"", ""6"", ""7"", ""8""]}",
sig,7,11,14,"flx::floatx<11, 14>",18,13,69.345319,ok,"{""double"": [""0"", ""1"", ""10"", ""11"", ""2"", ""24"", ""25"", ""26"", ""27"", ""28"", ""29"", ""30"", ""9""], ""flx::floatx<11, 14>"": [""12"", ""13"", ""14"", ""15"", ""16"", ""17"", ""18"", ""19"", ""20"", ""21"", ""22"", ""23"", ""3"", ""4"", ""5"", ""6"", ""7"", ""8""]}",
sig,7,11,15,"flx::floatx<11, 15>",18,13,69.335329,ok,"{""double"": [""0"", ""1"", ""10"", ""11"", ""2"", ""24"", ""25"", ""26"", ""27"", ""28"", ""29"", ""30"", ""9""], ""flx::floatx<11, 15>"": [""12"", ""13"", ""14"", ""15"", ""16"", ""17"", ""18"", ""19"", ""20"", ""21"", ""22"", ""23"", ""3"", ""4"", ""5"", ""6"", ""7"", ""8""]}",
sig,7,11,16,"flx::floatx<11, 16>",18,13,69.403050,ok,"{""double"": [""0"", ""1"", ""10"", ""11"", ""2"", ""24"", ""25"", ""26"", ""27"", ""28"", ""29"", ""30"", ""9""], ""flx::floatx<11, 16>"": [""12"", ""13"", ""14"", ""15"", ""16"", ""17"", ""18"", ""19"", ""20"", ""21"", ""22"", ""23"", ""3"", ""4"", ""5"", ""6"", ""7"", ""8""]}",
sig,7,11,17,"flx::floatx<11, 17>",18,13,69.400937,ok,"{""double"": [""0"", ""1"", ""10"", ""11"", ""2"", ""24"", ""25"", ""26"", ""27"", ""28"", ""29"", ""30"", ""9""], ""flx::floatx<11, 17>"": [""12"", ""13"", ""14"", ""15"", ""16"", ""17"", ""18"", ""19"", ""20"", ""21"", ""22"", ""23"", ""3"", ""4"", ""5"", ""6"", ""7"", ""8""]}",
sig,7,11,18,"flx::floatx<11, 18>",18,13,69.570737,ok,"{""double"": [""0"", ""1"", ""10"", ""11"", ""2"", ""24"", ""25"", ""26"", ""27"", ""28"", ""29"", ""30"", ""9""], ""flx::floatx<11, 18>"": [""12"", ""13"", ""14"", ""15"", ""16"", ""17"", ""18"", ""19"", ""20"", ""21"", ""22"", ""23"", ""3"", ""4"", ""5"", ""6"", ""7"", ""8""]}",
sig,7,11,19,"flx::floatx<11, 19>",18,13,69.839072,ok,"{""double"": [""0"", ""1"", ""10"", ""11"", ""2"", ""24"", ""25"", ""26"", ""27"", ""28"", ""29"", ""30"", ""9""], ""flx::floatx<11, 19>"": [""12"", ""13"", ""14"", ""15"", ""16"", ""17"", ""18"", ""19"", ""20"", ""21"", ""22"", ""23"", ""3"", ""4"", ""5"", ""6"", ""7"", ""8""]}",
sig,7,11,20,"flx::floatx<11, 20>",18,13,69.384777,ok,"{""double"": [""0"", ""1"", ""10"", ""11"", ""2"", ""24"", ""25"", ""26"", ""27"", ""28"", ""29"", ""30"", ""9""], ""flx::floatx<11, 20>"": [""12"", ""13"", ""14"", ""15"", ""16"", ""17"", ""18"", ""19"", ""20"", ""21"", ""22"", ""23"", ""3"", ""4"", ""5"", ""6"", ""7"", ""8""]}",
sig,7,11,21,"flx::floatx<11, 21>",18,13,69.406874,ok,"{""double"": [""0"", ""1"", ""10"", ""11"", ""2"", ""24"", ""25"", ""26"", ""27"", ""28"", ""29"", ""30"", ""9""], ""flx::floatx<11, 21>"": [""12"", ""13"", ""14"", ""15"", ""16"", ""17"", ""18"", ""19"", ""20"", ""21"", ""22"", ""23"", ""3"", ""4"", ""5"", ""6"", ""7"", ""8""]}",
sig,7,11,22,"flx::floatx<11, 22>",18,13,69.395967,ok,"{""double"": [""0"", ""1"", ""10"", ""11"", ""2"", ""24"", ""25"", ""26"", ""27"", ""28"", ""29"", ""30"", ""9""], ""flx::floatx<11, 22>"": [""12"", ""13"", ""14"", ""15"", ""16"", ""17"", ""18"", ""19"", ""20"", ""21"", ""22"", ""23"", ""3"", ""4"", ""5"", ""6"", ""7"", ""8""]}",
sig,7,11,23,"flx::floatx<11, 23>",18,13,69.309814,ok,"{""double"": [""0"", ""1"", ""10"", ""11"", ""2"", ""24"", ""25"", ""26"", ""27"", ""28"", ""29"", ""30"", ""9""], ""flx::floatx<11, 23>"": [""12"", ""13"", ""14"", ""15"", ""16"", ""17"", ""18"", ""19"", ""20"", ""21"", ""22"", ""23"", ""3"", ""4"", ""5"", ""6"", ""7"", ""8""]}",
sig,7,11,24,"flx::floatx<11, 24>",31,0,13.384818,ok,"{""flx::floatx<11, 24>"": [""0"", ""1"", ""10"", ""11"", ""12"", ""13"", ""14"", ""15"", ""16"", ""17"", ""18"", ""19"", ""2"", ""20"", ""21"", ""22"", ""23"", ""24"", ""25"", ""26"", ""27"", ""28"", ""29"", ""3"", ""30"", ""4"", ""5"", ""6"", ""7"", ""8"", ""9""]}",
sig,7,11,25,"flx::floatx<11, 25>",31,0,13.379772,ok,"{""flx::floatx<11, 25>"": [""0"", ""1"", ""10"", ""11"", ""12"", ""13"", ""14"", ""15"", ""16"", ""17"", ""18"", ""19"", ""2"", ""20"", ""21"", ""22"", ""23"", ""24"", ""25"", ""26"", ""27"", ""28"", ""29"", ""3"", ""30"", ""4"", ""5"", ""6"", ""7"", ""8"", ""9""]}",
sig,7,11,26,"flx::floatx<11, 26>",31,0,13.332991,ok,"{""flx::floatx<11, 26>"": [""0"", ""1"", ""10"", ""11"", ""12"", ""13"", ""14"", ""15"", ""16"", ""17"", ""18"", ""19"", ""2"", ""20"", ""21"", ""22"", ""23"", ""24"", ""25"", ""26"", ""27"", ""28"", ""29"", ""3"", ""30"", ""4"", ""5"", ""6"", ""7"", ""8"", ""9""]}",
sig,7,11,27,"flx::floatx<11, 27>",31,0,13.340590,ok,"{""flx::floatx<11, 27>"": [""0"", ""1"", ""10"", ""11"", ""12"", ""13"", ""14"", ""15"", ""16"", ""17"", ""18"", ""19"", ""2"", ""20"", ""21"", ""22"", ""23"", ""24"", ""25"", ""26"", ""27"", ""28"", ""29"", ""3"", ""30"", ""4"", ""5"", ""6"", ""7"", ""8"", ""9""]}",
sig,7,11,28,"flx::floatx<11, 28>",31,0,13.333298,ok,"{""flx::floatx<11, 28>"": [""0"", ""1"", ""10"", ""11"", ""12"", ""13"", ""14"", ""15"", ""16"", ""17"", ""18"", ""19"", ""2"", ""20"", ""21"", ""22"", ""23"", ""24"", ""25"", ""26"", ""27"", ""28"", ""29"", ""3"", ""30"", ""4"", ""5"", ""6"", ""7"", ""8"", ""9""]}",
sig,7,11,29,"flx::floatx<11, 29>",31,0,13.374686,ok,"{""flx::floatx<11, 29>"": [""0"", ""1"", ""10"", ""11"", ""12"", ""13"", ""14"", ""15"", ""16"", ""17"", ""18"", ""19"", ""2"", ""20"", ""21"", ""22"", ""23"", ""24"", ""25"", ""26"", ""27"", ""28"", ""29"", ""3"", ""30"", ""4"", ""5"", ""6"", ""7"", ""8"", ""9""]}",
sig,7,11,30,"flx::floatx<11, 30>",31,0,13.352097,ok,"{""flx::floatx<11, 30>"": [""0"", ""1"", ""10"", ""11"", ""12"", ""13"", ""14"", ""15"", ""16"", ""17"", ""18"", ""19"", ""2"", ""20"", ""21"", ""22"", ""23"", ""24"", ""25"", ""26"", ""27"", ""28"", ""29"", ""3"", ""30"", ""4"", ""5"", ""6"", ""7"", ""8"", ""9""]}",
sig,7,11,31,"flx::floatx<11, 31>",31,0,13.353313,ok,"{""flx::floatx<11, 31>"": [""0"", ""1"", ""10"", ""11"", ""12"", ""13"", ""14"", ""15"", ""16"", ""17"", ""18"", ""19"", ""2"", ""20"", ""21"", ""22"", ""23"", ""24"", ""25"", ""26"", ""27"", ""28"", ""29"", ""3"", ""30"", ""4"", ""5"", ""6"", ""7"", ""8"", ""9""]}",
sig,7,11,32,"flx::floatx<11, 32>",31,0,13.384785,ok,"{""flx::floatx<11, 32>"": [""0"", ""1"", ""10"", ""11"", ""12"", ""13"", ""14"", ""15"", ""16"", ""17"", ""18"", ""19"", ""2"", ""20"", ""21"", ""22"", ""23"", ""24"", ""25"", ""26"", ""27"", ""28"", ""29"", ""3"", ""30"", ""4"", ""5"", ""6"", ""7"", ""8"", ""9""]}",
sig,7,11,33,"flx::floatx<11, 33>",31,0,13.338493,ok,"{""flx::floatx<11, 33>"": [""0"", ""1"", ""10"", ""11"", ""12"", ""13"", ""14"", ""15"", ""16"", ""17"", ""18"", ""19"", ""2"", ""20"", ""21"", ""22"", ""23"", ""24"", ""25"", ""26"", ""27"", ""28"", ""29"", ""3"", ""30"", ""4"", ""5"", ""6"", ""7"", ""8"", ""9""]}",
sig,7,11,34,"flx::floatx<11, 34>",31,0,13.342567,ok,"{""flx::floatx<11, 34>"": [""0"", ""1"", ""10"", ""11"", ""12"", ""13"", ""14"", ""15"", ""16"", ""17"", ""18"", ""19"", ""2"", ""20"", ""21"", ""22"", ""23"", ""24"", ""25"", ""26"", ""27"", ""28"", ""29"", ""3"", ""30"", ""4"", ""5"", ""6"", ""7"", ""8"", ""9""]}",
sig,7,11,35,"flx::floatx<11, 35>",31,0,13.379900,ok,"{""flx::floatx<11, 35>"": [""0"", ""1"", ""10"", ""11"", ""12"", ""13"", ""14"", ""15"", ""16"", ""17"", ""18"", ""19"", ""2"", ""20"", ""21"", ""22"", ""23"", ""24"", ""25"", ""26"", ""27"", ""28"", ""29"", ""3"", ""30"", ""4"", ""5"", ""6"", ""7"", ""8"", ""9""]}",
sig,7,11,36,"flx::floatx<11, 36>",31,0,13.371110,ok,"{""flx::floatx<11, 36>"": [""0"", ""1"", ""10"", ""11"", ""12"", ""13"", ""14"", ""15"", ""16"", ""17"", ""18"", ""19"", ""2"", ""20"", ""21"", ""22"", ""23"", ""24"", ""25"", ""26"", ""27"", ""28"", ""29"", ""3"", ""30"", ""4"", ""5"", ""6"", ""7"", ""8"", ""9""]}",
sig,7,11,37,"flx::floatx<11, 37>",31,0,13.394195,ok,"{""flx::floatx<11, 37>"": [""0"", ""1"", ""10"", ""11"", ""12"", ""13"", ""14"", ""15"", ""16"", ""17"", ""18"", ""19"", ""2"", ""20"", ""21"", ""22"", ""23"", ""24"", ""25"", ""26"", ""27"", ""28"", ""29"", ""3"", ""30"", ""4"", ""5"", ""6"", ""7"", ""8"", ""9""]}",
sig,7,11,38,"flx::floatx<11, 38>",31,0,13.403744,ok,"{""flx::floatx<11, 38>"": [""0"", ""1"", ""10"", ""11"", ""12"", ""13"", ""14"", ""15"", ""16"", ""17"", ""18"", ""19"", ""2"", ""20"", ""21"", ""22"", ""23"", ""24"", ""25"", ""26"", ""27"", ""28"", ""29"", ""3"", ""30"", ""4"", ""5"", ""6"", ""7"", ""8"", ""9""]}",
sig,7,11,39,"flx::floatx<11, 39>",31,0,13.424322,ok,"{""flx::floatx<11, 39>"": [""0"", ""1"", ""10"", ""11"", ""12"", ""13"", ""14"", ""15"", ""16"", ""17"", ""18"", ""19"", ""2"", ""20"", ""21"", ""22"", ""23"", ""24"", ""25"", ""26"", ""27"", ""28"", ""29"", ""3"", ""30"", ""4"", ""5"", ""6"", ""7"", ""8"", ""9""]}",
sig,7,11,40,"flx::floatx<11, 40>",31,0,13.398484,ok,"{""flx::floatx<11, 40>"": [""0"", ""1"", ""10"", ""11"", ""12"", ""13"", ""14"", ""15"", ""16"", ""17"", ""18"", ""19"", ""2"", ""20"", ""21"", ""22"", ""23"", ""24"", ""25"", ""26"", ""27"", ""28"", ""29"", ""3"", ""30"", ""4"", ""5"", ""6"", ""7"", ""8"", ""9""]}",
sig,7,11,41,"flx::floatx<11, 41>",31,0,13.418642,ok,"{""flx::floatx<11, 41>"": [""0"", ""1"", ""10"", ""11"", ""12"", ""13"", ""14"", ""15"", ""16"", ""17"", ""18"", ""19"", ""2"", ""20"", ""21"", ""22"", ""23"", ""24"", ""25"", ""26"", ""27"", ""28"", ""29"", ""3"", ""30"", ""4"", ""5"", ""6"", ""7"", ""8"", ""9""]}",
sig,7,11,42,"flx::floatx<11, 42>",31,0,13.397557,ok,"{""flx::floatx<11, 42>"": [""0"", ""1"", ""10"", ""11"", ""12"", ""13"", ""14"", ""15"", ""16"", ""17"", ""18"", ""19"", ""2"", ""20"", ""21"", ""22"", ""23"", ""24"", ""25"", ""26"", ""27"", ""28"", ""29"", ""3"", ""30"", ""4"", ""5"", ""6"", ""7"", ""8"", ""9""]}",
sig,7,11,43,"flx::floatx<11, 43>",31,0,13.423079,ok,"{""flx::floatx<11, 43>"": [""0"", ""1"", ""10"", ""11"", ""12"", ""13"", ""14"", ""15"", ""16"", ""17"", ""18"", ""19"", ""2"", ""20"", ""21"", ""22"", ""23"", ""24"", ""25"", ""26"", ""27"", ""28"", ""29"", ""3"", ""30"", ""4"", ""5"", ""6"", ""7"", ""8"", ""9""]}",
sig,7,11,44,"flx::floatx<11, 44>",31,0,13.401237,ok,"{""flx::floatx<11, 44>"": [""0"", ""1"", ""10"", ""11"", ""12"", ""13"", ""14"", ""15"", ""16"", ""17"", ""18"", ""19"", ""2"", ""20"", ""21"", ""22"", ""23"", ""24"", ""25"", ""26"", ""27"", ""28"", ""29"", ""3"", ""30"", ""4"", ""5"", ""6"", ""7"", ""8"", ""9""]}",
sig,7,11,45,"flx::floatx<11, 45>",31,0,13.408111,ok,"{""flx::floatx<11, 45>"": [""0"", ""1"", ""10"", ""11"", ""12"", ""13"", ""14"", ""15"", ""16"", ""17"", ""18"", ""19"", ""2"", ""20"", ""21"", ""22"", ""23"", ""24"", ""25"", ""26"", ""27"", ""28"", ""29"", ""3"", ""30"", ""4"", ""5"", ""6"", ""7"", ""8"", ""9""]}",
sig,7,11,46,"flx::floatx<11, 46>",31,0,13.406917,ok,"{""flx::floatx<11, 46>"": [""0"", ""1"", ""10"", ""11"", ""12"", ""13"", ""14"", ""15"", ""16"", ""17"", ""18"", ""19"", ""2"", ""20"", ""21"", ""22"", ""23"", ""24"", ""25"", ""26"", ""27"", ""28"", ""29"", ""3"", ""30"", ""4"", ""5"", ""6"", ""7"", ""8"", ""9""]}",
sig,7,11,47,"flx::floatx<11, 47>",31,0,13.383010,ok,"{""flx::floatx<11, 47>"": [""0"", ""1"", ""10"", ""11"", ""12"", ""13"", ""14"", ""15"", ""16"", ""17"", ""18"", ""19"", ""2"", ""20"", ""21"", ""22"", ""23"", ""24"", ""25"", ""26"", ""27"", ""28"", ""29"", ""3"", ""30"", ""4"", ""5"", ""6"", ""7"", ""8"", ""9""]}",
sig,7,11,48,"flx::floatx<11, 48>",31,0,13.355064,ok,"{""flx::floatx<11, 48>"": [""0"", ""1"", ""10"", ""11"", ""12"", ""13"", ""14"", ""15"", ""16"", ""17"", ""18"", ""19"", ""2"", ""20"", ""21"", ""22"", ""23"", ""24"", ""25"", ""26"", ""27"", ""28"", ""29"", ""3"", ""30"", ""4"", ""5"", ""6"", ""7"", ""8"", ""9""]}",
sig,7,11,49,"flx::floatx<11, 49>",31,0,13.406149,ok,"{""flx::floatx<11, 49>"": [""0"", ""1"", ""10"", ""11"", ""12"", ""13"", ""14"", ""15"", ""16"", ""17"", ""18"", ""19"", ""2"", ""20"", ""21"", ""22"", ""23"", ""24"", ""25"", ""26"", ""27"", ""28"", ""29"", ""3"", ""30"", ""4"", ""5"", ""6"", ""7"", ""8"", ""9""]}",
sig,7,11,50,"flx::floatx<11, 50>",31,0,13.389627,ok,"{""flx::floatx<11, 50>"": [""0"", ""1"", ""10"", ""11"", ""12"", ""13"", ""14"", ""15"", ""16"", ""17"", ""18"", ""19"", ""2"", ""20"", ""21"", ""22"", ""23"", ""24"", ""25"", ""26"", ""27"", ""28"", ""29"", ""3"", ""30"", ""4"", ""5"", ""6"", ""7"", ""8"", ""9""]}",
sig,7,11,51,"flx::floatx<11, 51>",31,0,13.372630,ok,"{""flx::floatx<11, 51>"": [""0"", ""1"", ""10"", ""11"", ""12"", ""13"", ""14"", ""15"", ""16"", ""17"", ""18"", ""19"", ""2"", ""20"", ""21"", ""22"", ""23"", ""24"", ""25"", ""26"", ""27"", ""28"", ""29"", ""3"", ""30"", ""4"", ""5"", ""6"", ""7"", ""8"", ""9""]}",
sig,7,11,52,"flx::floatx<11, 52>",31,0,13.307926,ok,"{""flx::floatx<11, 52>"": [""0"", ""1"", ""10"", ""11"", ""12"", ""13"", ""14"", ""15"", ""16"", ""17"", ""18"", ""19"", ""2"", ""20"", ""21"", ""22"", ""23"", ""24"", ""25"", ""26"", ""27"", ""28"", ""29"", ""3"", ""30"", ""4"", ""5"", ""6"", ""7"", ""8"", ""9""]}",
exp,7,1,52,"flx::floatx<1, 52>",16,15,101.272912,ok,"{""double"": [""0"", ""1"", ""10"", ""11"", ""17"", ""18"", ""2"", ""24"", ""25"", ""26"", ""27"", ""28"", ""29"", ""30"", ""9""], ""flx::floatx<1, 52>"": [""12"", ""13"", ""14"", ""15"", ""16"", ""19"", ""20"", ""21"", ""22"", ""23"", ""3"", ""4"", ""5"", ""6"", ""7"", ""8""]}",
exp,7,2,52,"flx::floatx<2, 52>",16,15,101.484410,ok,"{""double"": [""0"", ""1"", ""10"", ""11"", ""17"", ""18"", ""2"", ""24"", ""25"", ""26"", ""27"", ""28"", ""29"", ""30"", ""9""], ""flx::floatx<2, 52>"": [""12"", ""13"", ""14"", ""15"", ""16"", ""19"", ""20"", ""21"", ""22"", ""23"", ""3"", ""4"", ""5"", ""6"", ""7"", ""8""]}",
exp,7,3,52,"flx::floatx<3, 52>",16,15,101.197497,ok,"{""double"": [""0"", ""1"", ""10"", ""11"", ""17"", ""18"", ""2"", ""24"", ""25"", ""26"", ""27"", ""28"", ""29"", ""30"", ""9""], ""flx::floatx<3, 52>"": [""12"", ""13"", ""14"", ""15"", ""16"", ""19"", ""20"", ""21"", ""22"", ""23"", ""3"", ""4"", ""5"", ""6"", ""7"", ""8""]}",
exp,7,4,52,"flx::floatx<4, 52>",16,15,101.301354,ok,"{""double"": [""0"", ""1"", ""10"", ""11"", ""17"", ""18"", ""2"", ""24"", ""25"", ""26"", ""27"", ""28"", ""29"", ""30"", ""9""], ""flx::floatx<4, 52>"": [""12"", ""13"", ""14"", ""15"", ""16"", ""19"", ""20"", ""21"", ""22"", ""23"", ""3"", ""4"", ""5"", ""6"", ""7"", ""8""]}",
exp,7,5,52,"flx::floatx<5, 52>",31,0,13.359811,ok,"{""flx::floatx<5, 52>"": [""0"", ""1"", ""10"", ""11"", ""12"", ""13"", ""14"", ""15"", ""16"", ""17"", ""18"", ""19"", ""2"", ""20"", ""21"", ""22"", ""23"", ""24"", ""25"", ""26"", ""27"", ""28"", ""29"", ""3"", ""30"", ""4"", ""5"", ""6"", ""7"", ""8"", ""9""]}",
exp,7,6,52,"flx::floatx<6, 52>",31,0,13.369181,ok,"{""flx::floatx<6, 52>"": [""0"", ""1"", ""10"", ""11"", ""12"", ""13"", ""14"", ""15"", ""16"", ""17"", ""18"", ""19"", ""2"", ""20"", ""21"", ""22"", ""23"", ""24"", ""25"", ""26"", ""27"", ""28"", ""29"", ""3"", ""30"", ""4"", ""5"", ""6"", ""7"", ""8"", ""9""]}",
exp,7,7,52,"flx::floatx<7, 52>",31,0,13.334974,ok,"{""flx::floatx<7, 52>"": [""0"", ""1"", ""10"", ""11"", ""12"", ""13"", ""14"", ""15"", ""16"", ""17"", ""18"", ""19"", ""2"", ""20"", ""21"", ""22"", ""23"", ""24"", ""25"", ""26"", ""27"", ""28"", ""29"", ""3"", ""30"", ""4"", ""5"", ""6"", ""7"", ""8"", ""9""]}",
exp,7,8,52,"flx::floatx<8, 52>",31,0,13.400342,ok,"{""flx::floatx<8, 52>"": [""0"", ""1"", ""10"", ""11"", ""12"", ""13"", ""14"", ""15"", ""16"", ""17"", ""18"", ""19"", ""2"", ""20"", ""21"", ""22"", ""23"", ""24"", ""25"", ""26"", ""27"", ""28"", ""29"", ""3"", ""30"", ""4"", ""5"", ""6"", ""7"", ""8"", ""9""]}",
exp,7,9,52,"flx::floatx<9, 52>",31,0,13.330427,ok,"{""flx::floatx<9, 52>"": [""0"", ""1"", ""10"", ""11"", ""12"", ""13"", ""14"", ""15"", ""16"", ""17"", ""18"", ""19"", ""2"", ""20"", ""21"", ""22"", ""23"", ""24"", ""25"", ""26"", ""27"", ""28"", ""29"", ""3"", ""30"", ""4"", ""5"", ""6"", ""7"", ""8"", ""9""]}",
exp,7,10,52,"flx::floatx<10, 52>",31,0,13.439767,ok,"{""flx::floatx<10, 52>"": [""0"", ""1"", ""10"", ""11"", ""12"", ""13"", ""14"", ""15"", ""16"", ""17"", ""18"", ""19"", ""2"", ""20"", ""21"", ""22"", ""23"", ""24"", ""25"", ""26"", ""27"", ""28"", ""29"", ""3"", ""30"", ""4"", ""5"", ""6"", ""7"", ""8"", ""9""]}",
exp,7,11,52,"flx::floatx<11, 52>",31,0,13.349321,ok,"{""flx::floatx<11, 52>"": [""0"", ""1"", ""10"", ""11"", ""12"", ""13"", ""14"", ""15"", ""16"", ""17"", ""18"", ""19"", ""2"", ""20"", ""21"", ""22"", ""23"", ""24"", ""25"", ""26"", ""27"", ""28"", ""29"", ""3"", ""30"", ""4"", ""5"", ""6"", ""7"", ""8"", ""9""]}",
sig,8,11,1,"flx::floatx<11, 1>",16,15,95.869966,ok,"{""double"": [""0"", ""1"", ""10"", ""11"", ""12"", ""2"", ""24"", ""25"", ""26"", ""27"", ""28"", ""29"", ""30"", ""8"", ""9""], ""flx::floatx<11, 1>"": [""13"", ""14"", ""15"", ""16"", ""17"", ""18"", ""19"", ""20"", ""21"", ""22"", ""23"", ""3"", ""4"", ""5"", ""6"", ""7""]}",
sig,8,11,2,"flx::floatx<11, 2>",17,14,82.271562,ok,"{""double"": [""0"", ""1"", ""10"", ""11"", ""2"", ""24"", ""25"", ""26"", ""27"", ""28"", ""29"", ""30"", ""8"", ""9""], ""flx::floatx<11, 2>"": [""12"", ""13"", ""14"", ""15"", ""16"", ""17"", ""18"", ""19"", ""20"", ""21"", ""22"", ""23"", ""3"", ""4"", ""5"", ""6"", ""7""]}",
sig,8,11,3,"flx::floatx<11, 3>",18,13,69.245822,ok,"{""double"": [""0"", ""1"", ""10"", ""11"", ""2"", ""24"", ""25"", ""26"", ""27"", ""28"", ""29"", ""30"", ""9""], ""flx::floatx<11, 3>"": [""12"", ""13"", ""14"", ""15"", ""16"", ""17"", ""18"", ""19"", ""20"", ""21"", ""22"", ""23"", ""3"", ""4"", ""5"", ""6"", ""7"", ""8""]}",
sig,8,11,4,"flx::floatx<11, 4>",18,13,69.251523,ok,"{""double"": [""0"", ""1"", ""10"", ""11"", ""2"", ""24"", ""25"", ""26"", ""27"", ""28"", ""29"", ""30"", ""9""], ""flx::floatx<11, 4>"": [""12"", ""13"", ""14"", ""15"", ""16"", ""17"", ""18"", ""19"", ""20"", ""21"", ""22"", ""23"", ""3"", ""4"", ""5"", ""6"", ""7"", ""8""]}",
sig,8,11,5,"flx::floatx<11, 5>",18,13,69.243519,ok,"{""double"": [""0"", ""1"", ""10"", ""11"", ""2"", ""24"", ""25"", ""26"", ""27"", ""28"", ""29"", ""30"", ""9""], ""flx::floatx<11, 5>"": [""12"", ""13"", ""14"", ""15"", ""16"", ""17"", ""18"", ""19"", ""20"", ""21"", ""22"", ""23"", ""3"", ""4"", ""5"", ""6"", ""7"", ""8""]}",
sig,8,11,6,"flx::floatx<11, 6>",18,13,69.302256,ok,"{""double"": [""0"", ""1"", ""10"", ""11"", ""2"", ""24"", ""25"", ""26"", ""27"", ""28"", ""29"", ""30"", ""9""], ""flx::floatx<11, 6>"": [""12"", ""13"", ""14"", ""15"", ""16"", ""17"", ""18"", ""19"", ""20"", ""21"", ""22"", ""23"", ""3"", ""4"", ""5"", ""6"", ""7"", ""8""]}",
sig,8,11,7,"flx::floatx<11, 7>",18,13,69.383589,ok,"{""double"": [""0"", ""1"", ""10"", ""11"", ""2"", ""24"", ""25"", ""26"", ""27"", ""28"", ""29"", ""30"", ""9""], ""flx::floatx<11, 7>"": [""12"", ""13"", ""14"", ""15"", ""16"", ""17"", ""18"", ""19"", ""20"", ""21"", ""22"", ""23"", ""3"", ""4"", ""5"", ""6"", ""7"", ""8""]}",
sig,8,11,8,"flx::floatx<11, 8>",18,13,69.356801,ok,"{""double"": [""0"", ""1"", ""10"", ""11"", ""2"", ""24"", ""25"", ""26"", ""27"", ""28"", ""29"", ""30"", ""9""], ""flx::floatx<11, 8>"": [""12"", ""13"", ""14"", ""15"", ""16"", ""17"", ""18"", ""19"", ""20"", ""21"", ""22"", ""23"", ""3"", ""4"", ""5"", ""6"", ""7"", ""8""]}",
sig,8,11,9,"flx::floatx<11, 9>",18,13,69.288541,ok,"{""double"": [""0"", ""1"", ""10"", ""11"", ""2"", ""24"", ""25"", ""26"", ""27"", ""28"", ""29"", ""30"", ""9""], ""flx::floatx<11, 9>"": [""12"", ""13"", ""14"", ""15"", ""16"", ""17"", ""18"", ""19"", ""20"", ""21"", ""22"", ""23"", ""3"", ""4"", ""5"", ""6"", ""7"", ""8""]}",
sig,8,11,10,"flx::floatx<11, 10>",18,13,69.334041,ok,"{""double"": [""0"", ""1"", ""10"", ""11"", ""2"", ""24"", ""25"", ""26"", ""27"", ""28"", ""29"", ""30"", ""9""], ""flx::floatx<11, 10>"": [""12"", ""13"", ""14"", ""15"", ""16"", ""17"", ""18"", ""19"", ""20"", ""21"", ""22"", ""23"", ""3"", ""4"", ""5"", ""6"", ""7"", ""8""]}",
sig,8,11,11,"flx::floatx<11, 11>",18,13,69.349181,ok,"{""double"": [""0"", ""1"", ""10"", ""11"", ""2"", ""24"", ""25"", ""26"", ""27"", ""28"", ""29"", ""30"", ""9""], ""flx::floatx<11, 11>"": [""12"", ""13"", ""14"", ""15"", ""16"", ""17"", ""18"", ""19"", ""20"", ""21"", ""22"", ""23"", ""3"", ""4"", ""5"", ""6"", ""7"", ""8""]}",
sig,8,11,12,"flx::floatx<11, 12>",18,13,69.310449,ok,"{""double"": [""0"", ""1"", ""10"", ""11"", ""2"", ""24"", ""25"", ""26"", ""27"", ""28"", ""29"", ""30"", ""9""], ""flx::floatx<11, 12>"": [""12"", ""13"", ""14"", ""15"", ""16"", ""17"", ""18"", ""19"", ""20"", ""21"", ""22"", ""23"", ""3"", ""4"", ""5"", ""6"", ""7"", ""8""]}",
sig,8,11,13,"flx::floatx<11, 13>",18,13,69.380268,ok,"{""double"": [""0"", ""1"", ""10"", ""11"", ""2"", ""24"", ""25"", ""26"", ""27"", ""28"", ""29"", ""30"", ""9""], ""flx::floatx<11, 13>"": [""12"", ""13"", ""14"", ""15"", ""16"", ""17"", ""18"", ""19"", ""20"", ""21"", ""22"", ""23"", ""3"", ""4"", ""5"", ""6"", ""7"", ""8""]}",
sig,8,11,14,"flx::floatx<11, 14>",18,13,69.389802,ok,"{""double"": [""0"", ""1"", ""10"", ""11"", ""2"", ""24"", ""25"", ""26"", ""27"", ""28"", ""29"", ""30"", ""9""], ""flx::floatx<11, 14>"": [""12"", ""13"", ""14"", ""15"", ""16"", ""17"", ""18"", ""19"", ""20"", ""21"", ""22"", ""23"", ""3"", ""4"", ""5"", ""6"", ""7"", ""8""]}",
sig,8,11,15,"flx::floatx<11, 15>",18,13,69.357308,ok,"{""double"": [""0"", ""1"", ""10"", ""11"", ""2"", ""24"", ""25"", ""26"", ""27"", ""28"", ""29"", ""30"", ""9""], ""flx::floatx<11, 15>"": [""12"", ""13"", ""14"", ""15"", ""16"", ""17"", ""18"", ""19"", ""20"", ""21"", ""22"", ""23"", ""3"", ""4"", ""5"", ""6"", ""7"", ""8""]}",
sig,8,11,16,"flx::floatx<11, 16>",18,13,69.517220,ok,"{""double"": [""0"", ""1"", ""10"", ""11"", ""2"", ""24"", ""25"", ""26"", ""27"", ""28"", ""29"", ""30"", ""9""], ""flx::floatx<11, 16>"": [""12"", ""13"", ""14"", ""15"", ""16"", ""17"", ""18"", ""19"", ""20"", ""21"", ""22"", ""23"", ""3"", ""4"", ""5"", ""6"", ""7"", ""8""]}",
sig,8,11,17,"flx::floatx<11, 17>",18,13,69.364714,ok,"{""double"": [""0"", ""1"", ""10"", ""11"", ""2"", ""24"", ""25"", ""26"", ""27"", ""28"", ""29"", ""30"", ""9""], ""flx::floatx<11, 17>"": [""12"", ""13"", ""14"", ""15"", ""16"", ""17"", ""18"", ""19"", ""20"", ""21"", ""22"", ""23"", ""3"", ""4"", ""5"", ""6"", ""7"", ""8""]}",
sig,8,11,18,"flx::floatx<11, 18>",18,13,69.382099,ok,"{""double"": [""0"", ""1"", ""10"", ""11"", ""2"", ""24"", ""25"", ""26"", ""27"", ""28"", ""29"", ""30"", ""9""], ""flx::floatx<11, 18>"": [""12"", ""13"", ""14"", ""15"", ""16"", ""17"", ""18"", ""19"", ""20"", ""21"", ""22"", ""23"", ""3"", ""4"", ""5"", ""6"", ""7"", ""8""]}",
sig,8,11,19,"flx::floatx<11, 19>",18,13,69.385975,ok,"{""double"": [""0"", ""1"", ""10"", ""11"", ""2"", ""24"", ""25"", ""26"", ""27"", ""28"", ""29"", ""30"", ""9""], ""flx::floatx<11, 19>"": [""12"", ""13"", ""14"", ""15"", ""16"", ""17"", ""18"", ""19"", ""20"", ""21"", ""22"", ""23"", ""3"", ""4"", ""5"", ""6"", ""7"", ""8""]}",
sig,8,11,20,"flx::floatx<11, 20>",18,13,69.240686,ok,"{""double"": [""0"", ""1"", ""10"", ""11"", ""2"", ""24"", ""25"", ""26"", ""27"", ""28"", ""29"", ""30"", ""9""], ""flx::floatx<11, 20>"": [""12"", ""13"", ""14"", ""15"", ""16"", ""17"", ""18"", ""19"", ""20"", ""21"", ""22"", ""23"", ""3"", ""4"", ""5"", ""6"", ""7"", ""8""]}",
sig,8,11,21,"flx::floatx<11, 21>",18,13,69.431419,ok,"{""double"": [""0"", ""1"", ""10"", ""11"", ""2"", ""24"", ""25"", ""26"", ""27"", ""28"", ""29"", ""30"", ""9""], ""flx::floatx<11, 21>"": [""12"", ""13"", ""14"", ""15"", ""16"", ""17"", ""18"", ""19"", ""20"", ""21"", ""22"", ""23"", ""3"", ""4"", ""5"", ""6"", ""7"", ""8""]}",
sig,8,11,22,"flx::floatx<11, 22>",18,13,69.594867,ok,"{""double"": [""0"", ""1"", ""10"", ""11"", ""2"", ""24"", ""25"", ""26"", ""27"", ""28"", ""29"", ""30"", ""9""], ""flx::floatx<11, 22>"": [""12"", ""13"", ""14"", ""15"", ""16"", ""17"", ""18"", ""19"", ""20"", ""21"", ""22"", ""23"", ""3"", ""4"", ""5"", ""6"", ""7"", ""8""]}",
sig,8,11,23,"flx::floatx<11, 23>",18,13,69.385485,ok,"{""double"": [""0"", ""1"", ""10"", ""11"", ""2"", ""24"", ""25"", ""26"", ""27"", ""28"", ""29"", ""30"", ""9""], ""flx::floatx<11, 23>"": [""12"", ""13"", ""14"", ""15"", ""16"", ""17"", ""18"", ""19"", ""20"", ""21"", ""22"", ""23"", ""3"", ""4"", ""5"", ""6"", ""7"", ""8""]}",
sig,8,11,24,"flx::floatx<11, 24>",18,13,69.357790,ok,"{""double"": [""0"", ""1"", ""10"", ""11"", ""2"", ""24"", ""25"", ""26"", ""27"", ""28"", ""29"", ""30"", ""9""], ""flx::floatx<11, 24>"": [""12"", ""13"", ""14"", ""15"", ""16"", ""17"", ""18"", ""19"", ""20"", ""21"", ""22"", ""23"", ""3"", ""4"", ""5"", ""6"", ""7"", ""8""]}",
sig,8,11,25,"flx::floatx<11, 25>",18,13,69.348371,ok,"{""double"": [""0"", ""1"", ""10"", ""11"", ""2"", ""24"", ""25"", ""26"", ""27"", ""28"", ""29"", ""30"", ""9""], ""flx::floatx<11, 25>"": [""12"", ""13"", ""14"", ""15"", ""16"", ""17"", ""18"", ""19"", ""20"", ""21"", ""22"", ""23"", ""3"", ""4"", ""5"", ""6"", ""7"", ""8""]}",
sig,8,11,26,"flx::floatx<11, 26>",18,13,69.446367,ok,"{""double"": [""0"", ""1"", ""10"", ""11"", ""2"", ""24"", ""25"", ""26"", ""27"", ""28"", ""29"", ""30"", ""9""], ""flx::floatx<11, 26>"": [""12"", ""13"", ""14"", ""15"", ""16"", ""17"", ""18"", ""19"", ""20"", ""21"", ""22"", ""23"", ""3"", ""4"", ""5"", ""6"", ""7"", ""8""]}",
sig,8,11,27,"flx::floatx<11, 27>",31,0,13.414289,ok,"{""flx::floatx<11, 27>"": [""0"", ""1"", ""10"", ""11"", ""12"", ""13"", ""14"", ""15"", ""16"", ""17"", ""18"", ""19"", ""2"", ""20"", ""21"", ""22"", ""23"", ""24"", ""25"", ""26"", ""27"", ""28"", ""29"", ""3"", ""30"", ""4"", ""5"", ""6"", ""7"", ""8"", ""9""]}",
sig,8,11,28,"flx::floatx<11, 28>",31,0,13.412524,ok,"{""flx::floatx<11, 28>"": [""0"", ""1"", ""10"", ""11"", ""12"", ""13"", ""14"", ""15"", ""16"", ""17"", ""18"", ""19"", ""2"", ""20"", ""21"", ""22"", ""23"", ""24"", ""25"", ""26"", ""27"", ""28"", ""29"", ""3"", ""30"", ""4"", ""5"", ""6"", ""7"", ""8"", ""9""]}",
sig,8,11,29,"flx::floatx<11, 29>",31,0,13.344499,ok,"{""flx::floatx<11, 29>"": [""0"", ""1"", ""10"", ""11"", ""12"", ""13"", ""14"", ""15"", ""16"", ""17"", ""18"", ""19"", ""2"", ""20"", ""21"", ""22"", ""23"", ""24"", ""25"", ""26"", ""27"", ""28"", ""29"", ""3"", ""30"", ""4"", ""5"", ""6"", ""7"", ""8"", ""9""]}",
sig,8,11,30,"flx::floatx<11, 30>",31,0,13.357432,ok,"{""flx::floatx<11, 30>"": [""0"", ""1"", ""10"", ""11"", ""12"", ""13"", ""14"", ""15"", ""16"", ""17"", ""18"", ""19"", ""2"", ""20"", ""21"", ""22"", ""23"", ""24"", ""25"", ""26"", ""27"", ""28"", ""29"", ""3"", ""30"", ""4"", ""5"", ""6"", ""7"", ""8"", ""9""]}",
sig,8,11,31,"flx::floatx<11, 31>",31,0,13.379564,ok,"{""flx::floatx<11, 31>"": [""0"", ""1"", ""10"", ""11"", ""12"", ""13"", ""14"", ""15"", ""16"", ""17"", ""18"", ""19"", ""2"", ""20"", ""21"", ""22"", ""23"", ""24"", ""25"", ""26"", ""27"", ""28"", ""29"", ""3"", ""30"", ""4"", ""5"", ""6"", ""7"", ""8"", ""9""]}",
sig,8,11,32,"flx::floatx<11, 32>",31,0,13.332436,ok,"{""flx::floatx<11, 32>"": [""0"", ""1"", ""10"", ""11"", ""12"", ""13"", ""14"", ""15"", ""16"", ""17"", ""18"", ""19"", ""2"", ""20"", ""21"", ""22"", ""23"", ""24"", ""25"", ""26"", ""27"", ""28"", ""29"", ""3"", ""30"", ""4"", ""5"", ""6"", ""7"", ""8"", ""9""]}",
sig,8,11,33,"flx::floatx<11, 33>",31,0,13.355588,ok,"{""flx::floatx<11, 33>"": [""0"", ""1"", ""10"", ""11"", ""12"", ""13"", ""14"", ""15"", ""16"", ""17"", ""18"", ""19"", ""2"", ""20"", ""21"", ""22"", ""23"", ""24"", ""25"", ""26"", ""27"", ""28"", ""29"", ""3"", ""30"", ""4"", ""5"", ""6"", ""7"", ""8"", ""9""]}",
sig,8,11,34,"flx::floatx<11, 34>",31,0,13.325351,ok,"{""flx::floatx<11, 34>"": [""0"", ""1"", ""10"", ""11"", ""12"", ""13"", ""14"", ""15"", ""16"", ""17"", ""18"", ""19"", ""2"", ""20"", ""21"", ""22"", ""23"", ""24"", ""25"", ""26"", ""27"", ""28"", ""29"", ""3"", ""30"", ""4"", ""5"", ""6"", ""7"", ""8"", ""9""]}",
sig,8,11,35,"flx::floatx<11, 35>",31,0,13.400944,ok,"{""flx::floatx<11, 35>"": [""0"", ""1"", ""10"", ""11"", ""12"", ""13"", ""14"", ""15"", ""16"", ""17"", ""18"", ""19"", ""2"", ""20"", ""21"", ""22"", ""23"", ""24"", ""25"", ""26"", ""27"", ""28"", ""29"", ""3"", ""30"", ""4"", ""5"", ""6"", ""7"", ""8"", ""9""]}",
sig,8,11,36,"flx::floatx<11, 36>",31,0,13.360558,ok,"{""flx::floatx<11, 36>"": [""0"", ""1"", ""10"", ""11"", ""12"", ""13"", ""14"", ""15"", ""16"", ""17"", ""18"", ""19"", ""2"", ""20"", ""21"", ""22"", ""23"", ""24"", ""25"", ""26"", ""27"", ""28"", ""29"", ""3"", ""30"", ""4"", ""5"", ""6"", ""7"", ""8"", ""9""]}",
sig,8,11,37,"flx::floatx<11, 37>",31,0,13.329192,ok,"{""flx::floatx<11, 37>"": [""0"", ""1"", ""10"", ""11"", ""12"", ""13"", ""14"", ""15"", ""16"", ""17"", ""18"", ""19"", ""2"", ""20"", ""21"", ""22"", ""23"", ""24"", ""25"", ""26"", ""27"", ""28"", ""29"", ""3"", ""30"", ""4"", ""5"", ""6"", ""7"", ""8"", ""9""]}",
sig,8,11,38,"flx::floatx<11, 38>",31,0,13.340786,ok,"{""flx::floatx<11, 38>"": [""0"", ""1"", ""10"", ""11"", ""12"", ""13"", ""14"", ""15"", ""16"", ""17"", ""18"", ""19"", ""2"", ""20"", ""21"", ""22"", ""23"", ""24"", ""25"", ""26"", ""27"", ""28"", ""29"", ""3"", ""30"", ""4"", ""5"", ""6"", ""7"", ""8"", ""9""]}",
sig,8,11,39,"flx::floatx<11, 39>",31,0,13.311063,ok,"{""flx::floatx<11, 39>"": [""0"", ""1"", ""10"", ""11"", ""12"", ""13"", ""14"", ""15"", ""16"", ""17"", ""18"", ""19"", ""2"", ""20"", ""21"", ""22"", ""23"", ""24"", ""25"", ""26"", ""27"", ""28"", ""29"", ""3"", ""30"", ""4"", ""5"", ""6"", ""7"", ""8"", ""9""]}",
sig,8,11,40,"flx::floatx<11, 40>",31,0,13.343932,ok,"{""flx::floatx<11, 40>"": [""0"", ""1"", ""10"", ""11"", ""12"", ""13"", ""14"", ""15"", ""16"", ""17"", ""18"", ""19"", ""2"", ""20"", ""21"", ""22"", ""23"", ""24"", ""25"", ""26"", ""27"", ""28"", ""29"", ""3"", ""30"", ""4"", ""5"", ""6"", ""7"", ""8"", ""9""]}",
sig,8,11,41,"flx::floatx<11, 41>",31,0,13.421500,ok,"{""flx::floatx<11, 41>"": [""0"", ""1"", ""10"", ""11"", ""12"", ""13"", ""14"", ""15"", ""16"", ""17"", ""18"", ""19"", ""2"", ""20"", ""21"", ""22"", ""23"", ""24"", ""25"", ""26"", ""27"", ""28"", ""29"", ""3"", ""30"", ""4"", ""5"", ""6"", ""7"", ""8"", ""9""]}",
sig,8,11,42,"flx::floatx<11, 42>",31,0,13.329737,ok,"{""flx::floatx<11, 42>"": [""0"", ""1"", ""10"", ""11"", ""12"", ""13"", ""14"", ""15"", ""16"", ""17"", ""18"", ""19"", ""2"", ""20"", ""21"", ""22"", ""23"", ""24"", ""25"", ""26"", ""27"", ""28"", ""29"", ""3"", ""30"", ""4"", ""5"", ""6"", ""7"", ""8"", ""9""]}",
sig,8,11,43,"flx::floatx<11, 43>",31,0,13.474624,ok,"{""flx::floatx<11, 43>"": [""0"", ""1"", ""10"", ""11"", ""12"", ""13"", ""14"", ""15"", ""16"", ""17"", ""18"", ""19"", ""2"", ""20"", ""21"", ""22"", ""23"", ""24"", ""25"", ""26"", ""27"", ""28"", ""29"", ""3"", ""30"", ""4"", ""5"", ""6"", ""7"", ""8"", ""9""]}",
sig,8,11,44,"flx::floatx<11, 44>",31,0,13.411569,ok,"{""flx::floatx<11, 44>"": [""0"", ""1"", ""10"", ""11"", ""12"", ""13"", ""14"", ""15"", ""16"", ""17"", ""18"", ""19"", ""2"", ""20"", ""21"", ""22"", ""23"", ""24"", ""25"", ""26"", ""27"", ""28"", ""29"", ""3"", ""30"", ""4"", ""5"", ""6"", ""7"", ""8"", ""9""]}",
sig,8,11,45,"flx::floatx<11, 45>",31,0,13.397144,ok,"{""flx::floatx<11, 45>"": [""0"", ""1"", ""10"", ""11"", ""12"", ""13"", ""14"", ""15"", ""16"", ""17"", ""18"", ""19"", ""2"", ""20"", ""21"", ""22"", ""23"", ""24"", ""25"", ""26"", ""27"", ""28"", ""29"", ""3"", ""30"", ""4"", ""5"", ""6"", ""7"", ""8"", ""9""]}",
sig,8,11,46,"flx::floatx<11, 46>",31,0,13.398836,ok,"{""flx::floatx<11, 46>"": [""0"", ""1"", ""10"", ""11"", ""12"", ""13"", ""14"", ""15"", ""16"", ""17"", ""18"", ""19"", ""2"", ""20"", ""21"", ""22"", ""23"", ""24"", ""25"", ""26"", ""27"", ""28"", ""29"", ""3"", ""30"", ""4"", ""5"", ""6"", ""7"", ""8"", ""9""]}",
sig,8,11,47,"flx::floatx<11, 47>",31,0,13.404414,ok,"{""flx::floatx<11, 47>"": [""0"", ""1"", ""10"", ""11"", ""12"", ""13"", ""14"", ""15"", ""16"", ""17"", ""18"", ""19"", ""2"", ""20"", ""21"", ""22"", ""23"", ""24"", ""25"", ""26"", ""27"", ""28"", ""29"", ""3"", ""30"", ""4"", ""5"", ""6"", ""7"", ""8"", ""9""]}",
sig,8,11,48,"flx::floatx<11, 48>",31,0,13.390302,ok,"{""flx::floatx<11, 48>"": [""0"", ""1"", ""10"", ""11"", ""12"", ""13"", ""14"", ""15"", ""16"", ""17"", ""18"", ""19"", ""2"", ""20"", ""21"", ""22"", ""23"", ""24"", ""25"", ""26"", ""27"", ""28"", ""29"", ""3"", ""30"", ""4"", ""5"", ""6"", ""7"", ""8"", ""9""]}",
sig,8,11,49,"flx::floatx<11, 49>",31,0,13.411193,ok,"{""flx::floatx<11, 49>"": [""0"", ""1"", ""10"", ""11"", ""12"", ""13"", ""14"", ""15"", ""16"", ""17"", ""18"", ""19"", ""2"", ""20"", ""21"", ""22"", ""23"", ""24"", ""25"", ""26"", ""27"", ""28"", ""29"", ""3"", ""30"", ""4"", ""5"", ""6"", ""7"", ""8"", ""9""]}",
sig,8,11,50,"flx::floatx<11, 50>",31,0,13.366858,ok,"{""flx::floatx<11, 50>"": [""0"", ""1"", ""10"", ""11"", ""12"", ""13"", ""14"", ""15"", ""16"", ""17"", ""18"", ""19"", ""2"", ""20"", ""21"", ""22"", ""23"", ""24"", ""25"", ""26"", ""27"", ""28"", ""29"", ""3"", ""30"", ""4"", ""5"", ""6"", ""7"", ""8"", ""9""]}",
sig,8,11,51,"flx::floatx<11, 51>",31,0,13.389124,ok,"{""flx::floatx<11, 51>"": [""0"", ""1"", ""10"", ""11"", ""12"", ""13"", ""14"", ""15"", ""16"", ""17"", ""18"", ""19"", ""2"", ""20"", ""21"", ""22"", ""23"", ""24"", ""25"", ""26"", ""27"", ""28"", ""29"", ""3"", ""30"", ""4"", ""5"", ""6"", ""7"", ""8"", ""9""]}",
sig,8,11,52,"flx::floatx<11, 52>",31,0,13.261614,ok,"{""flx::floatx<11, 52>"": [""0"", ""1"", ""10"", ""11"", ""12"", ""13"", ""14"", ""15"", ""16"", ""17"", ""18"", ""19"", ""2"", ""20"", ""21"", ""22"", ""23"", ""24"", ""25"", ""26"", ""27"", ""28"", ""29"", ""3"", ""30"", ""4"", ""5"", ""6"", ""7"", ""8"", ""9""]}",
exp,8,1,52,"flx::floatx<1, 52>",14,17,114.104383,ok,"{""double"": [""0"", ""1"", ""10"", ""11"", ""15"", ""16"", ""17"", ""18"", ""2"", ""24"", ""25"", ""26"", ""27"", ""28"", ""29"", ""30"", ""9""], ""flx::floatx<1, 52>"": [""12"", ""13"", ""14"", ""19"", ""20"", ""21"", ""22"", ""23"", ""3"", ""4"", ""5"", ""6"", ""7"", ""8""]}",
exp,8,2,52,"flx::floatx<2, 52>",14,17,114.311360,ok,"{""double"": [""0"", ""1"", ""10"", ""11"", ""15"", ""16"", ""17"", ""18"", ""2"", ""24"", ""25"", ""26"", ""27"", ""28"", ""29"", ""30"", ""9""], ""flx::floatx<2, 52>"": [""12"", ""13"", ""14"", ""19"", ""20"", ""21"", ""22"", ""23"", ""3"", ""4"", ""5"", ""6"", ""7"", ""8""]}",
exp,8,3,52,"flx::floatx<3, 52>",16,15,101.378124,ok,"{""double"": [""0"", ""1"", ""10"", ""11"", ""17"", ""18"", ""2"", ""24"", ""25"", ""26"", ""27"", ""28"", ""29"", ""30"", ""9""], ""flx::floatx<3, 52>"": [""12"", ""13"", ""14"", ""15"", ""16"", ""19"", ""20"", ""21"", ""22"", ""23"", ""3"", ""4"", ""5"", ""6"", ""7"", ""8""]}",
exp,8,4,52,"flx::floatx<4, 52>",16,15,101.465778,ok,"{""double"": [""0"", ""1"", ""10"", ""11"", ""17"", ""18"", ""2"", ""24"", ""25"", ""26"", ""27"", ""28"", ""29"", ""30"", ""9""], ""flx::floatx<4, 52>"": [""12"", ""13"", ""14"", ""15"", ""16"", ""19"", ""20"", ""21"", ""22"", ""23"", ""3"", ""4"", ""5"", ""6"", ""7"", ""8""]}",
exp,8,5,52,"flx::floatx<5, 52>",31,0,13.339252,ok,"{""flx::floatx<5, 52>"": [""0"", ""1"", ""10"", ""11"", ""12"", ""13"", ""14"", ""15"", ""16"", ""17"", ""18"", ""19"", ""2"", ""20"", ""21"", ""22"", ""23"", ""24"", ""25"", ""26"", ""27"", ""28"", ""29"", ""3"", ""30"", ""4"", ""5"", ""6"", ""7"", ""8"", ""9""]}",
exp,8,6,52,"flx::floatx<6, 52>",31,0,13.368492,ok,"{""flx::floatx<6, 52>"": [""0"", ""1"", ""10"", ""11"", ""12"", ""13"", ""14"", ""15"", ""16"", ""17"", ""18"", ""19"", ""2"", ""20"", ""21"", ""22"", ""23"", ""24"", ""25"", ""26"", ""27"", ""28"", ""29"", ""3"", ""30"", ""4"", ""5"", ""6"", ""7"", ""8"", ""9""]}",
exp,8,7,52,"flx::floatx<7, 52>",31,0,13.374729,ok,"{""flx::floatx<7, 52>"": [""0"", ""1"", ""10"", ""11"", ""12"", ""13"", ""14"", ""15"", ""16"", ""17"", ""18"", ""19"", ""2"", ""20"", ""21"", ""22"", ""23"", ""24"", ""25"", ""26"", ""27"", ""28"", ""29"", ""3"", ""30"", ""4"", ""5"", ""6"", ""7"", ""8"", ""9""]}",
exp,8,8,52,"flx::floatx<8, 52>",31,0,13.437328,ok,"{""flx::floatx<8, 52>"": [""0"", ""1"", ""10"", ""11"", ""12"", ""13"", ""14"", ""15"", ""16"", ""17"", ""18"", ""19"", ""2"", ""20"", ""21"", ""22"", ""23"", ""24"", ""25"", ""26"", ""27"", ""28"", ""29"", ""3"", ""30"", ""4"", ""5"", ""6"", ""7"", ""8"", ""9""]}",
exp,8,9,52,"flx::floatx<9, 52>",31,0,13.371334,ok,"{""flx::floatx<9, 52>"": [""0"", ""1"", ""10"", ""11"", ""12"", ""13"", ""14"", ""15"", ""16"", ""17"", ""18"", ""19"", ""2"", ""20"", ""21"", ""22"", ""23"", ""24"", ""25"", ""26"", ""27"", ""28"", ""29"", ""3"", ""30"", ""4"", ""5"", ""6"", ""7"", ""8"", ""9""]}",
exp,8,10,52,"flx::floatx<10, 52>",31,0,13.363239,ok,"{""flx::floatx<10, 52>"": [""0"", ""1"", ""10"", ""11"", ""12"", ""13"", ""14"", ""15"", ""16"", ""17"", ""18"", ""19"", ""2"", ""20"", ""21"", ""22"", ""23"", ""24"", ""25"", ""26"", ""27"", ""28"", ""29"", ""3"", ""30"", ""4"", ""5"", ""6"", ""7"", ""8"", ""9""]}",
exp,8,11,52,"flx::floatx<11, 52>",31,0,13.343014,ok,"{""flx::floatx<11, 52>"": [""0"", ""1"", ""10"", ""11"", ""12"", ""13"", ""14"", ""15"", ""16"", ""17"", ""18"", ""19"", ""2"", ""20"", ""21"", ""22"", ""23"", ""24"", ""25"", ""26"", ""27"", ""28"", ""29"", ""3"", ""30"", ""4"", ""5"", ""6"", ""7"", ""8"", ""9""]}",
sig,9,11,1,"flx::floatx<11, 1>",15,16,117.724825,ok,"{""double"": [""0"", ""1"", ""10"", ""11"", ""12"", ""15"", ""2"", ""24"", ""25"", ""26"", ""27"", ""28"", ""29"", ""30"", ""8"", ""9""], ""flx::floatx<11, 1>"": [""13"", ""14"", ""16"", ""17"", ""18"", ""19"", ""20"", ""21"", ""22"", ""23"", ""3"", ""4"", ""5"", ""6"", ""7""]}",
sig,9,11,2,"flx::floatx<11, 2>",17,14,98.274213,ok,"{""double"": [""0"", ""1"", ""10"", ""11"", ""2"", ""24"", ""25"", ""26"", ""27"", ""28"", ""29"", ""30"", ""8"", ""9""], ""flx::floatx<11, 2>"": [""12"", ""13"", ""14"", ""15"", ""16"", ""17"", ""18"", ""19"", ""20"", ""21"", ""22"", ""23"", ""3"", ""4"", ""5"", ""6"", ""7""]}",
sig,9,11,3,"flx::floatx<11, 3>",17,14,98.473969,ok,"{""double"": [""0"", ""1"", ""10"", ""11"", ""2"", ""24"", ""25"", ""26"", ""27"", ""28"", ""29"", ""30"", ""8"", ""9""], ""flx::floatx<11, 3>"": [""12"", ""13"", ""14"", ""15"", ""16"", ""17"", ""18"", ""19"", ""20"", ""21"", ""22"", ""23"", ""3"", ""4"", ""5"", ""6"", ""7""]}",
sig,9,11,4,"flx::floatx<11, 4>",15,16,95.631526,ok,"{""double"": [""0"", ""1"", ""10"", ""11"", ""12"", ""13"", ""2"", ""24"", ""25"", ""26"", ""27"", ""28"", ""29"", ""30"", ""8"", ""9""], ""flx::floatx<11, 4>"": [""14"", ""15"", ""16"", ""17"", ""18"", ""19"", ""20"", ""21"", ""22"", ""23"", ""3"", ""4"", ""5"", ""6"", ""7""]}",
sig,9,11,5,"flx::floatx<11, 5>",15,16,80.096098,ok,"{""double"": [""0"", ""1"", ""10"", ""11"", ""12"", ""13"", ""2"", ""24"", ""25"", ""26"", ""27"", ""28"", ""29"", ""30"", ""8"", ""9""], ""flx::floatx<11, 5>"": [""14"", ""15"", ""16"", ""17"", ""18"", ""19"", ""20"", ""21"", ""22"", ""23"", ""3"", ""4"", ""5"", ""6"", ""7""]}",
sig,9,11,6,"flx::floatx<11, 6>",17,14,87.911942,ok,"{""double"": [""0"", ""1"", ""10"", ""11"", ""2"", ""24"", ""25"", ""26"", ""27"", ""28"", ""29"", ""30"", ""8"", ""9""], ""flx::floatx<11, 6>"": [""12"", ""13"", ""14"", ""15"", ""16"", ""17"", ""18"", ""19"", ""20"", ""21"", ""22"", ""23"", ""3"", ""4"", ""5"", ""6"", ""7""]}",
sig,9,11,7,"flx::floatx<11, 7>",17,14,82.263820,ok,"{""double"": [""0"", ""1"", ""10"", ""11"", ""2"", ""24"", ""25"", ""26"", ""27"", ""28"", ""29"", ""30"", ""8"", ""9""], ""flx::floatx<11, 7>"": [""12"", ""13"", ""14"", ""15"", ""16"", ""17"", ""18"", ""19"", ""20"", ""21"", ""22"", ""23"", ""3"", ""4"", ""5"", ""6"", ""7""]}",
sig,9,11,8,"flx::floatx<11, 8>",18,13,69.279893,ok,"{""double"": [""0"", ""1"", ""10"", ""11"", ""2"", ""24"", ""25"", ""26"", ""27"", ""28"", ""29"", ""30"", ""9""], ""flx::floatx<11, 8>"": [""12"", ""13"", ""14"", ""15"", ""16"", ""17"", ""18"", ""19"", ""20"", ""21"", ""22"", ""23"", ""3"", ""4"", ""5"", ""6"", ""7"", ""8""]}",
sig,9,11,9,"flx::floatx<11, 9>",18,13,69.377198,ok,"{""double"": [""0"", ""1"", ""10"", ""11"", ""2"", ""24"", ""25"", ""26"", ""27"", ""28"", ""29"", ""30"", ""9""], ""flx::floatx<11, 9>"": [""12"", ""13"", ""14"", ""15"", ""16"", ""17"", ""18"", ""19"", ""20"", ""21"", ""22"", ""23"", ""3"", ""4"", ""5"", ""6"", ""7"", ""8""]}",
sig,9,11,10,"flx::floatx<11, 10>",18,13,69.430407,ok,"{""double"": [""0"", ""1"", ""10"", ""11"", ""2"", ""24"", ""25"", ""26"", ""27"", ""28"", ""29"", ""30"", ""9""], ""flx::floatx<11, 10>"": [""12"", ""13"", ""14"", ""15"", ""16"", ""17"", ""18"", ""19"", ""20"", ""21"", ""22"", ""23"", ""3"", ""4"", ""5"", ""6"", ""7"", ""8""]}",
sig,9,11,11,"flx::floatx<11, 11>",18,13,69.474183,ok,"{""double"": [""0"", ""1"", ""10"", ""11"", ""2"", ""24"", ""25"", ""26"", ""27"", ""28"", ""29"", ""30"", ""9""], ""flx::floatx<11, 11>"": [""12"", ""13"", ""14"", ""15"", ""16"", ""17"", ""18"", ""19"", ""20"", ""21"", ""22"", ""23"", ""3"", ""4"", ""5"", ""6"", ""7"", ""8""]}",
sig,9,11,12,"flx::floatx<11, 12>",18,13,69.438866,ok,"{""double"": [""0"", ""1"", ""10"", ""11"", ""2"", ""24"", ""25"", ""26"", ""27"", ""28"", ""29"", ""30"", ""9""], ""flx::floatx<11, 12>"": [""12"", ""13"", ""14"", ""15"", ""16"", ""17"", ""18"", ""19"", ""20"", ""21"", ""22"", ""23"", ""3"", ""4"", ""5"", ""6"", ""7"", ""8""]}",
sig,9,11,13,"flx::floatx<11, 13>",18,13,69.360359,ok,"{""double"": [""0"", ""1"", ""10"", ""11"", ""2"", ""24"", ""25"", ""26"", ""27"", ""28"", ""29"", ""30"", ""9""], ""flx::floatx<11, 13>"": [""12"", ""13"", ""14"", ""15"", ""16"", ""17"", ""18"", ""19"", ""20"", ""21"", ""22"", ""23"", ""3"", ""4"", ""5"", ""6"", ""7"", ""8""]}",
sig,9,11,14,"flx::floatx<11, 14>",18,13,69.367595,ok,"{""double"": [""0"", ""1"", ""10"", ""11"", ""2"", ""24"", ""25"", ""26"", ""27"", ""28"", ""29"", ""30"", ""9""], ""flx::floatx<11, 14>"": [""12"", ""13"", ""14"", ""15"", ""16"", ""17"", ""18"", ""19"", ""20"", ""21"", ""22"", ""23"", ""3"", ""4"", ""5"", ""6"", ""7"", ""8""]}",
sig,9,11,15,"flx::floatx<11, 15>",18,13,69.465910,ok,"{""double"": [""0"", ""1"", ""10"", ""11"", ""2"", ""24"", ""25"", ""26"", ""27"", ""28"", ""29"", ""30"", ""9""], ""flx::floatx<11, 15>"": [""12"", ""13"", ""14"", ""15"", ""16"", ""17"", ""18"", ""19"", ""20"", ""21"", ""22"", ""23"", ""3"", ""4"", ""5"", ""6"", ""7"", ""8""]}",
sig,9,11,16,"flx::floatx<11, 16>",18,13,69.478364,ok,"{""double"": [""0"", ""1"", ""10"", ""11"", ""2"", ""24"", ""25"", ""26"", ""27"", ""28"", ""29"", ""30"", ""9""], ""flx::floatx<11, 16>"": [""12"", ""13"", ""14"", ""15"", ""16"", ""17"", ""18"", ""19"", ""20"", ""21"", ""22"", ""23"", ""3"", ""4"", ""5"", ""6"", ""7"", ""8""]}",
sig,9,11,17,"flx::floatx<11, 17>",18,13,69.433834,ok,"{""double"": [""0"", ""1"", ""10"", ""11"", ""2"", ""24"", ""25"", ""26"", ""27"", ""28"", ""29"", ""30"", ""9""], ""flx::floatx<11, 17>"": [""12"", ""13"", ""14"", ""15"", ""16"", ""17"", ""18"", ""19"", ""20"", ""21"", ""22"", ""23"", ""3"", ""4"", ""5"", ""6"", ""7"", ""8""]}",
sig,9,11,18,"flx::floatx<11, 18>",18,13,69.625178,ok,"{""double"": [""0"", ""1"", ""10"", ""11"", ""2"", ""24"", ""25"", ""26"", ""27"", ""28"", ""29"", ""30"", ""9""], ""flx::floatx<11, 18>"": [""12"", ""13"", ""14"", ""15"", ""16"", ""17"", ""18"", ""19"", ""20"", ""21"", ""22"", ""23"", ""3"", ""4"", ""5"", ""6"", ""7"", ""8""]}",
sig,9,11,19,"flx::floatx<11, 19>",18,13,69.325069,ok,"{""double"": [""0"", ""1"", ""10"", ""11"", ""2"", ""24"", ""25"", ""26"", ""27"", ""28"", ""29"", ""30"", ""9""], ""flx::floatx<11, 19>"": [""12"", ""13"", ""14"", ""15"", ""16"", ""17"", ""18"", ""19"", ""20"", ""21"", ""22"", ""23"", ""3"", ""4"", ""5"", ""6"", ""7"", ""8""]}",
sig,9,11,20,"flx::floatx<11, 20>",18,13,69.507831,ok,"{""double"": [""0"", ""1"", ""10"", ""11"", ""2"", ""24"", ""25"", ""26"", ""27"", ""28"", ""29"", ""30"", ""9""], ""flx::floatx<11, 20>"": [""12"", ""13"", ""14"", ""15"", ""16"", ""17"", ""18"", ""19"", ""20"", ""21"", ""22"", ""23"", ""3"", ""4"", ""5"", ""6"", ""7"", ""8""]}",
sig,9,11,21,"flx::floatx<11, 21>",18,13,69.324996,ok,"{""double"": [""0"", ""1"", ""10"", ""11"", ""2"", ""24"", ""25"", ""26"", ""27"", ""28"", ""29"", ""30"", ""9""], ""flx::floatx<11, 21>"": [""12"", ""13"", ""14"", ""15"", ""16"", ""17"", ""18"", ""19"", ""20"", ""21"", ""22"", ""23"", ""3"", ""4"", ""5"", ""6"", ""7"", ""8""]}",
sig,9,11,22,"flx::floatx<11, 22>",18,13,69.540966,ok,"{""double"": [""0"", ""1"", ""10"", ""11"", ""2"", ""24"", ""25"", ""26"", ""27"", ""28"", ""29"", ""30"", ""9""], ""flx::floatx<11, 22>"": [""12"", ""13"", ""14"", ""15"", ""16"", ""17"", ""18"", ""19"", ""20"", ""21"", ""22"", ""23"", ""3"", ""4"", ""5"", ""6"", ""7"", ""8""]}",
sig,9,11,23,"flx::floatx<11, 23>",18,13,69.479356,ok,"{""double"": [""0"", ""1"", ""10"", ""11"", ""2"", ""24"", ""25"", ""26"", ""27"", ""28"", ""29"", ""30"", ""9""], ""flx::floatx<11, 23>"": [""12"", ""13"", ""14"", ""15"", ""16"", ""17"", ""18"", ""19"", ""20"", ""21"", ""22"", ""23"", ""3"", ""4"", ""5"", ""6"", ""7"", ""8""]}",
sig,9,11,24,"flx::floatx<11, 24>",18,13,69.396647,ok,"{""double"": [""0"", ""1"", ""10"", ""11"", ""2"", ""24"", ""25"", ""26"", ""27"", ""28"", ""29"", ""30"", ""9""], ""flx::floatx<11, 24>"": [""12"", ""13"", ""14"", ""15"", ""16"", ""17"", ""18"", ""19"", ""20"", ""21"", ""22"", ""23"", ""3"", ""4"", ""5"", ""6"", ""7"", ""8""]}",
sig,9,11,25,"flx::floatx<11, 25>",18,13,69.242280,ok,"{""double"": [""0"", ""1"", ""10"", ""11"", ""2"", ""24"", ""25"", ""26"", ""27"", ""28"", ""29"", ""30"", ""9""], ""flx::floatx<11, 25>"": [""12"", ""13"", ""14"", ""15"", ""16"", ""17"", ""18"", ""19"", ""20"", ""21"", ""22"", ""23"", ""3"", ""4"", ""5"", ""6"", ""7"", ""8""]}",
sig,9,11,26,"flx::floatx<11, 26>",18,13,69.441059,ok,"{""double"": [""0"", ""1"", ""10"", ""11"", ""2"", ""24"", ""25"", ""26"", ""27"", ""28"", ""29"", ""30"", ""9""], ""flx::floatx<11, 26>"": [""12"", ""13"", ""14"", ""15"", ""16"", ""17"", ""18"", ""19"", ""20"", ""21"", ""22"", ""23"", ""3"", ""4"", ""5"", ""6"", ""7"", ""8""]}",
sig,9,11,27,"flx::floatx<11, 27>",18,13,69.356480,ok,"{""double"": [""0"", ""1"", ""10"", ""11"", ""2"", ""24"", ""25"", ""26"", ""27"", ""28"", ""29"", ""30"", ""9""], ""flx::floatx<11, 27>"": [""12"", ""13"", ""14"", ""15"", ""16"", ""17"", ""18"", ""19"", ""20"", ""21"", ""22"", ""23"", ""3"", ""4"", ""5"", ""6"", ""7"", ""8""]}",
sig,9,11,28,"flx::floatx<11, 28>",18,13,69.491409,ok,"{""double"": [""0"", ""1"", ""10"", ""11"", ""2"", ""24"", ""25"", ""26"", ""27"", ""28"", ""29"", ""30"", ""9""], ""flx::floatx<11, 28>"": [""12"", ""13"", ""14"", ""15"", ""16"", ""17"", ""18"", ""19"", ""20"", ""21"", ""22"", ""23"", ""3"", ""4"", ""5"", ""6"", ""7"", ""8""]}",
sig,9,11,29,"flx::floatx<11, 29>",18,13,69.415535,ok,"{""double"": [""0"", ""1"", ""10"", ""11"", ""2"", ""24"", ""25"", ""26"", ""27"", ""28"", ""29"", ""30"", ""9""], ""flx::floatx<11, 29>"": [""12"", ""13"", ""14"", ""15"", ""16"", ""17"", ""18"", ""19"", ""20"", ""21"", ""22"", ""23"", ""3"", ""4"", ""5"", ""6"", ""7"", ""8""]}",
sig,9,11,30,"flx::floatx<11, 30>",18,13,69.659736,ok,"{""double"": [""0"", ""1"", ""10"", ""11"", ""2"", ""24"", ""25"", ""26"", ""27"", ""28"", ""29"", ""30"", ""9""], ""flx::floatx<11, 30>"": [""12"", ""13"", ""14"", ""15"", ""16"", ""17"", ""18"", ""19"", ""20"", ""21"", ""22"", ""23"", ""3"", ""4"", ""5"", ""6"", ""7"", ""8""]}",
sig,9,11,31,"flx::floatx<11, 31>",31,0,13.395328,ok,"{""flx::floatx<11, 31>"": [""0"", ""1"", ""10"", ""11"", ""12"", ""13"", ""14"", ""15"", ""16"", ""17"", ""18"", ""19"", ""2"", ""20"", ""21"", ""22"", ""23"", ""24"", ""25"", ""26"", ""27"", ""28"", ""29"", ""3"", ""30"", ""4"", ""5"", ""6"", ""7"", ""8"", ""9""]}",
sig,9,11,32,"flx::floatx<11, 32>",31,0,13.352537,ok,"{""flx::floatx<11, 32>"": [""0"", ""1"", ""10"", ""11"", ""12"", ""13"", ""14"", ""15"", ""16"", ""17"", ""18"", ""19"", ""2"", ""20"", ""21"", ""22"", ""23"", ""24"", ""25"", ""26"", ""27"", ""28"", ""29"", ""3"", ""30"", ""4"", ""5"", ""6"", ""7"", ""8"", ""9""]}",
sig,9,11,33,"flx::floatx<11, 33>",31,0,13.322254,ok,"{""flx::floatx<11, 33>"": [""0"", ""1"", ""10"", ""11"", ""12"", ""13"", ""14"", ""15"", ""16"", ""17"", ""18"", ""19"", ""2"", ""20"", ""21"", ""22"", ""23"", ""24"", ""25"", ""26"", ""27"", ""28"", ""29"", ""3"", ""30"", ""4"", ""5"", ""6"", ""7"", ""8"", ""9""]}",
sig,9,11,34,"flx::floatx<11, 34>",31,0,13.335869,ok,"{""flx::floatx<11, 34>"": [""0"", ""1"", ""10"", ""11"", ""12"", ""13"", ""14"", ""15"", ""16"", ""17"", ""18"", ""19"", ""2"", ""20"", ""21"", ""22"", ""23"", ""24"", ""25"", ""26"", ""27"", ""28"", ""29"", ""3"", ""30"", ""4"", ""5"", ""6"", ""7"", ""8"", ""9""]}",
sig,9,11,35,"flx::floatx<11, 35>",31,0,13.344252,ok,"{""flx::floatx<11, 35>"": [""0"", ""1"", ""10"", ""11"", ""12"", ""13"", ""14"", ""15"", ""16"", ""17"", ""18"", ""19"", ""2"", ""20"", ""21"", ""22"", ""23"", ""24"", ""25"", ""26"", ""27"", ""28"", ""29"", ""3"", ""30"", ""4"", ""5"", ""6"", ""7"", ""8"", ""9""]}",
sig,9,11,36,"flx::floatx<11, 36>",31,0,13.348783,ok,"{""flx::floatx<11, 36>"": [""0"", ""1"", ""10"", ""11"", ""12"", ""13"", ""14"", ""15"", ""16"", ""17"", ""18"", ""19"", ""2"", ""20"", ""21"", ""22"", ""23"", ""24"", ""25"", ""26"", ""27"", ""28"", ""29"", ""3"", ""30"", ""4"", ""5"", ""6"", ""7"", ""8"", ""9""]}",
sig,9,11,37,"flx::floatx<11, 37>",31,0,13.367836,ok,"{""flx::floatx<11, 37>"": [""0"", ""1"", ""10"", ""11"", ""12"", ""13"", ""14"", ""15"", ""16"", ""17"", ""18"", ""19"", ""2"", ""20"", ""21"", ""22"", ""23"", ""24"", ""25"", ""26"", ""27"", ""28"", ""29"", ""3"", ""30"", ""4"", ""5"", ""6"", ""7"", ""8"", ""9""]}",
sig,9,11,38,"flx::floatx<11, 38>",31,0,13.375543,ok,"{""flx::floatx<11, 38>"": [""0"", ""1"", ""10"", ""11"", ""12"", ""13"", ""14"", ""15"", ""16"", ""17"", ""18"", ""19"", ""2"", ""20"", ""21"", ""22"", ""23"", ""24"", ""25"", ""26"", ""27"", ""28"", ""29"", ""3"", ""30"", ""4"", ""5"", ""6"", ""7"", ""8"", ""9""]}",
sig,9,11,39,"flx::floatx<11, 39>",31,0,13.342745,ok,"{""flx::floatx<11, 39>"": [""0"", ""1"", ""10"", ""11"", ""12"", ""13"", ""14"", ""15"", ""16"", ""17"", ""18"", ""19"", ""2"", ""20"", ""21"", ""22"", ""23"", ""24"", ""25"", ""26"", ""27"", ""28"", ""29"", ""3"", ""30"", ""4"", ""5"", ""6"", ""7"", ""8"", ""9""]}",
sig,9,11,40,"flx::floatx<11, 40>",31,0,13.337409,ok,"{""flx::floatx<11, 40>"": [""0"", ""1"", ""10"", ""11"", ""12"", ""13"", ""14"", ""15"", ""16"", ""17"", ""18"", ""19"", ""2"", ""20"", ""21"", ""22"", ""23"", ""24"", ""25"", ""26"", ""27"", ""28"", ""29"", ""3"", ""30"", ""4"", ""5"", ""6"", ""7"", ""8"", ""9""]}",
sig,9,11,41,"flx::floatx<11, 41>",31,0,13.400808,ok,"{""flx::floatx<11, 41>"": [""0"", ""1"", ""10"", ""11"", ""12"", ""13"", ""14"", ""15"", ""16"", ""17"", ""18"", ""19"", ""2"", ""20"", ""21"", ""22"", ""23"", ""24"", ""25"", ""26"", ""27"", ""28"", ""29"", ""3"", ""30"", ""4"", ""5"", ""6"", ""7"", ""8"", ""9""]}",
sig,9,11,42,"flx::floatx<11, 42>",31,0,13.377641,ok,"{""flx::floatx<11, 42>"": [""0"", ""1"", ""10"", ""11"", ""12"", ""13"", ""14"", ""15"", ""16"", ""17"", ""18"", ""19"", ""2"", ""20"", ""21"", ""22"", ""23"", ""24"", ""25"", ""26"", ""27"", ""28"", ""29"", ""3"", ""30"", ""4"", ""5"", ""6"", ""7"", ""8"", ""9""]}",
sig,9,11,43,"flx::floatx<11, 43>",31,0,13.390149,ok,"{""flx::floatx<11, 43>"": [""0"", ""1"", ""10"", ""11"", ""12"", ""13"", ""14"", ""15"", ""16"", ""17"", ""18"", ""19"", ""2"", ""20"", ""21"", ""22"", ""23"", ""24"", ""25"", ""26"", ""27"", ""28"", ""29"", ""3"", ""30"", ""4"", ""5"", ""6"", ""7"", ""8"", ""9""]}",
sig,9,11,44,"flx::floatx<11, 44>",31,0,13.352082,ok,"{""flx::floatx<11, 44>"": [""0"", ""1"", ""10"", ""11"", ""12"", ""13"", ""14"", ""15"", ""16"", ""17"", ""18"", ""19"", ""2"", ""20"", ""21"", ""22"", ""23"", ""24"", ""25"", ""26"", ""27"", ""28"", ""29"", ""3"", ""30"", ""4"", ""5"", ""6"", ""7"", ""8"", ""9""]}",
sig,9,11,45,"flx::floatx<11, 45>",31,0,13.425162,ok,"{""flx::floatx<11, 45>"": [""0"", ""1"", ""10"", ""11"", ""12"", ""13"", ""14"", ""15"", ""16"", ""17"", ""18"", ""19"", ""2"", ""20"", ""21"", ""22"", ""23"", ""24"", ""25"", ""26"", ""27"", ""28"", ""29"", ""3"", ""30"", ""4"", ""5"", ""6"", ""7"", ""8"", ""9""]}",
sig,9,11,46,"flx::floatx<11, 46>",31,0,13.389228,ok,"{""flx::floatx<11, 46>"": [""0"", ""1"", ""10"", ""11"", ""12"", ""13"", ""14"", ""15"", ""16"", ""17"", ""18"", ""19"", ""2"", ""20"", ""21"", ""22"", ""23"", ""24"", ""25"", ""26"", ""27"", ""28"", ""29"", ""3"", ""30"", ""4"", ""5"", ""6"", ""7"", ""8"", ""9""]}",
sig,9,11,47,"flx::floatx<11, 47>",31,0,13.431665,ok,"{""flx::floatx<11, 47>"": [""0"", ""1"", ""10"", ""11"", ""12"", ""13"", ""14"", ""15"", ""16"", ""17"", ""18"", ""19"", ""2"", ""20"", ""21"", ""22"", ""23"", ""24"", ""25"", ""26"", ""27"", ""28"", ""29"", ""3"", ""30"", ""4"", ""5"", ""6"", ""7"", ""8"", ""9""]}",
sig,9,11,48,"flx::floatx<11, 48>",31,0,13.411056,ok,"{""flx::floatx<11, 48>"": [""0"", ""1"", ""10"", ""11"", ""12"", ""13"", ""14"", ""15"", ""16"", ""17"", ""18"", ""19"", ""2"", ""20"", ""21"", ""22"", ""23"", ""24"", ""25"", ""26"", ""27"", ""28"", ""29"", ""3"", ""30"", ""4"", ""5"", ""6"", ""7"", ""8"", ""9""]}",
sig,9,11,49,"flx::floatx<11, 49>",31,0,13.447199,ok,"{""flx::floatx<11, 49>"": [""0"", ""1"", ""10"", ""11"", ""12"", ""13"", ""14"", ""15"", ""16"", ""17"", ""18"", ""19"", ""2"", ""20"", ""21"", ""22"", ""23"", ""24"", ""25"", ""26"", ""27"", ""28"", ""29"", ""3"", ""30"", ""4"", ""5"", ""6"", ""7"", ""8"", ""9""]}",
sig,9,11,50,"flx::floatx<11, 50>",31,0,13.392053,ok,"{""flx::floatx<11, 50>"": [""0"", ""1"", ""10"", ""11"", ""12"", ""13"", ""14"", ""15"", ""16"", ""17"", ""18"", ""19"", ""2"", ""20"", ""21"", ""22"", ""23"", ""24"", ""25"", ""26"", ""27"", ""28"", ""29"", ""3"", ""30"", ""4"", ""5"", ""6"", ""7"", ""8"", ""9""]}",
sig,9,11,51,"flx::floatx<11, 51>",31,0,13.391039,ok,"{""flx::floatx<11, 51>"": [""0"", ""1"", ""10"", ""11"", ""12"", ""13"", ""14"", ""15"", ""16"", ""17"", ""18"", ""19"", ""2"", ""20"", ""21"", ""22"", ""23"", ""24"", ""25"", ""26"", ""27"", ""28"", ""29"", ""3"", ""30"", ""4"", ""5"", ""6"", ""7"", ""8"", ""9""]}",
sig,9,11,52,"flx::floatx<11, 52>",31,0,13.364149,ok,"{""flx::floatx<11, 52>"": [""0"", ""1"", ""10"", ""11"", ""12"", ""13"", ""14"", ""15"", ""16"", ""17"", ""18"", ""19"", ""2"", ""20"", ""21"", ""22"", ""23"", ""24"", ""25"", ""26"", ""27"", ""28"", ""29"", ""3"", ""30"", ""4"", ""5"", ""6"", ""7"", ""8"", ""9""]}",
exp,9,1,52,"flx::floatx<1, 52>",14,17,114.450560,ok,"{""double"": [""0"", ""1"", ""10"", ""11"", ""15"", ""16"", ""17"", ""18"", ""2"", ""24"", ""25"", ""26"", ""27"", ""28"", ""29"", ""30"", ""9""], ""flx::floatx<1, 52>"": [""12"", ""13"", ""14"", ""19"", ""20"", ""21"", ""22"", ""23"", ""3"", ""4"", ""5"", ""6"", ""7"", ""8""]}",
exp,9,2,52,"flx::floatx<2, 52>",14,17,114.325139,ok,"{""double"": [""0"", ""1"", ""10"", ""11"", ""15"", ""16"", ""17"", ""18"", ""2"", ""24"", ""25"", ""26"", ""27"", ""28"", ""29"", ""30"", ""9""], ""flx::floatx<2, 52>"": [""12"", ""13"", ""14"", ""19"", ""20"", ""21"", ""22"", ""23"", ""3"", ""4"", ""5"", ""6"", ""7"", ""8""]}",
exp,9,3,52,"flx::floatx<3, 52>",16,15,101.218980,ok,"{""double"": [""0"", ""1"", ""10"", ""11"", ""17"", ""18"", ""2"", ""24"", ""25"", ""26"", ""27"", ""28"", ""29"", ""30"", ""9""], ""flx::floatx<3, 52>"": [""12"", ""13"", ""14"", ""15"", ""16"", ""19"", ""20"", ""21"", ""22"", ""23"", ""3"", ""4"", ""5"", ""6"", ""7"", ""8""]}",
exp,9,4,52,"flx::floatx<4, 52>",16,15,101.319081,ok,"{""double"": [""0"", ""1"", ""10"", ""11"", ""17"", ""18"", ""2"", ""24"", ""25"", ""26"", ""27"", ""28"", ""29"", ""30"", ""9""], ""flx::floatx<4, 52>"": [""12"", ""13"", ""14"", ""15"", ""16"", ""19"", ""20"", ""21"", ""22"", ""23"", ""3"", ""4"", ""5"", ""6"", ""7"", ""8""]}",
exp,9,5,52,"flx::floatx<5, 52>",31,0,13.331912,ok,"{""flx::floatx<5, 52>"": [""0"", ""1"", ""10"", ""11"", ""12"", ""13"", ""14"", ""15"", ""16"", ""17"", ""18"", ""19"", ""2"", ""20"", ""21"", ""22"", ""23"", ""24"", ""25"", ""26"", ""27"", ""28"", ""29"", ""3"", ""30"", ""4"", ""5"", ""6"", ""7"", ""8"", ""9""]}",
exp,9,6,52,"flx::floatx<6, 52>",31,0,13.344887,ok,"{""flx::floatx<6, 52>"": [""0"", ""1"", ""10"", ""11"", ""12"", ""13"", ""14"", ""15"", ""16"", ""17"", ""18"", ""19"", ""2"", ""20"", ""21"", ""22"", ""23"", ""24"", ""25"", ""26"", ""27"", ""28"", ""29"", ""3"", ""30"", ""4"", ""5"", ""6"", ""7"", ""8"", ""9""]}",
exp,9,7,52,"flx::floatx<7, 52>",31,0,13.311783,ok,"{""flx::floatx<7, 52>"": [""0"", ""1"", ""10"", ""11"", ""12"", ""13"", ""14"", ""15"", ""16"", ""17"", ""18"", ""19"", ""2"", ""20"", ""21"", ""22"", ""23"", ""24"", ""25"", ""26"", ""27"", ""28"", ""29"", ""3"", ""30"", ""4"", ""5"", ""6"", ""7"", ""8"", ""9""]}",
exp,9,8,52,"flx::floatx<8, 52>",31,0,13.319212,ok,"{""flx::floatx<8, 52>"": [""0"", ""1"", ""10"", ""11"", ""12"", ""13"", ""14"", ""15"", ""16"", ""17"", ""18"", ""19"", ""2"", ""20"", ""21"", ""22"", ""23"", ""24"", ""25"", ""26"", ""27"", ""28"", ""29"", ""3"", ""30"", ""4"", ""5"", ""6"", ""7"", ""8"", ""9""]}",
exp,9,9,52,"flx::floatx<9, 52>",31,0,13.354454,ok,"{""flx::floatx<9, 52>"": [""0"", ""1"", ""10"", ""11"", ""12"", ""13"", ""14"", ""15"", ""16"", ""17"", ""18"", ""19"", ""2"", ""20"", ""21"", ""22"", ""23"", ""24"", ""25"", ""26"", ""27"", ""28"", ""29"", ""3"", ""30"", ""4"", ""5"", ""6"", ""7"", ""8"", ""9""]}",
exp,9,10,52,"flx::floatx<10, 52>",31,0,13.324343,ok,"{""flx::floatx<10, 52>"": [""0"", ""1"", ""10"", ""11"", ""12"", ""13"", ""14"", ""15"", ""16"", ""17"", ""18"", ""19"", ""2"", ""20"", ""21"", ""22"", ""23"", ""24"", ""25"", ""26"", ""27"", ""28"", ""29"", ""3"", ""30"", ""4"", ""5"", ""6"", ""7"", ""8"", ""9""]}",
exp,9,11,52,"flx::floatx<11, 52>",31,0,13.287954,ok,"{""flx::floatx<11, 52>"": [""0"", ""1"", ""10"", ""11"", ""12"", ""13"", ""14"", ""15"", ""16"", ""17"", ""18"", ""19"", ""2"", ""20"", ""21"", ""22"", ""23"", ""24"", ""25"", ""26"", ""27"", ""28"", ""29"", ""3"", ""30"", ""4"", ""5"", ""6"", ""7"", ""8"", ""9""]}",
sig,10,11,1,"flx::floatx<11, 1>",1,30,139.442363,ok,"{""double"": [""0"", ""1"", ""10"", ""11"", ""12"", ""13"", ""14"", ""15"", ""16"", ""17"", ""18"", ""19"", ""2"", ""20"", ""21"", ""22"", ""23"", ""24"", ""25"", ""26"", ""27"", ""28"", ""29"", ""3"", ""30"", ""4"", ""5"", ""6"", ""8"", ""9""], ""flx::floatx<11, 1>"": [""7""]}",
sig,10,11,2,"flx::floatx<11, 2>",4,27,169.223865,ok,"{""double"": [""0"", ""1"", ""10"", ""11"", ""12"", ""13"", ""14"", ""18"", ""19"", ""2"", ""20"", ""21"", ""22"", ""23"", ""24"", ""25"", ""26"", ""27"", ""28"", ""29"", ""3"", ""30"", ""4"", ""5"", ""6"", ""8"", ""9""], ""flx::floatx<11, 2>"": [""15"", ""16"", ""17"", ""7""]}",
sig,10,11,3,"flx::floatx<11, 3>",4,27,169.432608,ok,"{""double"": [""0"", ""1"", ""10"", ""11"", ""12"", ""13"", ""14"", ""18"", ""19"", ""2"", ""20"", ""21"", ""22"", ""23"", ""24"", ""25"", ""26"", ""27"", ""28"", ""29"", ""3"", ""30"", ""4"", ""5"", ""6"", ""8"", ""9""], ""flx::floatx<11, 3>"": [""15"", ""16"", ""17"", ""7""]}",
sig,10,11,4,"flx::floatx<11, 4>",4,27,169.134384,ok,"{""double"": [""0"", ""1"", ""10"", ""11"", ""12"", ""13"", ""14"", ""18"", ""19"", ""2"", ""20"", ""21"", ""22"", ""23"", ""24"", ""25"", ""26"", ""27"", ""28"", ""29"", ""3"", ""30"", ""4"", ""5"", ""6"", ""8"", ""9""], ""flx::floatx<11, 4>"": [""15"", ""16"", ""17"", ""7""]}",
sig,10,11,5,"flx::floatx<11, 5>",8,23,158.909140,ok,"{""double"": [""0"", ""1"", ""10"", ""11"", ""12"", ""13"", ""14"", ""18"", ""19"", ""2"", ""22"", ""23"", ""24"", ""25"", ""26"", ""27"", ""28"", ""29"", ""3"", ""30"", ""6"", ""8"", ""9""], ""flx::floatx<11, 5>"": [""15"", ""16"", ""17"", ""20"", ""21"", ""4"", ""5"", ""7""]}",
sig,10,11,6,"flx::floatx<11, 6>",8,23,158.562580,ok,"{""double"": [""0"", ""1"", ""10"", ""11"", ""12"", ""13"", ""14"", ""18"", ""19"", ""2"", ""22"", ""23"", ""24"", ""25"", ""26"", ""27"", ""28"", ""29"", ""3"", ""30"", ""6"", ""8"", ""9""], ""flx::floatx<11, 6>"": [""15"", ""16"", ""17"", ""20"", ""21"", ""4"", ""5"", ""7""]}",
sig,10,11,7,"flx::floatx<11, 7>",14,17,133.824171,ok,"{""double"": [""0"", ""1"", ""10"", ""11"", ""19"", ""2"", ""22"", ""24"", ""25"", ""26"", ""27"", ""28"", ""29"", ""30"", ""6"", ""8"", ""9""], ""flx::floatx<11, 7>"": [""12"", ""13"", ""14"", ""15"", ""16"", ""17"", ""18"", ""20"", ""21"", ""23"", ""3"", ""4"", ""5"", ""7""]}",
sig,10,11,8,"flx::floatx<11, 8>",15,16,143.112967,ok,"{""double"": [""0"", ""1"", ""10"", ""11"", ""2"", ""22"", ""24"", ""25"", ""26"", ""27"", ""28"", ""29"", ""30"", ""6"", ""8"", ""9""], ""flx::floatx<11, 8>"": [""12"", ""13"", ""14"", ""15"", ""16"", ""17"", ""18"", ""19"", ""20"", ""21"", ""23"", ""3"", ""4"", ""5"", ""7""]}",
sig,10,11,9,"flx::floatx<11, 9>",17,14,79.038975,ok,"{""double"": [""0"", ""1"", ""10"", ""11"", ""12"", ""2"", ""24"", ""25"", ""26"", ""27"", ""28"", ""29"", ""30"", ""9""], ""flx::floatx<11, 9>"": [""13"", ""14"", ""15"", ""16"", ""17"", ""18"", ""19"", ""20"", ""21"", ""22"", ""23"", ""3"", ""4"", ""5"", ""6"", ""7"", ""8""]}",
sig,10,11,10,"flx::floatx<11, 10>",16,15,73.572158,ok,"{""double"": [""0"", ""1"", ""10"", ""11"", ""12"", ""13"", ""2"", ""24"", ""25"", ""26"", ""27"", ""28"", ""29"", ""30"", ""9""], ""flx::floatx<11, 10>"": [""14"", ""15"", ""16"", ""17"", ""18"", ""19"", ""20"", ""21"", ""22"", ""23"", ""3"", ""4"", ""5"", ""6"", ""7"", ""8""]}",
sig,10,11,11,"flx::floatx<11, 11>",18,13,69.284258,ok,"{""double"": [""0"", ""1"", ""10"", ""11"", ""2"", ""24"", ""25"", ""26"", ""27"", ""28"", ""29"", ""30"", ""9""], ""flx::floatx<11, 11>"": [""12"", ""13"", ""14"", ""15"", ""16"", ""17"", ""18"", ""19"", ""20"", ""21"", ""22"", ""23"", ""3"", ""4"", ""5"", ""6"", ""7"", ""8""]}",
sig,10,11,12,"flx::floatx<11, 12>",18,13,69.386205,ok,"{""double"": [""0"", ""1"", ""10"", ""11"", ""2"", ""24"", ""25"", ""26"", ""27"", ""28"", ""29"", ""30"", ""9""], ""flx::floatx<11, 12>"": [""12"", ""13"", ""14"", ""15"", ""16"", ""17"", ""18"", ""19"", ""20"", ""21"", ""22"", ""23"", ""3"", ""4"", ""5"", ""6"", ""7"", ""8""]}",
sig,10,11,13,"flx::floatx<11, 13>",18,13,69.426828,ok,"{""double"": [""0"", ""1"", ""10"", ""11"", ""2"", ""24"", ""25"", ""26"", ""27"", ""28"", ""29"", ""30"", ""9""], ""flx::floatx<11, 13>"": [""12"", ""13"", ""14"", ""15"", ""16"", ""17"", ""18"", ""19"", ""20"", ""21"", ""22"", ""23"", ""3"", ""4"", ""5"", ""6"", ""7"", ""8""]}",
sig,10,11,14,"flx::floatx<11, 14>",18,13,69.389703,ok,"{""double"": [""0"", ""1"", ""10"", ""11"", ""2"", ""24"", ""25"", ""26"", ""27"", ""28"", ""29"", ""30"", ""9""], ""flx::floatx<11, 14>"": [""12"", ""13"", ""14"", ""15"", ""16"", ""17"", ""18"", ""19"", ""20"", ""21"", ""22"", ""23"", ""3"", ""4"", ""5"", ""6"", ""7"", ""8""]}",
sig,10,11,15,"flx::floatx<11, 15>",18,13,69.424925,ok,"{""double"": [""0"", ""1"", ""10"", ""11"", ""2"", ""24"", ""25"", ""26"", ""27"", ""28"", ""29"", ""30"", ""9""], ""flx::floatx<11, 15>"": [""12"", ""13"", ""14"", ""15"", ""16"", ""17"", ""18"", ""19"", ""20"", ""21"", ""22"", ""23"", ""3"", ""4"", ""5"", ""6"", ""7"", ""8""]}",
sig,10,11,16,"flx::floatx<11, 16>",18,13,69.454919,ok,"{""double"": [""0"", ""1"", ""10"", ""11"", ""2"", ""24"", ""25"", ""26"", ""27"", ""28"", ""29"", ""30"", ""9""], ""flx::floatx<11, 16>"": [""12"", ""13"", ""14"", ""15"", ""16"", ""17"", ""18"", ""19"", ""20"", ""21"", ""22"", ""23"", ""3"", ""4"", ""5"", ""6"", ""7"", ""8""]}",
sig,10,11,17,"flx::floatx<11, 17>",18,13,69.500136,ok,"{""double"": [""0"", ""1"", ""10"", ""11"", ""2"", ""24"", ""25"", ""26"", ""27"", ""28"", ""29"", ""30"", ""9""], ""flx::floatx<11, 17>"": [""12"", ""13"", ""14"", ""15"", ""16"", ""17"", ""18"", ""19"", ""20"", ""21"", ""22"", ""23"", ""3"", ""4"", ""5"", ""6"", ""7"", ""8""]}",
sig,10,11,18,"flx::floatx<11, 18>",18,13,69.497420,ok,"{""double"": [""0"", ""1"", ""10"", ""11"", ""2"", ""24"", ""25"", ""26"", ""27"", ""28"", ""29"", ""30"", ""9""], ""flx::floatx<11, 18>"": [""12"", ""13"", ""14"", ""15"", ""16"", ""17"", ""18"", ""19"", ""20"", ""21"", ""22"", ""23"", ""3"", ""4"", ""5"", ""6"", ""7"", ""8""]}",
sig,10,11,19,"flx::floatx<11, 19>",18,13,69.391488,ok,"{""double"": [""0"", ""1"", ""10"", ""11"", ""2"", ""24"", ""25"", ""26"", ""27"", ""28"", ""29"", ""30"", ""9""], ""flx::floatx<11, 19>"": [""12"", ""13"", ""14"", ""15"", ""16"", ""17"", ""18"", ""19"", ""20"", ""21"", ""22"", ""23"", ""3"", ""4"", ""5"", ""6"", ""7"", ""8""]}",
sig,10,11,20,"flx::floatx<11, 20>",18,13,69.469567,ok,"{""double"": [""0"", ""1"", ""10"", ""11"", ""2"", ""24"", ""25"", ""26"", ""27"", ""28"", ""29"", ""30"", ""9""], ""flx::floatx<11, 20>"": [""12"", ""13"", ""14"", ""15"", ""16"", ""17"", ""18"", ""19"", ""20"", ""21"", ""22"", ""23"", ""3"", ""4"", ""5"", ""6"", ""7"", ""8""]}",
sig,10,11,21,"flx::floatx<11, 21>",18,13,69.478154,ok,"{""double"": [""0"", ""1"", ""10"", ""11"", ""2"", ""24"", ""25"", ""26"", ""27"", ""28"", ""29"", ""30"", ""9""], ""flx::floatx<11, 21>"": [""12"", ""13"", ""14"", ""15"", ""16"", ""17"", ""18"", ""19"", ""20"", ""21"", ""22"", ""23"", ""3"", ""4"", ""5"", ""6"", ""7"", ""8""]}",
sig,10,11,22,"flx::floatx<11, 22>",18,13,69.543329,ok,"{""double"": [""0"", ""1"", ""10"", ""11"", ""2"", ""24"", ""25"", ""26"", ""27"", ""28"", ""29"", ""30"", ""9""], ""flx::floatx<11, 22>"": [""12"", ""13"", ""14"", ""15"", ""16"", ""17"", ""18"", ""19"", ""20"", ""21"", ""22"", ""23"", ""3"", ""4"", ""5"", ""6"", ""7"", ""8""]}",
sig,10,11,23,"flx::floatx<11, 23>",18,13,69.419419,ok,"{""double"": [""0"", ""1"", ""10"", ""11"", ""2"", ""24"", ""25"", ""26"", ""27"", ""28"", ""29"", ""30"", ""9""], ""flx::floatx<11, 23>"": [""12"", ""13"", ""14"", ""15"", ""16"", ""17"", ""18"", ""19"", ""20"", ""21"", ""22"", ""23"", ""3"", ""4"", ""5"", ""6"", ""7"", ""8""]}",
sig,10,11,24,"flx::floatx<11, 24>",18,13,69.565905,ok,"{""double"": [""0"", ""1"", ""10"", ""11"", ""2"", ""24"", ""25"", ""26"", ""27"", ""28"", ""29"", ""30"", ""9""], ""flx::floatx<11, 24>"": [""12"", ""13"", ""14"", ""15"", ""16"", ""17"", ""18"", ""19"", ""20"", ""21"", ""22"", ""23"", ""3"", ""4"", ""5"", ""6"", ""7"", ""8""]}",
sig,10,11,25,"flx::floatx<11, 25>",18,13,69.391951,ok,"{""double"": [""0"", ""1"", ""10"", ""11"", ""2"", ""24"", ""25"", ""26"", ""27"", ""28"", ""29"", ""30"", ""9""], ""flx::floatx<11, 25>"": [""12"", ""13"", ""14"", ""15"", ""16"", ""17"", ""18"", ""19"", ""20"", ""21"", ""22"", ""23"", ""3"", ""4"", ""5"", ""6"", ""7"", ""8""]}",
sig,10,11,26,"flx::floatx<11, 26>",18,13,69.367683,ok,"{""double"": [""0"", ""1"", ""10"", ""11"", ""2"", ""24"", ""25"", ""26"", ""27"", ""28"", ""29"", ""30"", ""9""], ""flx::floatx<11, 26>"": [""12"", ""13"", ""14"", ""15"", ""16"", ""17"", ""18"", ""19"", ""20"", ""21"", ""22"", ""23"", ""3"", ""4"", ""5"", ""6"", ""7"", ""8""]}",
sig,10,11,27,"flx::floatx<11, 27>",18,13,69.410920,ok,"{""double"": [""0"", ""1"", ""10"", ""11"", ""2"", ""24"", ""25"", ""26"", ""27"", ""28"", ""29"", ""30"", ""9""], ""flx::floatx<11, 27>"": [""12"", ""13"", ""14"", ""15"", ""16"", ""17"", ""18"", ""19"", ""20"", ""21"", ""22"", ""23"", ""3"", ""4"", ""5"", ""6"", ""7"", ""8""]}",
sig,10,11,28,"flx::floatx<11, 28>",18,13,69.434301,ok,"{""double"": [""0"", ""1"", ""10"", ""11"", ""2"", ""24"", ""25"", ""26"", ""27"", ""28"", ""29"", ""30"", ""9""], ""flx::floatx<11, 28>"": [""12"", ""13"", ""14"", ""15"", ""16"", ""17"", ""18"", ""19"", ""20"", ""21"", ""22"", ""23"", ""3"", ""4"", ""5"", ""6"", ""7"", ""8""]}",
sig,10,11,29,"flx::floatx<11, 29>",18,13,69.460741,ok,"{""double"": [""0"", ""1"", ""10"", ""11"", ""2"", ""24"", ""25"", ""26"", ""27"", ""28"", ""29"", ""30"", ""9""], ""flx::floatx<11, 29>"": [""12"", ""13"", ""14"", ""15"", ""16"", ""17"", ""18"", ""19"", ""20"", ""21"", ""22"", ""23"", ""3"", ""4"", ""5"", ""6"", ""7"", ""8""]}",
sig,10,11,30,"flx::floatx<11, 30>",18,13,69.373256,ok,"{""double"": [""0"", ""1"", ""10"", ""11"", ""2"", ""24"", ""25"", ""26"", ""27"", ""28"", ""29"", ""30"", ""9""], ""flx::floatx<11, 30>"": [""12"", ""13"", ""14"", ""15"", ""16"", ""17"", ""18"", ""19"", ""20"", ""21"", ""22"", ""23"", ""3"", ""4"", ""5"", ""6"", ""7"", ""8""]}",
sig,10,11,31,"flx::floatx<11, 31>",18,13,69.383747,ok,"{""double"": [""0"", ""1"", ""10"", ""11"", ""2"", ""24"", ""25"", ""26"", ""27"", ""28"", ""29"", ""30"", ""9""], ""flx::floatx<11, 31>"": [""12"", ""13"", ""14"", ""15"", ""16"", ""17"", ""18"", ""19"", ""20"", ""21"", ""22"", ""23"", ""3"", ""4"", ""5"", ""6"", ""7"", ""8""]}",
sig,10,11,32,"flx::floatx<11, 32>",18,13,69.397953,ok,"{""double"": [""0"", ""1"", ""10"", ""11"", ""2"", ""24"", ""25"", ""26"", ""27"", ""28"", ""29"", ""30"", ""9""], ""flx::floatx<11, 32>"": [""12"", ""13"", ""14"", ""15"", ""16"", ""17"", ""18"", ""19"", ""20"", ""21"", ""22"", ""23"", ""3"", ""4"", ""5"", ""6"", ""7"", ""8""]}",
sig,10,11,33,"flx::floatx<11, 33>",18,13,69.316725,ok,"{""double"": [""0"", ""1"", ""10"", ""11"", ""2"", ""24"", ""25"", ""26"", ""27"", ""28"", ""29"", ""30"", ""9""], ""flx::floatx<11, 33>"": [""12"", ""13"", ""14"", ""15"", ""16"", ""17"", ""18"", ""19"", ""20"", ""21"", ""22"", ""23"", ""3"", ""4"", ""5"", ""6"", ""7"", ""8""]}",
sig,10,11,34,"flx::floatx<11, 34>",31,0,13.334257,ok,"{""flx::floatx<11, 34>"": [""0"", ""1"", ""10"", ""11"", ""12"", ""13"", ""14"", ""15"", ""16"", ""17"", ""18"", ""19"", ""2"", ""20"", ""21"", ""22"", ""23"", ""24"", ""25"", ""26"", ""27"", ""28"", ""29"", ""3"", ""30"", ""4"", ""5"", ""6"", ""7"", ""8"", ""9""]}",
sig,10,11,35,"flx::floatx<11, 35>",31,0,13.380237,ok,"{""flx::floatx<11, 35>"": [""0"", ""1"", ""10"", ""11"", ""12"", ""13"", ""14"", ""15"", ""16"", ""17"", ""18"", ""19"", ""2"", ""20"", ""21"", ""22"", ""23"", ""24"", ""25"", ""26"", ""27"", ""28"", ""29"", ""3"", ""30"", ""4"", ""5"", ""6"", ""7"", ""8"", ""9""]}",
sig,10,11,36,"flx::floatx<11, 36>",31,0,13.299459,ok,"{""flx::floatx<11, 36>"": [""0"", ""1"", ""10"", ""11"", ""12"", ""13"", ""14"", ""15"", ""16"", ""17"", ""18"", ""19"", ""2"", ""20"", ""21"", ""22"", ""23"", ""24"", ""25"", ""26"", ""27"", ""28"", ""29"", ""3"", ""30"", ""4"", ""5"", ""6"", ""7"", ""8"", ""9""]}",
sig,10,11,37,"flx::floatx<11, 37>",31,0,13.343862,ok,"{""flx::floatx<11, 37>"": [""0"", ""1"", ""10"", ""11"", ""12"", ""13"", ""14"", ""15"", ""16"", ""17"", ""18"", ""19"", ""2"", ""20"", ""21"", ""22"", ""23"", ""24"", ""25"", ""26"", ""27"", ""28"", ""29"", ""3"", ""30"", ""4"", ""5"", ""6"", ""7"", ""8"", ""9""]}",
sig,10,11,38,"flx::floatx<11, 38>",31,0,13.325387,ok,"{""flx::floatx<11, 38>"": [""0"", ""1"", ""10"", ""11"", ""12"", ""13"", ""14"", ""15"", ""16"", ""17"", ""18"", ""19"", ""2"", ""20"", ""21"", ""22"", ""23"", ""24"", ""25"", ""26"", ""27"", ""28"", ""29"", ""3"", ""30"", ""4"", ""5"", ""6"", ""7"", ""8"", ""9""]}",
sig,10,11,39,"flx::floatx<11, 39>",31,0,13.509023,ok,"{""flx::floatx<11, 39>"": [""0"", ""1"", ""10"", ""11"", ""12"", ""13"", ""14"", ""15"", ""16"", ""17"", ""18"", ""19"", ""2"", ""20"", ""21"", ""22"", ""23"", ""24"", ""25"", ""26"", ""27"", ""28"", ""29"", ""3"", ""30"", ""4"", ""5"", ""6"", ""7"", ""8"", ""9""]}",
sig,10,11,40,"flx::floatx<11, 40>",31,0,13.395714,ok,"{""flx::floatx<11, 40>"": [""0"", ""1"", ""10"", ""11"", ""12"", ""13"", ""14"", ""15"", ""16"", ""17"", ""18"", ""19"", ""2"", ""20"", ""21"", ""22"", ""23"", ""24"", ""25"", ""26"", ""27"", ""28"", ""29"", ""3"", ""30"", ""4"", ""5"", ""6"", ""7"", ""8"", ""9""]}",
sig,10,11,41,"flx::floatx<11, 41>",31,0,13.405990,ok,"{""flx::floatx<11, 41>"": [""0"", ""1"", ""10"", ""11"", ""12"", ""13"", ""14"", ""15"", ""16"", ""17"", ""18"", ""19"", ""2"", ""20"", ""21"", ""22"", ""23"", ""24"", ""25"", ""26"", ""27"", ""28"", ""29"", ""3"", ""30"", ""4"", ""5"", ""6"", ""7"", ""8"", ""9""]}",
sig,10,11,42,"flx::floatx<11, 42>",31,0,13.452678,ok,"{""flx::floatx<11, 42>"": [""0"", ""1"", ""10"", ""11"", ""12"", ""13"", ""14"", ""15"", ""16"", ""17"", ""18"", ""19"", ""2"", ""20"", ""21"", ""22"", ""23"", ""24"", ""25"", ""26"", ""27"", ""28"", ""29"", ""3"", ""30"", ""4"", ""5"", ""6"", ""7"", ""8"", ""9""]}",
sig,10,11,43,"flx::floatx<11, 43>",31,0,13.389613,ok,"{""flx::floatx<11, 43>"": [""0"", ""1"", ""10"", ""11"", ""12"", ""13"", ""14"", ""15"", ""16"", ""17"", ""18"", ""19"", ""2"", ""20"", ""21"", ""22"", ""23"", ""24"", ""25"", ""26"", ""27"", ""28"", ""29"", ""3"", ""30"", ""4"", ""5"", ""6"", ""7"", ""8"", ""9""]}",
sig,10,11,44,"flx::floatx<11, 44>",31,0,13.437506,ok,"{""flx::floatx<11, 44>"": [""0"", ""1"", ""10"", ""11"", ""12"", ""13"", ""14"", ""15"", ""16"", ""17"", ""18"", ""19"", ""2"", ""20"", ""21"", ""22"", ""23"", ""24"", ""25"", ""26"", ""27"", ""28"", ""29"", ""3"", ""30"", ""4"", ""5"", ""6"", ""7"", ""8"", ""9""]}",
sig,10,11,45,"flx::floatx<11, 45>",31,0,13.366115,ok,"{""flx::floatx<11, 45>"": [""0"", ""1"", ""10"", ""11"", ""12"", ""13"", ""14"", ""15"", ""16"", ""17"", ""18"", ""19"", ""2"", ""20"", ""21"", ""22"", ""23"", ""24"", ""25"", ""26"", ""27"", ""28"", ""29"", ""3"", ""30"", ""4"", ""5"", ""6"", ""7"", ""8"", ""9""]}",
sig,10,11,46,"flx::floatx<11, 46>",31,0,13.411500,ok,"{""flx::floatx<11, 46>"": [""0"", ""1"", ""10"", ""11"", ""12"", ""13"", ""14"", ""15"", ""16"", ""17"", ""18"", ""19"", ""2"", ""20"", ""21"", ""22"", ""23"", ""24"", ""25"", ""26"", ""27"", ""28"", ""29"", ""3"", ""30"", ""4"", ""5"", ""6"", ""7"", ""8"", ""9""]}",
sig,10,11,47,"flx::floatx<11, 47>",31,0,13.361804,ok,"{""flx::floatx<11, 47>"": [""0"", ""1"", ""10"", ""11"", ""12"", ""13"", ""14"", ""15"", ""16"", ""17"", ""18"", ""19"", ""2"", ""20"", ""21"", ""22"", ""23"", ""24"", ""25"", ""26"", ""27"", ""28"", ""29"", ""3"", ""30"", ""4"", ""5"", ""6"", ""7"", ""8"", ""9""]}",
sig,10,11,48,"flx::floatx<11, 48>",31,0,13.379337,ok,"{""flx::floatx<11, 48>"": [""0"", ""1"", ""10"", ""11"", ""12"", ""13"", ""14"", ""15"", ""16"", ""17"", ""18"", ""19"", ""2"", ""20"", ""21"", ""22"", ""23"", ""24"", ""25"", ""26"", ""27"", ""28"", ""29"", ""3"", ""30"", ""4"", ""5"", ""6"", ""7"", ""8"", ""9""]}",
sig,10,11,49,"flx::floatx<11, 49>",31,0,13.386511,ok,"{""flx::floatx<11, 49>"": [""0"", ""1"", ""10"", ""11"", ""12"", ""13"", ""14"", ""15"", ""16"", ""17"", ""18"", ""19"", ""2"", ""20"", ""21"", ""22"", ""23"", ""24"", ""25"", ""26"", ""27"", ""28"", ""29"", ""3"", ""30"", ""4"", ""5"", ""6"", ""7"", ""8"", ""9""]}",
sig,10,11,50,"flx::floatx<11, 50>",31,0,13.325059,ok,"{""flx::floatx<11, 50>"": [""0"", ""1"", ""10"", ""11"", ""12"", ""13"", ""14"", ""15"", ""16"", ""17"", ""18"", ""19"", ""2"", ""20"", ""21"", ""22"", ""23"", ""24"", ""25"", ""26"", ""27"", ""28"", ""29"", ""3"", ""30"", ""4"", ""5"", ""6"", ""7"", ""8"", ""9""]}",
sig,10,11,51,"flx::floatx<11, 51>",31,0,13.351527,ok,"{""flx::floatx<11, 51>"": [""0"", ""1"", ""10"", ""11"", ""12"", ""13"", ""14"", ""15"", ""16"", ""17"", ""18"", ""19"", ""2"", ""20"", ""21"", ""22"", ""23"", ""24"", ""25"", ""26"", ""27"", ""28"", ""29"", ""3"", ""30"", ""4"", ""5"", ""6"", ""7"", ""8"", ""9""]}",
sig,10,11,52,"flx::floatx<11, 52>",31,0,13.326672,ok,"{""flx::floatx<11, 52>"": [""0"", ""1"", ""10"", ""11"", ""12"", ""13"", ""14"", ""15"", ""16"", ""17"", ""18"", ""19"", ""2"", ""20"", ""21"", ""22"", ""23"", ""24"", ""25"", ""26"", ""27"", ""28"", ""29"", ""3"", ""30"", ""4"", ""5"", ""6"", ""7"", ""8"", ""9""]}",
exp,10,1,52,"flx::floatx<1, 52>",14,17,114.529342,ok,"{""double"": [""0"", ""1"", ""10"", ""11"", ""15"", ""16"", ""17"", ""18"", ""2"", ""24"", ""25"", ""26"", ""27"", ""28"", ""29"", ""30"", ""9""], ""flx::floatx<1, 52>"": [""12"", ""13"", ""14"", ""19"", ""20"", ""21"", ""22"", ""23"", ""3"", ""4"", ""5"", ""6"", ""7"", ""8""]}",
exp,10,2,52,"flx::floatx<2, 52>",14,17,114.094975,ok,"{""double"": [""0"", ""1"", ""10"", ""11"", ""15"", ""16"", ""17"", ""18"", ""2"", ""24"", ""25"", ""26"", ""27"", ""28"", ""29"", ""30"", ""9""], ""flx::floatx<2, 52>"": [""12"", ""13"", ""14"", ""19"", ""20"", ""21"", ""22"", ""23"", ""3"", ""4"", ""5"", ""6"", ""7"", ""8""]}",
exp,10,3,52,"flx::floatx<3, 52>",16,15,101.333328,ok,"{""double"": [""0"", ""1"", ""10"", ""11"", ""17"", ""18"", ""2"", ""24"", ""25"", ""26"", ""27"", ""28"", ""29"", ""30"", ""9""], ""flx::floatx<3, 52>"": [""12"", ""13"", ""14"", ""15"", ""16"", ""19"", ""20"", ""21"", ""22"", ""23"", ""3"", ""4"", ""5"", ""6"", ""7"", ""8""]}",
exp,10,4,52,"flx::floatx<4, 52>",16,15,101.234853,ok,"{""double"": [""0"", ""1"", ""10"", ""11"", ""17"", ""18"", ""2"", ""24"", ""25"", ""26"", ""27"", ""28"", ""29"", ""30"", ""9""], ""flx::floatx<4, 52>"": [""12"", ""13"", ""14"", ""15"", ""16"", ""19"", ""20"", ""21"", ""22"", ""23"", ""3"", ""4"", ""5"", ""6"", ""7"", ""8""]}",
exp,10,5,52,"flx::floatx<5, 52>",31,0,13.323996,ok,"{""flx::floatx<5, 52>"": [""0"", ""1"", ""10"", ""11"", ""12"", ""13"", ""14"", ""15"", ""16"", ""17"", ""18"", ""19"", ""2"", ""20"", ""21"", ""22"", ""23"", ""24"", ""25"", ""26"", ""27"", ""28"", ""29"", ""3"", ""30"", ""4"", ""5"", ""6"", ""7"", ""8"", ""9""]}",
exp,10,6,52,"flx::floatx<6, 52>",31,0,13.362339,ok,"{""flx::floatx<6, 52>"": [""0"", ""1"", ""10"", ""11"", ""12"", ""13"", ""14"", ""15"", ""16"", ""17"", ""18"", ""19"", ""2"", ""20"", ""21"", ""22"", ""23"", ""24"", ""25"", ""26"", ""27"", ""28"", ""29"", ""3"", ""30"", ""4"", ""5"", ""6"", ""7"", ""8"", ""9""]}",
exp,10,7,52,"flx::floatx<7, 52>",31,0,13.301142,ok,"{""flx::floatx<7, 52>"": [""0"", ""1"", ""10"", ""11"", ""12"", ""13"", ""14"", ""15"", ""16"", ""17"", ""18"", ""19"", ""2"", ""20"", ""21"", ""22"", ""23"", ""24"", ""25"", ""26"", ""27"", ""28"", ""29"", ""3"", ""30"", ""4"", ""5"", ""6"", ""7"", ""8"", ""9""]}",
exp,10,8,52,"flx::floatx<8, 52>",31,0,13.374363,ok,"{""flx::floatx<8, 52>"": [""0"", ""1"", ""10"", ""11"", ""12"", ""13"", ""14"", ""15"", ""16"", ""17"", ""18"", ""19"", ""2"", ""20"", ""21"", ""22"", ""23"", ""24"", ""25"", ""26"", ""27"", ""28"", ""29"", ""3"", ""30"", ""4"", ""5"", ""6"", ""7"", ""8"", ""9""]}",
exp,10,9,52,"flx::floatx<9, 52>",31,0,13.360966,ok,"{""flx::floatx<9, 52>"": [""0"", ""1"", ""10"", ""11"", ""12"", ""13"", ""14"", ""15"", ""16"", ""17"", ""18"", ""19"", ""2"", ""20"", ""21"", ""22"", ""23"", ""24"", ""25"", ""26"", ""27"", ""28"", ""29"", ""3"", ""30"", ""4"", ""5"", ""6"", ""7"", ""8"", ""9""]}",
exp,10,10,52,"flx::floatx<10, 52>",31,0,13.394246,ok,"{""flx::floatx<10, 52>"": [""0"", ""1"", ""10"", ""11"", ""12"", ""13"", ""14"", ""15"", ""16"", ""17"", ""18"", ""19"", ""2"", ""20"", ""21"", ""22"", ""23"", ""24"", ""25"", ""26"", ""27"", ""28"", ""29"", ""3"", ""30"", ""4"", ""5"", ""6"", ""7"", ""8"", ""9""]}",
exp,10,11,52,"flx::floatx<11, 52>",31,0,13.271764,ok,"{""flx::floatx<11, 52>"": [""0"", ""1"", ""10"", ""11"", ""12"", ""13"", ""14"", ""15"", ""16"", ""17"", ""18"", ""19"", ""2"", ""20"", ""21"", ""22"", ""23"", ""24"", ""25"", ""26"", ""27"", ""28"", ""29"", ""3"", ""30"", ""4"", ""5"", ""6"", ""7"", ""8"", ""9""]}",
