1.00000000000000133e+00
1.00000000000000822e+00
1.00000000000000600e+00
1.00000000000000333e+00
1.00000000000000555e+00
1.00000000000000111e+00
1.00000000000000444e+00
9.99999999999997780e-01
1.00000000000000155e+00
1.00000000000000067e+00
9.99999999999995559e-01
9.99999999999991562e-01
1.00000000000000488e+00
9.99999999999998224e-01
1.00000000000001088e+00
1.00000000000000111e+00
9.99999999999996003e-01
9.99999999999996225e-01
9.99999999999993117e-01
1.00000000000000666e+00
9.99999999999999112e-01
1.00000000000000377e+00
1.00000000000000377e+00
9.99999999999988010e-01
9.99999999999991784e-01
1.00000000000000600e+00
1.00000000000000044e+00
9.99999999999991784e-01
1.00000000000000333e+00
9.99999999999999556e-01
1.00000000000000711e+00
9.99999999999990119e-01
9.99999999999985234e-01
9.99999999999996447e-01
9.99999999999998668e-01
9.99999999999994449e-01
9.99999999999994893e-01
1.00000000000000044e+00
1.00000000000000266e+00
1.00000000000000067e+00
9.99999999999996225e-01
9.99999999999991562e-01
1.00000000000000910e+00
1.00000000000001199e+00
1.00000000000000355e+00
1.00000000000000711e+00
9.99999999999998890e-01
1.00000000000001354e+00
1.00000000000000644e+00
9.99999999999999778e-01
1.00000000000000111e+00
1.00000000000000511e+00
1.00000000000000044e+00
9.99999999999999112e-01
9.99999999999994671e-01
1.00000000000000222e+00
1.00000000000000089e+00
1.00000000000000822e+00
9.99999999999999556e-01
9.99999999999996891e-01
1.00000000000000022e+00
1.00000000000000977e+00
1.00000000000000400e+00
1.00000000000000488e+00
1.00000000000000244e+00
1.00000000000000333e+00
9.99999999999990119e-01
1.00000000000001110e+00
9.99999999999998224e-01
1.00000000000000444e+00
9.99999999999999334e-01
9.99999999999999556e-01
9.99999999999997558e-01
1.00000000000000089e+00
1.00000000000000266e+00
1.00000000000000178e+00
9.99999999999996891e-01
9.99999999999994449e-01
9.99999999999999556e-01
1.00000000000000244e+00
1.00000000000000622e+00
1.00000000000000266e+00
1.00000000000000200e+00
1.00000000000000111e+00
9.99999999999993228e-01
1.00000000000000289e+00
1.00000000000000178e+00
1.00000000000000266e+00
9.99999999999995559e-01
1.00000000000001665e+00
9.99999999999999334e-01
9.99999999999986233e-01
9.99999999999999556e-01
9.99999999999990230e-01
9.99999999999998002e-01
9.99999999999995559e-01
1.00000000000000844e+00
9.99999999999989231e-01
1.00000000000000289e+00
9.99999999999989009e-01
1.00000000000000333e+00
1.00000000000000444e+00
9.99999999999998446e-01
1.00000000000000600e+00
1.00000000000000755e+00
9.99999999999998446e-01
9.99999999999991340e-01
9.99999999999991562e-01
1.00000000000000666e+00
1.00000000000000133e+00
9.99999999999999112e-01
1.00000000000000222e+00
9.99999999999983236e-01
9.99999999999991340e-01
1.00000000000000155e+00
1.00000000000000089e+00
1.00000000000000044e+00
9.99999999999999334e-01
1.00000000000000067e+00
9.99999999999997558e-01
9.99999999999997558e-01
1.00000000000000422e+00
9.99999999999994671e-01
1.00000000000000577e+00
9.99999999999990008e-01
9.99999999999999778e-01
1.00000000000000466e+00
1.00000000000000022e+00
1.00000000000000178e+00
1.00000000000000266e+00
9.99999999999989453e-01
1.00000000000000533e+00
9.99999999999991895e-01
9.99999999999991673e-01
1.00000000000000888e+00
9.99999999999993561e-01
9.99999999999993339e-01
1.00000000000000244e+00
1.00000000000000289e+00
1.00000000000000089e+00
9.99999999999997335e-01
1.00000000000000067e+00
1.00000000000000755e+00
1.00000000000000377e+00
1.00000000000000466e+00
1.00000000000000711e+00
9.99999999999996003e-01
9.99999999999990341e-01
9.99999999999994893e-01
9.99999999999990785e-01
9.99999999999994893e-01
1.00000000000000400e+00
1.00000000000000933e+00
1.00000000000000222e+00
9.99999999999991562e-01
9.99999999999990008e-01
9.99999999999995115e-01
9.99999999999995337e-01
9.99999999999992006e-01
1.00000000000000244e+00
1.00000000000000400e+00
9.99999999999996891e-01
9.99999999999995781e-01
1.00000000000000333e+00
9.99999999999992673e-01
1.00000000000000000e+00
9.99999999999995559e-01
1.00000000000000333e+00
9.99999999999993117e-01
1.00000000000000933e+00
1.00000000000000289e+00
9.99999999999996003e-01
1.00000000000000688e+00
1.00000000000000866e+00
1.00000000000001443e+00
1.00000000000000022e+00
9.99999999999994671e-01
1.00000000000000444e+00
9.99999999999998224e-01
9.99999999999987677e-01
1.00000000000000022e+00
1.00000000000000178e+00
9.99999999999987232e-01
1.00000000000000067e+00
9.99999999999992117e-01
1.00000000000000044e+00
1.00000000000000866e+00
1.00000000000000022e+00
9.99999999999997335e-01
1.00000000000000777e+00
1.00000000000000200e+00
9.99999999999995337e-01
1.00000000000000111e+00
9.99999999999995559e-01
9.99999999999995337e-01
1.00000000000001332e+00
9.99999999999992450e-01
1.00000000000000422e+00
9.99999999999993117e-01
9.99999999999997335e-01
9.99999999999993561e-01
9.99999999999984124e-01
1.00000000000000688e+00
1.00000000000000222e+00
1.00000000000000000e+00
9.99999999999991562e-01
1.00000000000000844e+00
1.00000000000000711e+00
9.99999999999990230e-01
1.00000000000000178e+00
9.99999999999998890e-01
1.00000000000000333e+00
1.00000000000000222e+00
1.00000000000000444e+00
1.00000000000000733e+00
9.99999999999990341e-01
1.00000000000000355e+00
1.00000000000000777e+00
9.99999999999998002e-01
1.00000000000000600e+00
1.00000000000001132e+00
1.00000000000000488e+00
9.99999999999999556e-01
1.00000000000001399e+00
9.99999999999999334e-01
9.99999999999999334e-01
9.99999999999993117e-01
9.99999999999987566e-01
1.00000000000000822e+00
1.00000000000000422e+00
9.99999999999997780e-01
1.00000000000000777e+00
9.99999999999996225e-01
1.00000000000000222e+00
9.99999999999990785e-01
1.00000000000000977e+00
1.00000000000000400e+00
9.99999999999999112e-01
1.00000000000000622e+00
1.00000000000001044e+00
1.00000000000001554e+00
1.00000000000000844e+00
1.00000000000000555e+00
9.99999999999996447e-01
9.99999999999992006e-01
9.99999999999993561e-01
9.99999999999987677e-01
9.99999999999994005e-01
9.99999999999986344e-01
1.00000000000001066e+00
1.00000000000000844e+00
9.99999999999999556e-01
1.00000000000000200e+00
1.00000000000000266e+00
9.99999999999999556e-01
1.00000000000000266e+00
1.00000000000001110e+00
1.00000000000000244e+00
9.99999999999997780e-01
9.99999999999991784e-01
9.99999999999993339e-01
1.00000000000000755e+00
1.00000000000000755e+00
1.00000000000000133e+00
1.00000000000001155e+00
1.00000000000000755e+00
9.99999999999992450e-01
9.99999999999998002e-01
9.99999999999995559e-01
9.99999999999993783e-01
1.00000000000001443e+00
9.99999999999993561e-01
1.00000000000000733e+00
9.99999999999991562e-01
1.00000000000001110e+00
9.99999999999989120e-01
9.99999999999996447e-01
9.99999999999997558e-01
1.00000000000000178e+00
1.00000000000000466e+00
1.00000000000000511e+00
1.00000000000000910e+00
9.99999999999987010e-01
1.00000000000001354e+00
9.99999999999996225e-01
9.99999999999996669e-01
1.00000000000000067e+00
1.00000000000000111e+00
9.99999999999996225e-01
9.99999999999990896e-01
9.99999999999992673e-01
9.99999999999996891e-01
1.00000000000000488e+00
1.00000000000000955e+00
1.00000000000000622e+00
1.00000000000000244e+00
9.99999999999996891e-01
9.99999999999994005e-01
1.00000000000000067e+00
9.99999999999998002e-01
9.99999999999995559e-01
1.00000000000000466e+00
1.00000000000000333e+00
9.99999999999985234e-01
1.00000000000000822e+00
9.99999999999994671e-01
9.99999999999994449e-01
9.99999999999995781e-01
9.99999999999996669e-01
1.00000000000000666e+00
9.99999999999991340e-01
9.99999999999997780e-01
1.00000000000000511e+00
9.99999999999994671e-01
9.99999999999999556e-01
9.99999999999995781e-01
9.99999999999993339e-01
9.99999999999993783e-01
1.00000000000001066e+00
1.00000000000000200e+00
1.00000000000001021e+00
1.00000000000000866e+00
9.99999999999997558e-01
9.99999999999995559e-01
9.99999999999989786e-01
9.99999999999996669e-01
1.00000000000000533e+00
9.99999999999996225e-01
1.00000000000000155e+00
9.99999999999992228e-01
9.99999999999990452e-01
1.00000000000000266e+00
1.00000000000000533e+00
9.99999999999986788e-01
1.00000000000000600e+00
9.99999999999985012e-01
9.99999999999995781e-01
9.99999999999989009e-01
1.00000000000001399e+00
1.00000000000000822e+00
1.00000000000000844e+00
1.00000000000000333e+00
1.00000000000000067e+00
1.00000000000000311e+00
9.99999999999990452e-01
9.99999999999994893e-01
9.99999999999995781e-01
9.99999999999996669e-01
9.99999999999996669e-01
1.00000000000000222e+00
1.00000000000000178e+00
1.00000000000000733e+00
1.00000000000000244e+00
9.99999999999989231e-01
1.00000000000000644e+00
9.99999999999995115e-01
9.99999999999998002e-01
1.00000000000000044e+00
9.99999999999999334e-01
1.00000000000000155e+00
9.99999999999993117e-01
9.99999999999990452e-01
1.00000000000000089e+00
1.00000000000000244e+00
9.99999999999997780e-01
9.99999999999992228e-01
9.99999999999977685e-01
1.00000000000000377e+00
9.99999999999987232e-01
1.00000000000000289e+00
9.99999999999986788e-01
1.00000000000000111e+00
9.99999999999994449e-01
1.00000000000001088e+00
1.00000000000001088e+00
9.99999999999996447e-01
1.00000000000000333e+00
9.99999999999998224e-01
9.99999999999996891e-01
9.99999999999992006e-01
1.00000000000000866e+00
9.99999999999994005e-01
9.99999999999990452e-01
9.99999999999997113e-01
1.00000000000001044e+00
1.00000000000000022e+00
1.00000000000000133e+00
9.99999999999991229e-01
9.99999999999998446e-01
1.00000000000000644e+00
1.00000000000000133e+00
9.99999999999993561e-01
1.00000000000000111e+00
9.99999999999988898e-01
9.99999999999993561e-01
1.00000000000000200e+00
9.99999999999999112e-01
9.99999999999993339e-01
9.99999999999993783e-01
1.00000000000000533e+00
1.00000000000000600e+00
1.00000000000000466e+00
1.00000000000000178e+00
9.99999999999999112e-01
1.00000000000000355e+00
1.00000000000000755e+00
9.99999999999994449e-01
9.99999999999994449e-01
9.99999999999994671e-01
1.00000000000000155e+00
9.99999999999996669e-01
1.00000000000000222e+00
9.99999999999982014e-01
1.00000000000001354e+00
1.00000000000000555e+00
1.00000000000000822e+00
1.00000000000001066e+00
9.99999999999988898e-01
1.00000000000000688e+00
1.00000000000000910e+00
9.99999999999999556e-01
9.99999999999993783e-01
1.00000000000001266e+00
9.99999999999992339e-01
9.99999999999986566e-01
9.99999999999996669e-01
1.00000000000000555e+00
1.00000000000000777e+00
1.00000000000000333e+00
9.99999999999993339e-01
9.99999999999998002e-01
9.99999999999993561e-01
1.00000000000000933e+00
1.00000000000000133e+00
9.99999999999997558e-01
9.99999999999997780e-01
1.00000000000000733e+00
1.00000000000000089e+00
9.99999999999997113e-01
1.00000000000000044e+00
9.99999999999993561e-01
1.00000000000000178e+00
1.00000000000000222e+00
1.00000000000000488e+00
1.00000000000000133e+00
1.00000000000001199e+00
1.00000000000000133e+00
1.00000000000000822e+00
9.99999999999993339e-01
1.00000000000001465e+00
9.99999999999988232e-01
9.99999999999977462e-01
9.99999999999999556e-01
9.99999999999979683e-01
1.00000000000000289e+00
9.99999999999987454e-01
9.99999999999997558e-01
9.99999999999997558e-01
9.99999999999994893e-01
1.00000000000000178e+00
9.99999999999994449e-01
9.99999999999996669e-01
9.99999999999998668e-01
1.00000000000000577e+00
1.00000000000001399e+00
1.00000000000001132e+00
9.99999999999990452e-01
9.99999999999996225e-01
1.00000000000000400e+00
1.00000000000000200e+00
9.99999999999996447e-01
9.99999999999998446e-01
1.00000000000001021e+00
1.00000000000000555e+00
9.99999999999997335e-01
9.99999999999997558e-01
1.00000000000000133e+00
1.00000000000000600e+00
9.99999999999995781e-01
9.99999999999996669e-01
1.00000000000000111e+00
1.00000000000000111e+00
1.00000000000000311e+00
1.00000000000000200e+00
9.99999999999989342e-01
9.99999999999999556e-01
9.99999999999998002e-01
9.99999999999998890e-01
9.99999999999998224e-01
1.00000000000000355e+00
9.99999999999998668e-01
1.00000000000000222e+00
9.99999999999999556e-01
1.00000000000000133e+00
1.00000000000000044e+00
9.99999999999996003e-01
1.00000000000000511e+00
1.00000000000000400e+00
1.00000000000000044e+00
9.99999999999989120e-01
1.00000000000000488e+00
1.00000000000000222e+00
9.99999999999995559e-01
9.99999999999993117e-01
9.99999999999999112e-01
1.00000000000000910e+00
1.00000000000001310e+00
1.00000000000000466e+00
9.99999999999994671e-01
1.00000000000000644e+00
9.99999999999992228e-01
1.00000000000000377e+00
1.00000000000000133e+00
9.99999999999996003e-01
1.00000000000000111e+00
9.99999999999995781e-01
9.99999999999994227e-01
1.00000000000000577e+00
1.00000000000000666e+00
9.99999999999996891e-01
9.99999999999985900e-01
9.99999999999995559e-01
9.99999999999991784e-01
1.00000000000000333e+00
9.99999999999991451e-01
9.99999999999988121e-01
9.99999999999993450e-01
9.99999999999998446e-01
1.00000000000000333e+00
9.99999999999996669e-01
9.99999999999997113e-01
1.00000000000000711e+00
1.00000000000000333e+00
9.99999999999987788e-01
9.99999999999994005e-01
1.00000000000000910e+00
9.99999999999996891e-01
1.00000000000001110e+00
1.00000000000000000e+00
9.99999999999991562e-01
1.00000000000000622e+00
9.99999999999992339e-01
9.99999999999996669e-01
9.99999999999996669e-01
1.00000000000000622e+00
1.00000000000000200e+00
1.00000000000000022e+00
9.99999999999993561e-01
9.99999999999993117e-01
1.00000000000000622e+00
1.00000000000000622e+00
9.99999999999998890e-01
9.99999999999990008e-01
1.00000000000000377e+00
9.99999999999994671e-01
1.00000000000001021e+00
9.99999999999997780e-01
1.00000000000000488e+00
1.00000000000000333e+00
1.00000000000000600e+00
9.99999999999999556e-01
9.99999999999998224e-01
1.00000000000000400e+00
1.00000000000000067e+00
1.00000000000000711e+00
1.00000000000000555e+00
9.99999999999989564e-01
1.00000000000000777e+00
9.99999999999996891e-01
9.99999999999991340e-01
9.99999999999997558e-01
9.99999999999995115e-01
1.00000000000000333e+00
9.99999999999991007e-01
1.00000000000000511e+00
1.00000000000000755e+00
1.00000000000001066e+00
1.00000000000000244e+00
1.00000000000001044e+00
9.99999999999990452e-01
1.00000000000000555e+00
9.99999999999998224e-01
9.99999999999983791e-01
1.00000000000000533e+00
1.00000000000000600e+00
1.00000000000000422e+00
9.99999999999992006e-01
1.00000000000000333e+00
1.00000000000000888e+00
1.00000000000000577e+00
1.00000000000000244e+00
1.00000000000001021e+00
9.99999999999997780e-01
1.00000000000000577e+00
1.00000000000000311e+00
9.99999999999998668e-01
9.99999999999996003e-01
1.00000000000000577e+00
9.99999999999988232e-01
1.00000000000000311e+00
9.99999999999996669e-01
9.99999999999994227e-01
1.00000000000000488e+00
1.00000000000000400e+00
1.00000000000000244e+00
9.99999999999997113e-01
9.99999999999990896e-01
1.00000000000001221e+00
9.99999999999998446e-01
1.00000000000000555e+00
1.00000000000000333e+00
1.00000000000001288e+00
1.00000000000000466e+00
1.00000000000001221e+00
9.99999999999993783e-01
9.99999999999995115e-01
9.99999999999997780e-01
1.00000000000000977e+00
1.00000000000000844e+00
9.99999999999988898e-01
9.99999999999997558e-01
9.99999999999993561e-01
9.99999999999991340e-01
9.99999999999998668e-01
1.00000000000000333e+00
9.99999999999994005e-01
9.99999999999994005e-01
1.00000000000000044e+00
9.99999999999995781e-01
9.99999999999998002e-01
1.00000000000000000e+00
1.00000000000000178e+00
1.00000000000001443e+00
1.00000000000000022e+00
9.99999999999997335e-01
9.99999999999993339e-01
1.00000000000000444e+00
1.00000000000000400e+00
9.99999999999995781e-01
9.99999999999998446e-01
1.00000000000000000e+00
1.00000000000000244e+00
9.99999999999996891e-01
9.99999999999997113e-01
1.00000000000000178e+00
9.99999999999997558e-01
9.99999999999991118e-01
1.00000000000000866e+00
9.99999999999997558e-01
1.00000000000000377e+00
1.00000000000000644e+00
9.99999999999991118e-01
9.99999999999999556e-01
9.99999999999986122e-01
1.00000000000000400e+00
9.99999999999998668e-01
1.00000000000000289e+00
1.00000000000000000e+00
9.99999999999994671e-01
9.99999999999999334e-01
1.00000000000000355e+00
1.00000000000000333e+00
1.00000000000000311e+00
9.99999999999998668e-01
1.00000000000000333e+00
9.99999999999993339e-01
1.00000000000000111e+00
9.99999999999994671e-01
1.00000000000000377e+00
9.99999999999987343e-01
1.00000000000000533e+00
9.99999999999994449e-01
1.00000000000000311e+00
9.99999999999991562e-01
9.99999999999989675e-01
9.99999999999998890e-01
9.99999999999999334e-01
1.00000000000000600e+00
9.99999999999991673e-01
9.99999999999995337e-01
1.00000000000000422e+00
9.99999999999992673e-01
9.99999999999992228e-01
9.99999999999991118e-01
1.00000000000000844e+00
9.99999999999995781e-01
1.00000000000001199e+00
9.99999999999992450e-01
9.99999999999997335e-01
1.00000000000001177e+00
9.99999999999998002e-01
9.99999999999991340e-01
1.00000000000000311e+00
9.99999999999996447e-01
1.00000000000001177e+00
1.00000000000000266e+00
1.00000000000000644e+00
9.99999999999990674e-01
9.99999999999999556e-01
9.99999999999994893e-01
1.00000000000000555e+00
1.00000000000000888e+00
9.99999999999997558e-01
1.00000000000000044e+00
9.99999999999998890e-01
1.00000000000000244e+00
1.00000000000000355e+00
1.00000000000001021e+00
9.99999999999990785e-01
9.99999999999997113e-01
9.99999999999996003e-01
9.99999999999996669e-01
9.99999999999998668e-01
9.99999999999997335e-01
1.00000000000000555e+00
1.00000000000000466e+00
9.99999999999990452e-01
9.99999999999999778e-01
9.99999999999994671e-01
9.99999999999999778e-01
9.99999999999990230e-01
1.00000000000000666e+00
1.00000000000000910e+00
9.99999999999996669e-01
1.00000000000000866e+00
1.00000000000000311e+00
9.99999999999996225e-01
9.99999999999998446e-01
1.00000000000000600e+00
1.00000000000000200e+00
9.99999999999997335e-01
9.99999999999993117e-01
9.99999999999998668e-01
9.99999999999990674e-01
9.99999999999994449e-01
1.00000000000000266e+00
1.00000000000000200e+00
9.99999999999998890e-01
9.99999999999993561e-01
1.00000000000000977e+00
9.99999999999998224e-01
9.99999999999990452e-01
1.00000000000000400e+00
9.99999999999999556e-01
1.00000000000000755e+00
9.99999999999992339e-01
1.00000000000000022e+00
1.00000000000001399e+00
1.00000000000000622e+00
9.99999999999986677e-01
9.99999999999986677e-01
9.99999999999998890e-01
9.99999999999995115e-01
9.99999999999992228e-01
9.99999999999999556e-01
1.00000000000000022e+00
9.99999999999995337e-01
1.00000000000000244e+00
1.00000000000000799e+00
9.99999999999998890e-01
1.00000000000000178e+00
1.00000000000000111e+00
1.00000000000000577e+00
1.00000000000000688e+00
9.99999999999997558e-01
9.99999999999999556e-01
1.00000000000000155e+00
1.00000000000000266e+00
9.99999999999997780e-01
9.99999999999992006e-01
1.00000000000000200e+00
9.99999999999993783e-01
1.00000000000000600e+00
1.00000000000000000e+00
1.00000000000000067e+00
1.00000000000000755e+00
9.99999999999992450e-01
9.99999999999983458e-01
9.99999999999995115e-01
1.00000000000000888e+00
1.00000000000000178e+00
1.00000000000000133e+00
9.99999999999998668e-01
1.00000000000000067e+00
9.99999999999995559e-01
1.00000000000000866e+00
9.99999999999998002e-01
1.00000000000000222e+00
1.00000000000000977e+00
9.99999999999998002e-01
9.99999999999994893e-01
1.00000000000000266e+00
9.99999999999982792e-01
9.99999999999997780e-01
1.00000000000000044e+00
9.99999999999994893e-01
1.00000000000000888e+00
1.00000000000000000e+00
1.00000000000000244e+00
9.99999999999996891e-01
1.00000000000000733e+00
9.99999999999994005e-01
1.00000000000000355e+00
1.00000000000000400e+00
9.99999999999999112e-01
9.99999999999987121e-01
1.00000000000000044e+00
1.00000000000000289e+00
1.00000000000000044e+00
1.00000000000000933e+00
1.00000000000000200e+00
9.99999999999988121e-01
1.00000000000000511e+00
9.99999999999993561e-01
9.99999999999998446e-01
1.00000000000000555e+00
9.99999999999997335e-01
1.00000000000000067e+00
9.99999999999997335e-01
1.00000000000000666e+00
9.99999999999997335e-01
9.99999999999987121e-01
9.99999999999990674e-01
9.99999999999997558e-01
1.00000000000000155e+00
1.00000000000000000e+00
9.99999999999992895e-01
9.99999999999985900e-01
9.99999999999995781e-01
9.99999999999996891e-01
9.99999999999992562e-01
1.00000000000001332e+00
1.00000000000000022e+00
1.00000000000000089e+00
9.99999999999997335e-01
9.99999999999994005e-01
1.00000000000000089e+00
1.00000000000000600e+00
1.00000000000000222e+00
1.00000000000000799e+00
1.00000000000000666e+00
1.00000000000001177e+00
1.00000000000000822e+00
9.99999999999996225e-01
9.99999999999994893e-01
1.00000000000001155e+00
1.00000000000001110e+00
9.99999999999997335e-01
9.99999999999998668e-01
9.99999999999995559e-01
1.00000000000000178e+00
9.99999999999982458e-01
9.99999999999995781e-01
1.00000000000001110e+00
9.99999999999990008e-01
1.00000000000000111e+00
9.99999999999993117e-01
9.99999999999999334e-01
1.00000000000000266e+00
1.00000000000000933e+00
1.00000000000000178e+00
1.00000000000000488e+00
1.00000000000000355e+00
1.00000000000000200e+00
1.00000000000000400e+00
1.00000000000000799e+00
1.00000000000000866e+00
1.00000000000000244e+00
9.99999999999999778e-01
1.00000000000001488e+00
9.99999999999999334e-01
9.99999999999999112e-01
1.00000000000000155e+00
1.00000000000000777e+00
9.99999999999999334e-01
9.99999999999997780e-01
9.99999999999996003e-01
1.00000000000001177e+00
9.99999999999999112e-01
9.99999999999997558e-01
9.99999999999996003e-01
9.99999999999990785e-01
1.00000000000000044e+00
1.00000000000000333e+00
9.99999999999997558e-01
1.00000000000000488e+00
9.99999999999995115e-01
1.00000000000000022e+00
9.99999999999996891e-01
9.99999999999994449e-01
9.99999999999981681e-01
9.99999999999994005e-01
9.99999999999992895e-01
9.99999999999993561e-01
1.00000000000000044e+00
1.00000000000001199e+00
9.99999999999996891e-01
1.00000000000000067e+00
9.99999999999997335e-01
9.99999999999994893e-01
1.00000000000000266e+00
1.00000000000000422e+00
9.99999999999999778e-01
1.00000000000000777e+00
9.99999999999989786e-01
9.99999999999997780e-01
1.00000000000000488e+00
9.99999999999993339e-01
1.00000000000000089e+00
1.00000000000000089e+00
9.99999999999995559e-01
9.99999999999995115e-01
9.99999999999987454e-01
1.00000000000000333e+00
1.00000000000000844e+00
9.99999999999999334e-01
1.00000000000000333e+00
9.99999999999994671e-01
9.99999999999995781e-01
9.99999999999996447e-01
1.00000000000000666e+00
1.00000000000000688e+00
1.00000000000001088e+00
9.99999999999992006e-01
9.99999999999999334e-01
9.99999999999999556e-01
9.99999999999994893e-01
1.00000000000001088e+00
1.00000000000000244e+00
9.99999999999997780e-01
9.99999999999996669e-01
1.00000000000000266e+00
1.00000000000000000e+00
9.99999999999999112e-01
9.99999999999993006e-01
1.00000000000001354e+00
1.00000000000000266e+00
1.00000000000000133e+00
1.00000000000000488e+00
1.00000000000000733e+00
1.00000000000000178e+00
1.00000000000000488e+00
9.99999999999995337e-01
1.00000000000000533e+00
9.99999999999998002e-01
9.99999999999991340e-01
9.99999999999995337e-01
1.00000000000000200e+00
9.99999999999998446e-01
1.00000000000000222e+00
9.99999999999999778e-01
9.99999999999981903e-01
9.99999999999994671e-01
9.99999999999999334e-01
1.00000000000000977e+00
9.99999999999994449e-01
9.99999999999996669e-01
1.00000000000000844e+00
1.00000000000000933e+00
1.00000000000000533e+00
1.00000000000000577e+00
9.99999999999996447e-01
1.00000000000000466e+00
9.99999999999992895e-01
9.99999999999996891e-01
9.99999999999991007e-01
9.99999999999996891e-01
1.00000000000000600e+00
9.99999999999993006e-01
9.99999999999994671e-01
9.99999999999991784e-01
9.99999999999996447e-01
9.99999999999988898e-01
1.00000000000000755e+00
1.00000000000000266e+00
9.99999999999996447e-01
9.99999999999995115e-01
9.99999999999987010e-01
1.00000000000000311e+00
1.00000000000000044e+00
1.00000000000000200e+00
9.99999999999979239e-01
1.00000000000000022e+00
1.00000000000000400e+00
1.00000000000001577e+00
1.00000000000001332e+00
9.99999999999995115e-01
9.99999999999999556e-01
1.00000000000000155e+00
1.00000000000000955e+00
9.99999999999994671e-01
9.99999999999991340e-01
9.99999999999993117e-01
1.00000000000000311e+00
9.99999999999991562e-01
9.99999999999997113e-01
9.99999999999997335e-01
1.00000000000000155e+00
1.00000000000000067e+00
1.00000000000000733e+00
1.00000000000001199e+00
1.00000000000000377e+00
9.99999999999995115e-01
1.00000000000000089e+00
1.00000000000000377e+00
9.99999999999998890e-01
1.00000000000000533e+00
9.99999999999993117e-01
1.00000000000000822e+00
1.00000000000000688e+00
1.00000000000000422e+00
9.99999999999999556e-01
9.99999999999994005e-01
9.99999999999999778e-01
1.00000000000000600e+00
1.00000000000000155e+00
1.00000000000000533e+00
9.99999999999989009e-01
9.99999999999995115e-01
1.00000000000000155e+00
9.99999999999992673e-01
1.00000000000000200e+00
9.99999999999990674e-01
1.00000000000000133e+00
1.00000000000001221e+00
9.99999999999997113e-01
9.99999999999998446e-01
1.00000000000000266e+00
1.00000000000000022e+00
1.00000000000000222e+00
9.99999999999997780e-01
1.00000000000000622e+00
1.00000000000001510e+00
9.99999999999998446e-01
9.99999999999991673e-01
9.99999999999998002e-01
1.00000000000000777e+00
1.00000000000000644e+00
1.00000000000000822e+00
9.99999999999992228e-01
9.99999999999994005e-01
1.00000000000000289e+00
9.99999999999992228e-01
9.99999999999989342e-01
1.00000000000000622e+00
9.99999999999990008e-01
9.99999999999996447e-01
9.99999999999996891e-01
1.00000000000000444e+00
9.99999999999994449e-01
1.00000000000000311e+00
1.00000000000000000e+00
1.00000000000000355e+00
9.99999999999999778e-01
9.99999999999997113e-01
1.00000000000001510e+00
9.99999999999990452e-01
9.99999999999998446e-01
1.00000000000000777e+00
9.99999999999994671e-01
1.00000000000000955e+00
1.00000000000000644e+00
1.00000000000000711e+00
1.00000000000000555e+00
1.00000000000000555e+00
1.00000000000002287e+00
1.00000000000000555e+00
9.99999999999995781e-01
1.00000000000000289e+00
1.00000000000000644e+00
9.99999999999997780e-01
9.99999999999997780e-01
9.99999999999998668e-01
1.00000000000000622e+00
9.99999999999999778e-01
1.00000000000000999e+00
1.00000000000000178e+00
9.99999999999988898e-01
9.99999999999998002e-01
9.99999999999997780e-01
1.00000000000000200e+00
9.99999999999999778e-01
9.99999999999990119e-01
9.99999999999988787e-01
1.00000000000000422e+00
1.00000000000000333e+00
9.99999999999991451e-01
1.00000000000000289e+00
1.00000000000001177e+00
9.99999999999990674e-01
9.99999999999991340e-01
1.00000000000000266e+00
1.00000000000000844e+00
9.99999999999997558e-01
1.00000000000000355e+00
1.00000000000000533e+00
1.00000000000000844e+00
9.99999999999993561e-01
1.00000000000000089e+00
1.00000000000000178e+00
1.00000000000000799e+00
9.99999999999998890e-01
9.99999999999995115e-01
9.99999999999997780e-01
9.99999999999985678e-01
1.00000000000000466e+00
9.99999999999997113e-01
9.99999999999998890e-01
9.99999999999999778e-01
1.00000000000000666e+00
1.00000000000000333e+00
1.00000000000000533e+00
1.00000000000000622e+00
9.99999999999988454e-01
9.99999999999999778e-01
1.00000000000000111e+00
9.99999999999980571e-01
1.00000000000000289e+00
1.00000000000000311e+00
9.99999999999994005e-01
9.99999999999993783e-01
9.99999999999992339e-01
9.99999999999997113e-01
1.00000000000000133e+00
9.99999999999997558e-01
9.99999999999997113e-01
9.99999999999994671e-01
9.99999999999991562e-01
1.00000000000000067e+00
1.00000000000000178e+00
1.00000000000001088e+00
9.99999999999988787e-01
1.00000000000000155e+00
9.99999999999996891e-01
9.99999999999991784e-01
1.00000000000000067e+00
1.00000000000001155e+00
9.99999999999998446e-01
1.00000000000000622e+00
1.00000000000000067e+00
1.00000000000000089e+00
9.99999999999998890e-01
1.00000000000000289e+00
9.99999999999994671e-01
9.99999999999995781e-01
1.00000000000001243e+00
9.99999999999994893e-01
1.00000000000000311e+00
1.00000000000000044e+00
1.00000000000000200e+00
9.99999999999992895e-01
1.00000000000001021e+00
9.99999999999994893e-01
9.99999999999997335e-01
9.99999999999998446e-01
1.00000000000000688e+00
9.99999999999994005e-01
9.99999999999998446e-01
1.00000000000000222e+00
1.00000000000000044e+00
1.00000000000000133e+00
1.00000000000000266e+00
1.00000000000000644e+00
9.99999999999997335e-01
1.00000000000000000e+00
1.00000000000000666e+00
9.99999999999987899e-01
9.99999999999999556e-01
1.00000000000000022e+00
1.00000000000000933e+00
1.00000000000000400e+00
1.00000000000000133e+00
9.99999999999990341e-01
1.00000000000001155e+00
1.00000000000000311e+00
9.99999999999995559e-01
9.99999999999999112e-01
9.99999999999995115e-01
1.00000000000000133e+00
9.99999999999989786e-01
1.00000000000000533e+00
9.99999999999996003e-01
9.99999999999995781e-01
9.99999999999999556e-01
1.00000000000000577e+00
9.99999999999999556e-01
9.99999999999987677e-01
1.00000000000000910e+00
1.00000000000000022e+00
1.00000000000000466e+00
1.00000000000000244e+00
9.99999999999999778e-01
9.99999999999998446e-01
1.00000000000000155e+00
9.99999999999996003e-01
9.99999999999999556e-01
9.99999999999996225e-01
1.00000000000001710e+00
1.00000000000000933e+00
1.00000000000001243e+00
9.99999999999993339e-01
1.00000000000000444e+00
1.00000000000000089e+00
9.99999999999994227e-01
1.00000000000001221e+00
9.99999999999996003e-01
1.00000000000000577e+00
9.99999999999997780e-01
1.00000000000000022e+00
9.99999999999997113e-01
9.99999999999989342e-01
9.99999999999992006e-01
9.99999999999998224e-01
1.00000000000000244e+00
9.99999999999998668e-01
9.99999999999999556e-01
9.99999999999991562e-01
1.00000000000000511e+00
1.00000000000000377e+00
9.99999999999998668e-01
9.99999999999999112e-01
9.99999999999990563e-01
9.99999999999987677e-01
9.99999999999997335e-01
1.00000000000000044e+00
1.00000000000000089e+00
1.00000000000000444e+00
9.99999999999999778e-01
9.99999999999999778e-01
9.99999999999999556e-01
1.00000000000000444e+00
1.00000000000000822e+00
1.00000000000000289e+00
9.99999999999994449e-01
1.00000000000000511e+00
9.99999999999987232e-01
9.99999999999988343e-01
1.00000000000000200e+00
1.00000000000000200e+00
9.99999999999993339e-01
1.00000000000000044e+00
1.00000000000000289e+00
1.00000000000000511e+00
1.00000000000000222e+00
1.00000000000000466e+00
9.99999999999996669e-01
9.99999999999998890e-01
1.00000000000001377e+00
9.99999999999996225e-01
9.99999999999996003e-01
9.99999999999993117e-01
1.00000000000000067e+00
1.00000000000000311e+00
1.00000000000000466e+00
9.99999999999995337e-01
1.00000000000000933e+00
9.99999999999996669e-01
9.99999999999997335e-01
1.00000000000000355e+00
1.00000000000000244e+00
9.99999999999996003e-01
1.00000000000000355e+00
9.99999999999993561e-01
9.99999999999990896e-01
1.00000000000000000e+00
9.99999999999995559e-01
1.00000000000000266e+00
1.00000000000000488e+00
9.99999999999993117e-01
9.99999999999993561e-01
9.99999999999995559e-01
1.00000000000000067e+00
9.99999999999996003e-01
9.99999999999998224e-01
1.00000000000001177e+00
1.00000000000000422e+00
1.00000000000000400e+00
9.99999999999997113e-01
9.99999999999992673e-01
1.00000000000000067e+00
9.99999999999996225e-01
1.00000000000000844e+00
9.99999999999994005e-01
9.99999999999988454e-01
1.00000000000000711e+00
9.99999999999998890e-01
1.00000000000000044e+00
9.99999999999995781e-01
1.00000000000000866e+00
1.00000000000000955e+00
9.99999999999998890e-01
9.99999999999994227e-01
9.99999999999998890e-01
1.00000000000001155e+00
1.00000000000000244e+00
9.99999999999998224e-01
1.00000000000000155e+00
1.00000000000000044e+00
9.99999999999988898e-01
1.00000000000000933e+00
1.00000000000000155e+00
1.00000000000000200e+00
9.99999999999992673e-01
1.00000000000001288e+00
9.99999999999997335e-01
1.00000000000001998e+00
9.99999999999999556e-01
9.99999999999995781e-01
1.00000000000000311e+00
9.99999999999999112e-01
1.00000000000000466e+00
1.00000000000000200e+00
9.99999999999997335e-01
9.99999999999999112e-01
9.99999999999993783e-01
1.00000000000000400e+00
9.99999999999992895e-01
1.00000000000000044e+00
1.00000000000000910e+00
9.99999999999993339e-01
9.99999999999998446e-01
1.00000000000001088e+00
9.99999999999989453e-01
9.99999999999996447e-01
9.99999999999992784e-01
9.99999999999996669e-01
1.00000000000000155e+00
1.00000000000000222e+00
1.00000000000000111e+00
9.99999999999988898e-01
1.00000000000000444e+00
1.00000000000000644e+00
1.00000000000000178e+00
1.00000000000000711e+00
9.99999999999996447e-01
1.00000000000000466e+00
1.00000000000000755e+00
9.99999999999998890e-01
1.00000000000000022e+00
1.00000000000000377e+00
9.99999999999991229e-01
9.99999999999995115e-01
1.00000000000000200e+00
9.99999999999990896e-01
1.00000000000000600e+00
1.00000000000000155e+00
1.00000000000000400e+00
9.99999999999998668e-01
9.99999999999997335e-01
1.00000000000000488e+00
9.99999999999992450e-01
9.99999999999997113e-01
9.99999999999994893e-01
1.00000000000000733e+00
1.00000000000000844e+00
1.00000000000000133e+00
1.00000000000000444e+00
1.00000000000000844e+00
9.99999999999992339e-01
9.99999999999994449e-01
9.99999999999992895e-01
9.99999999999991562e-01
1.00000000000000333e+00
9.99999999999998224e-01
1.00000000000000377e+00
9.99999999999995115e-01
9.99999999999995115e-01
1.00000000000000777e+00
1.00000000000000733e+00
1.00000000000001177e+00
9.99999999999992895e-01
1.00000000000000511e+00
1.00000000000000266e+00
9.99999999999999334e-01
9.99999999999997335e-01
1.00000000000000644e+00
1.00000000000000799e+00
1.00000000000000688e+00
9.99999999999990230e-01
9.99999999999993783e-01
9.99999999999992006e-01
1.00000000000000444e+00
1.00000000000000666e+00
1.00000000000000000e+00
1.00000000000000533e+00
1.00000000000001354e+00
9.99999999999996003e-01
9.99999999999992673e-01
1.00000000000000622e+00
1.00000000000000644e+00
9.99999999999994227e-01
9.99999999999993783e-01
1.00000000000000111e+00
1.00000000000000444e+00
9.99999999999997780e-01
9.99999999999994893e-01
9.99999999999990230e-01
9.99999999999999778e-01
9.99999999999998224e-01
9.99999999999998668e-01
9.99999999999999112e-01
9.99999999999995115e-01
9.99999999999991784e-01
9.99999999999997780e-01
1.00000000000000600e+00
9.99999999999998446e-01
9.99999999999996225e-01
1.00000000000000222e+00
9.99999999999993561e-01
1.00000000000000644e+00
1.00000000000000155e+00
1.00000000000000022e+00
1.00000000000000555e+00
9.99999999999995781e-01
1.00000000000001066e+00
9.99999999999996225e-01
9.99999999999993783e-01
1.00000000000000266e+00
9.99999999999993117e-01
1.00000000000000733e+00
9.99999999999999334e-01
9.99999999999992228e-01
9.99999999999992673e-01
9.99999999999998002e-01
9.99999999999997113e-01
1.00000000000000111e+00
9.99999999999994449e-01
9.99999999999993561e-01
9.99999999999997558e-01
1.00000000000000533e+00
1.00000000000000955e+00
1.00000000000000155e+00
9.99999999999999556e-01
1.00000000000000711e+00
1.00000000000000511e+00
9.99999999999996225e-01
1.00000000000002243e+00
9.99999999999998224e-01
1.00000000000000067e+00
9.99999999999995781e-01
9.99999999999989897e-01
1.00000000000000155e+00
9.99999999999996003e-01
1.00000000000000933e+00
9.99999999999998446e-01
9.99999999999994227e-01
9.99999999999992006e-01
9.99999999999998668e-01
1.00000000000000488e+00
9.99999999999991118e-01
1.00000000000000222e+00
9.99999999999995559e-01
9.99999999999990008e-01
1.00000000000000222e+00
1.00000000000000333e+00
9.99999999999995115e-01
9.99999999999991784e-01
9.99999999999998668e-01
1.00000000000000444e+00
1.00000000000000133e+00
9.99999999999996891e-01
1.00000000000000111e+00
1.00000000000000888e+00
9.99999999999992006e-01
9.99999999999987343e-01
1.00000000000000200e+00
9.99999999999998890e-01
1.00000000000000089e+00
1.00000000000000444e+00
1.00000000000000733e+00
1.00000000000000444e+00
9.99999999999997780e-01
1.00000000000000999e+00
1.00000000000000089e+00
1.00000000000000355e+00
9.99999999999993561e-01
9.99999999999998890e-01
1.00000000000000400e+00
9.99999999999990341e-01
1.00000000000000244e+00
1.00000000000000155e+00
1.00000000000000511e+00
9.99999999999992228e-01
9.99999999999996003e-01
9.99999999999992006e-01
9.99999999999988676e-01
1.00000000000001510e+00
9.99999999999991118e-01
9.99999999999997558e-01
1.00000000000001044e+00
1.00000000000000822e+00
9.99999999999996003e-01
9.99999999999996225e-01
1.00000000000000933e+00
1.00000000000000022e+00
1.00000000000000311e+00
1.00000000000000577e+00
1.00000000000000555e+00
9.99999999999989120e-01
1.00000000000000022e+00
9.99999999999996003e-01
9.99999999999994893e-01
1.00000000000000044e+00
9.99999999999995781e-01
9.99999999999989564e-01
9.99999999999997558e-01
9.99999999999991340e-01
1.00000000000000200e+00
1.00000000000000089e+00
1.00000000000000222e+00
9.99999999999993561e-01
1.00000000000000844e+00
9.99999999999997113e-01
9.99999999999997335e-01
9.99999999999995115e-01
1.00000000000000111e+00
1.00000000000000622e+00
1.00000000000000311e+00
1.00000000000000822e+00
9.99999999999999112e-01
9.99999999999999556e-01
9.99999999999990230e-01
1.00000000000000377e+00
9.99999999999995559e-01
1.00000000000000155e+00
9.99999999999996891e-01
1.00000000000000089e+00
1.00000000000000422e+00
1.00000000000000266e+00
1.00000000000001266e+00
9.99999999999992228e-01
1.00000000000000533e+00
1.00000000000000000e+00
9.99999999999997558e-01
1.00000000000000377e+00
1.00000000000000422e+00
9.99999999999997780e-01
9.99999999999996003e-01
9.99999999999992228e-01
9.99999999999991118e-01
1.00000000000000777e+00
9.99999999999986122e-01
9.99999999999997780e-01
9.99999999999998224e-01
9.99999999999989009e-01
1.00000000000000733e+00
1.00000000000000222e+00
1.00000000000000155e+00
1.00000000000000311e+00
1.00000000000000200e+00
9.99999999999995337e-01
1.00000000000000466e+00
1.00000000000000155e+00
9.99999999999991118e-01
9.99999999999995559e-01
9.99999999999991562e-01
1.00000000000000488e+00
9.99999999999997558e-01
9.99999999999984346e-01
1.00000000000000822e+00
1.00000000000000355e+00
9.99999999999997335e-01
9.99999999999997558e-01
9.99999999999993561e-01
1.00000000000000155e+00
9.99999999999995559e-01
9.99999999999992450e-01
1.00000000000000733e+00
1.00000000000000511e+00
1.00000000000000511e+00
1.00000000000000022e+00
1.00000000000000400e+00
1.00000000000000244e+00
9.99999999999987232e-01
1.00000000000000022e+00
1.00000000000000044e+00
1.00000000000000466e+00
1.00000000000000289e+00
9.99999999999998668e-01
9.99999999999998446e-01
1.00000000000000600e+00
1.00000000000000444e+00
1.00000000000000067e+00
9.99999999999996003e-01
1.00000000000000866e+00
9.99999999999999556e-01
9.99999999999997335e-01
9.99999999999998002e-01
1.00000000000000244e+00
9.99999999999999778e-01
9.99999999999992895e-01
1.00000000000000777e+00
9.99999999999999334e-01
9.99999999999996669e-01
9.99999999999996447e-01
9.99999999999988787e-01
9.99999999999999334e-01
9.99999999999989897e-01
9.99999999999996891e-01
1.00000000000000777e+00
9.99999999999999334e-01
9.99999999999995115e-01
9.99999999999996225e-01
1.00000000000000377e+00
1.00000000000000178e+00
1.00000000000000178e+00
1.00000000000000444e+00
9.99999999999999112e-01
9.99999999999998224e-01
9.99999999999994005e-01
9.99999999999997780e-01
9.99999999999998002e-01
1.00000000000000289e+00
9.99999999999998668e-01
1.00000000000000311e+00
9.99999999999995337e-01
1.00000000000000155e+00
9.99999999999992228e-01
1.00000000000000311e+00
1.00000000000000067e+00
1.00000000000000799e+00
1.00000000000000111e+00
1.00000000000000111e+00
9.99999999999993783e-01
1.00000000000000244e+00
1.00000000000000266e+00
9.99999999999996003e-01
1.00000000000000488e+00
1.00000000000000488e+00
1.00000000000000022e+00
9.99999999999997780e-01
9.99999999999995781e-01
9.99999999999993339e-01
9.99999999999997113e-01
1.00000000000000022e+00
1.00000000000000422e+00
1.00000000000000844e+00
1.00000000000000555e+00
1.00000000000000711e+00
9.99999999999989786e-01
1.00000000000000377e+00
1.00000000000000111e+00
1.00000000000001110e+00
1.00000000000001288e+00
9.99999999999989453e-01
9.99999999999994227e-01
1.00000000000000333e+00
9.99999999999986788e-01
1.00000000000000400e+00
9.99999999999999112e-01
1.00000000000000222e+00
9.99999999999993561e-01
9.99999999999996447e-01
9.99999999999980904e-01
1.00000000000000311e+00
9.99999999999999778e-01
9.99999999999986677e-01
9.99999999999998224e-01
9.99999999999987454e-01
1.00000000000001155e+00
9.99999999999994005e-01
9.99999999999991451e-01
9.99999999999987232e-01
1.00000000000000466e+00
1.00000000000000333e+00
1.00000000000000044e+00
9.99999999999995781e-01
9.99999999999997558e-01
1.00000000000000377e+00
1.00000000000000155e+00
1.00000000000001088e+00
1.00000000000000355e+00
1.00000000000001399e+00
1.00000000000001044e+00
1.00000000000000155e+00
9.99999999999999556e-01
9.99999999999989675e-01
1.00000000000001021e+00
1.00000000000000067e+00
1.00000000000000266e+00
1.00000000000000000e+00
1.00000000000000111e+00
1.00000000000000666e+00
9.99999999999995337e-01
9.99999999999992673e-01
1.00000000000000511e+00
1.00000000000000311e+00
1.00000000000000488e+00
9.99999999999997558e-01
1.00000000000001021e+00
9.99999999999992895e-01
1.00000000000000822e+00
1.00000000000000466e+00
1.00000000000000155e+00
1.00000000000000933e+00
9.99999999999998446e-01
1.00000000000000000e+00
1.00000000000000022e+00
1.00000000000000111e+00
1.00000000000000577e+00
9.99999999999998890e-01
1.00000000000000244e+00
1.00000000000000733e+00
9.99999999999997113e-01
9.99999999999991562e-01
1.00000000000000133e+00
1.00000000000000200e+00
1.00000000000000711e+00
9.99999999999994893e-01
9.99999999999999556e-01
1.00000000000000755e+00
9.99999999999996447e-01
1.00000000000000400e+00
1.00000000000000289e+00
1.00000000000000999e+00
1.00000000000000244e+00
1.00000000000000133e+00
9.99999999999993561e-01
9.99999999999996669e-01
1.00000000000000644e+00
1.00000000000000822e+00
1.00000000000000422e+00
1.00000000000001310e+00
9.99999999999986233e-01
9.99999999999992006e-01
9.99999999999995115e-01
1.00000000000000355e+00
1.00000000000000333e+00
1.00000000000000666e+00
9.99999999999999112e-01
9.99999999999997113e-01
1.00000000000000422e+00
1.00000000000000733e+00
1.00000000000000466e+00
9.99999999999996003e-01
1.00000000000000755e+00
9.99999999999998668e-01
1.00000000000000089e+00
1.00000000000000289e+00
9.99999999999991340e-01
1.00000000000000844e+00
1.00000000000000910e+00
1.00000000000000511e+00
9.99999999999995337e-01
1.00000000000000089e+00
9.99999999999989231e-01
1.00000000000000511e+00
9.99999999999993117e-01
9.99999999999987232e-01
1.00000000000000022e+00
9.99999999999994005e-01
9.99999999999998224e-01
1.00000000000000777e+00
9.99999999999996669e-01
9.99999999999999112e-01
1.00000000000000111e+00
9.99999999999991340e-01
9.99999999999994449e-01
1.00000000000001088e+00
9.99999999999997558e-01
9.99999999999993561e-01
1.00000000000000622e+00
1.00000000000000022e+00
9.99999999999999778e-01
9.99999999999995559e-01
1.00000000000000333e+00
9.99999999999996891e-01
1.00000000000000089e+00
1.00000000000001665e+00
1.00000000000000311e+00
9.99999999999992228e-01
1.00000000000000600e+00
9.99999999999995115e-01
9.99999999999996891e-01
1.00000000000000355e+00
9.99999999999997335e-01
9.99999999999996225e-01
9.99999999999998668e-01
1.00000000000000289e+00
1.00000000000000089e+00
1.00000000000000155e+00
1.00000000000000644e+00
1.00000000000000266e+00
9.99999999999995781e-01
1.00000000000000355e+00
1.00000000000000311e+00
9.99999999999996669e-01
1.00000000000000466e+00
1.00000000000000511e+00
1.00000000000001688e+00
1.00000000000000355e+00
1.00000000000000400e+00
9.99999999999998002e-01
9.99999999999992673e-01
1.00000000000000022e+00
1.00000000000000044e+00
9.99999999999994671e-01
9.99999999999995559e-01
1.00000000000000067e+00
9.99999999999995115e-01
1.00000000000000600e+00
1.00000000000000244e+00
1.00000000000000555e+00
9.99999999999982903e-01
9.99999999999991784e-01
9.99999999999998890e-01
9.99999999999995337e-01
1.00000000000000244e+00
9.99999999999992673e-01
9.99999999999998890e-01
9.99999999999998890e-01
1.00000000000000755e+00
9.99999999999993783e-01
9.99999999999996891e-01
1.00000000000000133e+00
1.00000000000000533e+00
9.99999999999993561e-01
1.00000000000000777e+00
9.99999999999991673e-01
9.99999999999977351e-01
1.00000000000001021e+00
9.99999999999995337e-01
1.00000000000000444e+00
1.00000000000000000e+00
9.99999999999998002e-01
9.99999999999999334e-01
9.99999999999998668e-01
9.99999999999998668e-01
9.99999999999992450e-01
9.99999999999991340e-01
9.99999999999991118e-01
1.00000000000000777e+00
1.00000000000000955e+00
1.00000000000000067e+00
9.99999999999994227e-01
9.99999999999988343e-01
1.00000000000001021e+00
1.00000000000000333e+00
1.00000000000000266e+00
9.99999999999998002e-01
1.00000000000000067e+00
1.00000000000000178e+00
1.00000000000000266e+00
9.99999999999996891e-01
1.00000000000000466e+00
9.99999999999999334e-01
1.00000000000000266e+00
1.00000000000000577e+00
1.00000000000000067e+00
9.99999999999993561e-01
9.99999999999995781e-01
1.00000000000000733e+00
9.99999999999988343e-01
1.00000000000000289e+00
1.00000000000000111e+00
1.00000000000000266e+00
9.99999999999999556e-01
1.00000000000000755e+00
9.99999999999993561e-01
1.00000000000000222e+00
1.00000000000000222e+00
1.00000000000000577e+00
9.99999999999998446e-01
9.99999999999999556e-01
1.00000000000000577e+00
9.99999999999984346e-01
9.99999999999990563e-01
1.00000000000000111e+00
1.00000000000000089e+00
1.00000000000000111e+00
1.00000000000000200e+00
9.99999999999998890e-01
9.99999999999994449e-01
1.00000000000000089e+00
9.99999999999990896e-01
1.00000000000000333e+00
1.00000000000000755e+00
1.00000000000000200e+00
9.99999999999997558e-01
1.00000000000000688e+00
9.99999999999986566e-01
1.00000000000000377e+00
9.99999999999993117e-01
1.00000000000000178e+00
9.99999999999998224e-01
9.99999999999989231e-01
9.99999999999997335e-01
9.99999999999993783e-01
9.99999999999997558e-01
9.99999999999994005e-01
1.00000000000000067e+00
1.00000000000000400e+00
1.00000000000000000e+00
9.99999999999990008e-01
1.00000000000000289e+00
1.00000000000000711e+00
9.99999999999997335e-01
9.99999999999993339e-01
1.00000000000000844e+00
1.00000000000000600e+00
9.99999999999990785e-01
1.00000000000000910e+00
9.99999999999995337e-01
9.99999999999994005e-01
9.99999999999997780e-01
9.99999999999998224e-01
9.99999999999997335e-01
1.00000000000000733e+00
9.99999999999998890e-01
1.00000000000000733e+00
9.99999999999998224e-01
9.99999999999995337e-01
1.00000000000000799e+00
1.00000000000000777e+00
1.00000000000000555e+00
9.99999999999995781e-01
1.00000000000000311e+00
9.99999999999995115e-01
9.99999999999985456e-01
1.00000000000000400e+00
1.00000000000000377e+00
1.00000000000000155e+00
1.00000000000000133e+00
1.00000000000000289e+00
1.00000000000000044e+00
1.00000000000000533e+00
9.99999999999993339e-01
1.00000000000000289e+00
9.99999999999996447e-01
1.00000000000000111e+00
1.00000000000000355e+00
1.00000000000000600e+00
1.00000000000000333e+00
9.99999999999996669e-01
1.00000000000000155e+00
9.99999999999990341e-01
9.99999999999990341e-01
1.00000000000000377e+00
1.00000000000000178e+00
9.99999999999996225e-01
1.00000000000000222e+00
1.00000000000000733e+00
9.99999999999998002e-01
9.99999999999999334e-01
1.00000000000000333e+00
1.00000000000001088e+00
1.00000000000000244e+00
9.99999999999990008e-01
9.99999999999996447e-01
1.00000000000000244e+00
1.00000000000000644e+00
9.99999999999995559e-01
9.99999999999985678e-01
1.00000000000000555e+00
9.99999999999995337e-01
9.99999999999995337e-01
1.00000000000000200e+00
1.00000000000000000e+00
9.99999999999994227e-01
1.00000000000001465e+00
9.99999999999991340e-01
9.99999999999994449e-01
9.99999999999995337e-01
9.99999999999994671e-01
1.00000000000000178e+00
9.99999999999999112e-01
9.99999999999999334e-01
9.99999999999995115e-01
1.00000000000000089e+00
9.99999999999994449e-01
9.99999999999996891e-01
1.00000000000001021e+00
1.00000000000001199e+00
9.99999999999995337e-01
1.00000000000000133e+00
9.99999999999994449e-01
1.00000000000000155e+00
1.00000000000000444e+00
1.00000000000000333e+00
1.00000000000000377e+00
1.00000000000000067e+00
9.99999999999994449e-01
1.00000000000000044e+00
1.00000000000000533e+00
9.99999999999999778e-01
1.00000000000000000e+00
1.00000000000000133e+00
1.00000000000001643e+00
1.00000000000000422e+00
1.00000000000000333e+00
1.00000000000000955e+00
9.99999999999997335e-01
1.00000000000000400e+00
9.99999999999989786e-01
9.99999999999997113e-01
9.99999999999993117e-01
9.99999999999994227e-01
9.99999999999993561e-01
9.99999999999999334e-01
9.99999999999995559e-01
9.99999999999990563e-01
1.00000000000000200e+00
1.00000000000000622e+00
1.00000000000000422e+00
9.99999999999991451e-01
1.00000000000000644e+00
9.99999999999994449e-01
9.99999999999999556e-01
1.00000000000000089e+00
9.99999999999999556e-01
1.00000000000000600e+00
1.00000000000000400e+00
1.00000000000000755e+00
9.99999999999999556e-01
9.99999999999994005e-01
9.99999999999996447e-01
9.99999999999997113e-01
1.00000000000000289e+00
1.00000000000001243e+00
9.99999999999994005e-01
1.00000000000001132e+00
9.99999999999999112e-01
1.00000000000000000e+00
1.00000000000000355e+00
9.99999999999994227e-01
9.99999999999992673e-01
1.00000000000000688e+00
1.00000000000001821e+00
9.99999999999992450e-01
1.00000000000000577e+00
1.00000000000000089e+00
9.99999999999993117e-01
1.00000000000000178e+00
9.99999999999991784e-01
9.99999999999995337e-01
9.99999999999996447e-01
9.99999999999990341e-01
1.00000000000000289e+00
1.00000000000000133e+00
1.00000000000000155e+00
1.00000000000000067e+00
9.99999999999996225e-01
9.99999999999993117e-01
1.00000000000000422e+00
9.99999999999995115e-01
9.99999999999996447e-01
1.00000000000000289e+00
1.00000000000000844e+00
1.00000000000000555e+00
1.00000000000000777e+00
9.99999999999990674e-01
9.99999999999994449e-01
1.00000000000000600e+00
9.99999999999990563e-01
9.99999999999983458e-01
1.00000000000000466e+00
9.99999999999996447e-01
1.00000000000000977e+00
1.00000000000000866e+00
9.99999999999989342e-01
9.99999999999993339e-01
1.00000000000001377e+00
1.00000000000000955e+00
1.00000000000000355e+00
1.00000000000000622e+00
1.00000000000000089e+00
9.99999999999990896e-01
9.99999999999998446e-01
9.99999999999996447e-01
9.99999999999999334e-01
9.99999999999997335e-01
9.99999999999989231e-01
9.99999999999994227e-01
9.99999999999998668e-01
9.99999999999999334e-01
1.00000000000000067e+00
1.00000000000001199e+00
1.00000000000000044e+00
9.99999999999999334e-01
1.00000000000000422e+00
1.00000000000000666e+00
9.99999999999998002e-01
1.00000000000000333e+00
9.99999999999998002e-01
9.99999999999999556e-01
9.99999999999993561e-01
9.99999999999990341e-01
9.99999999999997113e-01
1.00000000000000400e+00
1.00000000000000644e+00
9.99999999999994449e-01
1.00000000000000289e+00
9.99999999999993339e-01
9.99999999999997780e-01
1.00000000000001155e+00
9.99999999999997113e-01
9.99999999999996003e-01
1.00000000000001354e+00
9.99999999999998668e-01
9.99999999999995337e-01
1.00000000000000111e+00
9.99999999999991784e-01
9.99999999999993117e-01
9.99999999999996669e-01
9.99999999999999112e-01
9.99999999999999334e-01
1.00000000000000733e+00
1.00000000000000799e+00
1.00000000000000355e+00
1.00000000000001421e+00
1.00000000000000089e+00
9.99999999999993339e-01
9.99999999999996891e-01
1.00000000000000133e+00
9.99999999999998890e-01
9.99999999999996447e-01
1.00000000000000111e+00
9.99999999999996891e-01
1.00000000000000844e+00
9.99999999999991784e-01
1.00000000000000577e+00
9.99999999999999334e-01
1.00000000000001266e+00
1.00000000000001177e+00
1.00000000000000089e+00
1.00000000000000022e+00
9.99999999999993783e-01
1.00000000000001310e+00
9.99999999999997558e-01
1.00000000000000244e+00
9.99999999999998890e-01
1.00000000000000000e+00
9.99999999999996003e-01
1.00000000000000000e+00
1.00000000000000688e+00
1.00000000000000133e+00
9.99999999999994005e-01
9.99999999999998668e-01
1.00000000000000022e+00
9.99999999999994005e-01
9.99999999999994449e-01
9.99999999999986122e-01
9.99999999999989564e-01
1.00000000000001088e+00
9.99999999999997113e-01
9.99999999999989786e-01
1.00000000000001110e+00
9.99999999999998002e-01
1.00000000000000533e+00
1.00000000000000111e+00
1.00000000000000000e+00
1.00000000000000089e+00
1.00000000000000289e+00
1.00000000000000133e+00
1.00000000000000866e+00
9.99999999999996225e-01
9.99999999999989453e-01
9.99999999999993117e-01
1.00000000000000200e+00
9.99999999999999334e-01
9.99999999999996225e-01
1.00000000000000622e+00
1.00000000000000488e+00
1.00000000000000355e+00
9.99999999999999778e-01
1.00000000000000444e+00
9.99999999999994449e-01
1.00000000000001243e+00
9.99999999999999334e-01
1.00000000000001399e+00
1.00000000000000089e+00
9.99999999999989231e-01
9.99999999999992117e-01
1.00000000000000200e+00
9.99999999999998668e-01
9.99999999999991895e-01
9.99999999999998002e-01
1.00000000000000466e+00
9.99999999999999112e-01
1.00000000000000822e+00
9.99999999999990896e-01
1.00000000000000688e+00
9.99999999999996891e-01
1.00000000000000377e+00
1.00000000000001288e+00
9.99999999999995781e-01
9.99999999999997780e-01
1.00000000000000600e+00
9.99999999999995559e-01
9.99999999999996003e-01
1.00000000000000200e+00
1.00000000000000022e+00
1.00000000000001066e+00
9.99999999999999334e-01
1.00000000000000444e+00
1.00000000000000222e+00
9.99999999999993561e-01
9.99999999999998224e-01
9.99999999999994671e-01
9.99999999999987343e-01
9.99999999999996891e-01
1.00000000000000577e+00
1.00000000000000067e+00
1.00000000000000289e+00
9.99999999999999334e-01
9.99999999999982569e-01
9.99999999999997335e-01
9.99999999999995115e-01
9.99999999999992339e-01
1.00000000000000400e+00
9.99999999999998890e-01
1.00000000000001066e+00
9.99999999999998446e-01
1.00000000000000044e+00
1.00000000000000755e+00
1.00000000000000533e+00
1.00000000000000044e+00
9.99999999999998002e-01
9.99999999999992673e-01
9.99999999999998224e-01
1.00000000000000910e+00
1.00000000000000600e+00
9.99999999999993561e-01
1.00000000000000533e+00
9.99999999999998446e-01
9.99999999999996225e-01
9.99999999999999556e-01
1.00000000000000111e+00
9.99999999999994227e-01
1.00000000000000644e+00
1.00000000000000000e+00
9.99999999999994449e-01
9.99999999999993783e-01
9.99999999999998668e-01
1.00000000000000400e+00
1.00000000000000488e+00
9.99999999999993561e-01
9.99999999999999334e-01
9.99999999999990896e-01
9.99999999999999334e-01
9.99999999999996447e-01
1.00000000000000155e+00
9.99999999999996669e-01
9.99999999999999556e-01
1.00000000000000022e+00
9.99999999999995559e-01
1.00000000000000600e+00
9.99999999999991340e-01
9.99999999999999556e-01
1.00000000000001155e+00
9.99999999999999556e-01
1.00000000000001177e+00
9.99999999999998890e-01
1.00000000000000022e+00
1.00000000000000400e+00
9.99999999999996003e-01
9.99999999999995781e-01
9.99999999999997113e-01
9.99999999999995115e-01
9.99999999999996669e-01
1.00000000000000466e+00
9.99999999999996225e-01
9.99999999999998224e-01
1.00000000000000377e+00
9.99999999999999334e-01
9.99999999999998224e-01
1.00000000000000178e+00
9.99999999999993339e-01
9.99999999999983236e-01
1.00000000000000422e+00
9.99999999999992450e-01
9.99999999999999778e-01
9.99999999999996669e-01
9.99999999999989009e-01
9.99999999999994005e-01
9.99999999999991229e-01
1.00000000000000111e+00
9.99999999999997113e-01
1.00000000000000733e+00
9.99999999999994449e-01
9.99999999999991118e-01
9.99999999999994005e-01
1.00000000000000266e+00
1.00000000000000244e+00
1.00000000000001155e+00
1.00000000000000466e+00
1.00000000000000200e+00
9.99999999999990008e-01
1.00000000000000888e+00
1.00000000000000178e+00
1.00000000000001421e+00
1.00000000000000622e+00
1.00000000000001177e+00
9.99999999999998224e-01
1.00000000000000733e+00
1.00000000000000755e+00
9.99999999999994227e-01
1.00000000000000377e+00
1.00000000000000577e+00
1.00000000000000555e+00
9.99999999999999112e-01
1.00000000000000355e+00
9.99999999999998224e-01
9.99999999999999334e-01
1.00000000000001066e+00
1.00000000000000044e+00
1.00000000000000533e+00
9.99999999999989675e-01
1.00000000000001066e+00
1.00000000000000222e+00
9.99999999999995781e-01
1.00000000000001110e+00
9.99999999999997558e-01
1.00000000000001021e+00
1.00000000000000200e+00
9.99999999999993783e-01
1.00000000000000044e+00
1.00000000000000111e+00
1.00000000000000200e+00
1.00000000000000666e+00
9.99999999999996669e-01
9.99999999999992895e-01
1.00000000000000022e+00
9.99999999999994005e-01
9.99999999999999334e-01
9.99999999999999778e-01
1.00000000000000666e+00
9.99999999999991673e-01
1.00000000000000377e+00
1.00000000000000000e+00
1.00000000000000622e+00
9.99999999999999778e-01
1.00000000000000799e+00
1.00000000000000000e+00
9.99999999999993339e-01
9.99999999999998224e-01
1.00000000000000577e+00
1.00000000000000422e+00
1.00000000000000089e+00
9.99999999999999334e-01
1.00000000000000999e+00
1.00000000000000644e+00
9.99999999999995115e-01
9.99999999999985678e-01
1.00000000000000888e+00
1.00000000000001044e+00
9.99999999999992895e-01
1.00000000000000688e+00
9.99999999999991784e-01
9.99999999999988232e-01
9.99999999999999334e-01
9.99999999999999334e-01
1.00000000000000044e+00
1.00000000000000266e+00
1.00000000000000400e+00
9.99999999999997780e-01
1.00000000000000067e+00
1.00000000000000377e+00
1.00000000000000022e+00
1.00000000000000866e+00
9.99999999999994671e-01
9.99999999999994671e-01
1.00000000000000022e+00
9.99999999999989120e-01
1.00000000000000400e+00
1.00000000000000577e+00
9.99999999999995781e-01
9.99999999999996225e-01
1.00000000000001643e+00
9.99999999999997113e-01
9.99999999999987788e-01
1.00000000000000266e+00
1.00000000000000733e+00
9.99999999999992673e-01
1.00000000000000711e+00
1.00000000000000822e+00
1.00000000000001421e+00
1.00000000000000577e+00
1.00000000000000333e+00
9.99999999999993450e-01
9.99999999999995559e-01
9.99999999999991340e-01
9.99999999999997558e-01
1.00000000000000244e+00
9.99999999999998890e-01
1.00000000000000178e+00
1.00000000000000666e+00
9.99999999999994227e-01
1.00000000000000777e+00
1.00000000000000155e+00
9.99999999999999334e-01
1.00000000000000733e+00
9.99999999999996669e-01
9.99999999999992117e-01
9.99999999999988121e-01
1.00000000000000577e+00
1.00000000000000333e+00
9.99999999999999778e-01
9.99999999999993561e-01
9.99999999999999112e-01
1.00000000000000799e+00
9.99999999999988454e-01
9.99999999999998002e-01
9.99999999999998446e-01
1.00000000000000333e+00
9.99999999999994671e-01
9.99999999999997113e-01
9.99999999999995559e-01
1.00000000000000622e+00
1.00000000000000289e+00
1.00000000000000799e+00
9.99999999999997780e-01
9.99999999999996447e-01
1.00000000000000133e+00
9.99999999999997113e-01
1.00000000000000111e+00
9.99999999999997335e-01
1.00000000000000688e+00
1.00000000000000799e+00
1.00000000000000000e+00
1.00000000000000933e+00
9.99999999999994893e-01
1.00000000000000022e+00
9.99999999999993783e-01
9.99999999999989453e-01
1.00000000000001110e+00
1.00000000000000977e+00
9.99999999999994671e-01
1.00000000000000133e+00
9.99999999999997558e-01
1.00000000000000355e+00
9.99999999999994449e-01
1.00000000000001221e+00
1.00000000000000555e+00
1.00000000000000377e+00
1.00000000000000377e+00
1.00000000000000377e+00
1.00000000000000466e+00
9.99999999999998002e-01
1.00000000000000933e+00
1.00000000000000178e+00
1.00000000000000222e+00
9.99999999999998002e-01
9.99999999999990563e-01
9.99999999999993339e-01
1.00000000000000822e+00
1.00000000000000444e+00
1.00000000000000577e+00
9.99999999999995559e-01
9.99999999999992228e-01
1.00000000000000799e+00
9.99999999999993783e-01
1.00000000000001599e+00
9.99999999999994893e-01
9.99999999999989564e-01
9.99999999999995115e-01
1.00000000000000044e+00
9.99999999999996447e-01
9.99999999999993561e-01
1.00000000000000244e+00
9.99999999999996003e-01
9.99999999999994671e-01
9.99999999999996003e-01
1.00000000000001066e+00
1.00000000000000622e+00
1.00000000000000111e+00
9.99999999999998002e-01
1.00000000000000866e+00
9.99999999999991340e-01
1.00000000000000799e+00
9.99999999999991562e-01
9.99999999999990896e-01
1.00000000000000200e+00
1.00000000000000355e+00
1.00000000000000222e+00
9.99999999999987010e-01
1.00000000000000333e+00
9.99999999999998224e-01
1.00000000000000555e+00
1.00000000000001554e+00
9.99999999999998890e-01
1.00000000000000311e+00
9.99999999999999334e-01
9.99999999999984235e-01
1.00000000000000511e+00
1.00000000000000289e+00
9.99999999999995337e-01
1.00000000000000444e+00
1.00000000000000022e+00
9.99999999999993783e-01
1.00000000000000688e+00
9.99999999999995337e-01
9.99999999999993117e-01
1.00000000000000222e+00
9.99999999999998224e-01
1.00000000000000377e+00
1.00000000000000488e+00
1.00000000000000577e+00
9.99999999999997335e-01
9.99999999999982236e-01
1.00000000000000644e+00
1.00000000000000400e+00
9.99999999999997113e-01
9.99999999999996891e-01
1.00000000000000111e+00
9.99999999999996003e-01
1.00000000000000022e+00
1.00000000000000377e+00
1.00000000000001021e+00
1.00000000000000355e+00
9.99999999999993339e-01
1.00000000000000289e+00
9.99999999999996225e-01
1.00000000000000044e+00
9.99999999999993561e-01
1.00000000000000044e+00
9.99999999999996891e-01
1.00000000000000155e+00
1.00000000000000533e+00
9.99999999999997113e-01
1.00000000000000533e+00
9.99999999999991784e-01
1.00000000000000555e+00
9.99999999999999334e-01
1.00000000000000866e+00
9.99999999999990896e-01
1.00000000000000133e+00
9.99999999999992006e-01
9.99999999999998002e-01
9.99999999999999556e-01
1.00000000000000422e+00
1.00000000000000222e+00
9.99999999999996891e-01
1.00000000000000444e+00
1.00000000000000089e+00
1.00000000000001332e+00
9.99999999999998446e-01
1.00000000000000777e+00
9.99999999999987343e-01
9.99999999999998446e-01
1.00000000000000000e+00
1.00000000000001066e+00
1.00000000000000355e+00
1.00000000000000178e+00
9.99999999999997780e-01
1.00000000000000999e+00
9.99999999999997780e-01
9.99999999999994671e-01
9.99999999999995115e-01
9.99999999999996669e-01
9.99999999999997113e-01
9.99999999999998446e-01
1.00000000000000178e+00
9.99999999999994671e-01
9.99999999999998890e-01
9.99999999999996447e-01
1.00000000000000755e+00
1.00000000000001421e+00
1.00000000000001221e+00
1.00000000000000022e+00
9.99999999999996447e-01
1.00000000000000222e+00
9.99999999999992895e-01
9.99999999999994449e-01
1.00000000000000511e+00
9.99999999999995337e-01
1.00000000000000822e+00
9.99999999999998890e-01
9.99999999999998668e-01
9.99999999999996669e-01
9.99999999999995781e-01
9.99999999999996003e-01
1.00000000000000755e+00
1.00000000000000444e+00
9.99999999999994449e-01
1.00000000000000733e+00
9.99999999999997558e-01
1.00000000000000688e+00
9.99999999999991118e-01
1.00000000000000155e+00
9.99999999999997558e-01
9.99999999999996891e-01
9.99999999999995115e-01
1.00000000000000155e+00
1.00000000000000466e+00
1.00000000000000200e+00
1.00000000000001243e+00
9.99999999999996891e-01
9.99999999999999556e-01
1.00000000000000999e+00
1.00000000000000999e+00
9.99999999999993783e-01
1.00000000000000577e+00
9.99999999999993339e-01
9.99999999999993117e-01
1.00000000000000755e+00
9.99999999999993783e-01
1.00000000000000244e+00
1.00000000000000266e+00
9.99999999999999778e-01
1.00000000000000644e+00
1.00000000000000600e+00
1.00000000000000955e+00
9.99999999999998002e-01
1.00000000000000178e+00
1.00000000000000355e+00
1.00000000000000466e+00
1.00000000000000666e+00
1.00000000000000067e+00
9.99999999999995781e-01
9.99999999999999334e-01
9.99999999999995115e-01
1.00000000000000466e+00
9.99999999999987677e-01
9.99999999999996447e-01
9.99999999999992117e-01
1.00000000000000155e+00
1.00000000000000711e+00
1.00000000000000377e+00
9.99999999999995115e-01
9.99999999999995559e-01
1.00000000000000000e+00
1.00000000000000111e+00
9.99999999999997113e-01
1.00000000000000910e+00
9.99999999999997558e-01
9.99999999999999778e-01
1.00000000000000533e+00
1.00000000000000266e+00
9.99999999999997113e-01
1.00000000000000933e+00
9.99999999999996891e-01
1.00000000000000133e+00
9.99999999999999334e-01
9.99999999999996891e-01
9.99999999999998668e-01
1.00000000000000266e+00
1.00000000000000355e+00
9.99999999999998002e-01
1.00000000000000311e+00
1.00000000000000355e+00
9.99999999999989786e-01
1.00000000000000533e+00
1.00000000000000977e+00
1.00000000000000600e+00
1.00000000000000955e+00
9.99999999999997780e-01
1.00000000000001021e+00
1.00000000000000600e+00
9.99999999999995781e-01
1.00000000000000910e+00
9.99999999999994005e-01
9.99999999999995781e-01
1.00000000000000222e+00
1.00000000000000777e+00
1.00000000000000178e+00
9.99999999999996669e-01
9.99999999999997558e-01
1.00000000000000333e+00
9.99999999999983902e-01
1.00000000000000067e+00
1.00000000000000044e+00
9.99999999999990452e-01
1.00000000000000133e+00
1.00000000000000311e+00
9.99999999999986788e-01
9.99999999999985012e-01
9.99999999999990785e-01
9.99999999999989009e-01
9.99999999999995115e-01
9.99999999999993339e-01
9.99999999999991562e-01
9.99999999999990674e-01
1.00000000000000888e+00
1.00000000000000466e+00
1.00000000000000822e+00
9.99999999999990452e-01
1.00000000000000244e+00
9.99999999999998446e-01
1.00000000000000089e+00
9.99999999999991784e-01
1.00000000000000511e+00
1.00000000000000289e+00
9.99999999999999334e-01
9.99999999999991895e-01
9.99999999999997335e-01
9.99999999999997335e-01
1.00000000000000200e+00
1.00000000000000488e+00
9.99999999999998890e-01
1.00000000000000067e+00
1.00000000000000600e+00
9.99999999999996891e-01
1.00000000000000622e+00
1.00000000000000178e+00
9.99999999999995781e-01
9.99999999999998224e-01
9.99999999999998224e-01
9.99999999999995781e-01
1.00000000000001199e+00
9.99999999999985456e-01
1.00000000000000377e+00
9.99999999999993561e-01
1.00000000000000311e+00
1.00000000000000222e+00
9.99999999999998002e-01
9.99999999999992673e-01
1.00000000000000600e+00
9.99999999999998002e-01
9.99999999999993117e-01
9.99999999999996225e-01
9.99999999999993783e-01
9.99999999999999556e-01
9.99999999999998446e-01
9.99999999999992450e-01
1.00000000000000511e+00
1.00000000000000355e+00
1.00000000000000377e+00
9.99999999999986122e-01
9.99999999999998668e-01
9.99999999999997780e-01
1.00000000000000333e+00
9.99999999999992673e-01
9.99999999999998668e-01
1.00000000000000311e+00
1.00000000000000289e+00
1.00000000000000022e+00
1.00000000000000533e+00
9.99999999999996447e-01
1.00000000000000244e+00
1.00000000000000200e+00
1.00000000000000488e+00
1.00000000000000155e+00
9.99999999999982792e-01
1.00000000000000289e+00
1.00000000000001554e+00
9.99999999999991451e-01
1.00000000000001221e+00
1.00000000000000511e+00
9.99999999999996447e-01
9.99999999999998668e-01
1.00000000000001044e+00
9.99999999999999334e-01
1.00000000000000688e+00
1.00000000000000111e+00
9.99999999999998890e-01
1.00000000000000022e+00
1.00000000000000733e+00
1.00000000000000000e+00
1.00000000000000400e+00
9.99999999999999334e-01
9.99999999999985900e-01
9.99999999999999334e-01
9.99999999999998002e-01
1.00000000000000755e+00
9.99999999999995337e-01
1.00000000000000000e+00
1.00000000000000711e+00
1.00000000000000777e+00
9.99999999999993783e-01
9.99999999999998668e-01
1.00000000000000377e+00
9.99999999999989564e-01
9.99999999999992228e-01
9.99999999999994227e-01
9.99999999999996225e-01
9.99999999999999334e-01
9.99999999999989453e-01
1.00000000000000711e+00
9.99999999999992117e-01
1.00000000000000511e+00
1.00000000000000688e+00
1.00000000000000044e+00
9.99999999999997113e-01
9.99999999999998668e-01
1.00000000000000977e+00
1.00000000000000488e+00
1.00000000000000555e+00
1.00000000000000133e+00
1.00000000000000955e+00
1.00000000000001354e+00
1.00000000000000155e+00
1.00000000000000955e+00
9.99999999999999112e-01
9.99999999999992895e-01
1.00000000000000799e+00
9.99999999999990341e-01
1.00000000000000244e+00
1.00000000000000555e+00
9.99999999999988010e-01
1.00000000000000377e+00
1.00000000000000577e+00
1.00000000000000222e+00
1.00000000000000466e+00
1.00000000000000311e+00
9.99999999999997780e-01
9.99999999999990008e-01
9.99999999999994005e-01
9.99999999999991562e-01
1.00000000000000089e+00
1.00000000000000422e+00
9.99999999999994893e-01
9.99999999999991229e-01
1.00000000000001288e+00
9.99999999999993450e-01
9.99999999999989342e-01
1.00000000000000688e+00
9.99999999999993561e-01
1.00000000000000133e+00
9.99999999999986455e-01
1.00000000000000866e+00
9.99999999999997780e-01
9.99999999999994227e-01
9.99999999999998890e-01
1.00000000000000222e+00
1.00000000000001577e+00
1.00000000000000111e+00
9.99999999999997113e-01
9.99999999999987010e-01
1.00000000000000333e+00
9.99999999999996225e-01
9.99999999999994227e-01
9.99999999999985123e-01
9.99999999999995559e-01
9.99999999999985567e-01
9.99999999999994005e-01
1.00000000000000577e+00
9.99999999999997558e-01
1.00000000000000133e+00
1.00000000000000244e+00
9.99999999999987010e-01
1.00000000000000511e+00
9.99999999999996891e-01
1.00000000000000155e+00
1.00000000000000711e+00
1.00000000000000089e+00
9.99999999999997558e-01
9.99999999999990341e-01
1.00000000000000422e+00
9.99999999999990452e-01
1.00000000000000488e+00
1.00000000000000222e+00
1.00000000000000466e+00
1.00000000000000044e+00
1.00000000000001354e+00
1.00000000000000178e+00
9.99999999999988898e-01
9.99999999999996003e-01
9.99999999999994449e-01
9.99999999999992895e-01
9.99999999999996003e-01
9.99999999999989897e-01
1.00000000000001066e+00
1.00000000000000311e+00
9.99999999999998002e-01
1.00000000000000555e+00
1.00000000000000955e+00
1.00000000000000577e+00
1.00000000000000333e+00
1.00000000000000044e+00
9.99999999999990674e-01
1.00000000000001021e+00
1.00000000000000377e+00
9.99999999999998890e-01
1.00000000000000711e+00
1.00000000000000777e+00
1.00000000000000044e+00
9.99999999999988343e-01
1.00000000000000777e+00
1.00000000000000044e+00
9.99999999999999556e-01
1.00000000000000444e+00
9.99999999999999556e-01
1.00000000000000799e+00
9.99999999999988010e-01
9.99999999999997113e-01
9.99999999999993783e-01
9.99999999999997780e-01
1.00000000000000244e+00
1.00000000000000422e+00
1.00000000000000466e+00
1.00000000000000444e+00
9.99999999999992673e-01
1.00000000000000755e+00
9.99999999999998224e-01
1.00000000000001488e+00
9.99999999999996447e-01
1.00000000000000178e+00
9.99999999999994671e-01
9.99999999999998890e-01
1.00000000000000777e+00
1.00000000000000666e+00
1.00000000000000067e+00
1.00000000000001088e+00
9.99999999999994449e-01
1.00000000000000044e+00
9.99999999999996447e-01
9.99999999999999778e-01
1.00000000000000866e+00
1.00000000000000644e+00
1.00000000000000822e+00
1.00000000000000377e+00
1.00000000000000577e+00
9.99999999999995559e-01
1.00000000000000044e+00
9.99999999999999334e-01
1.00000000000000866e+00
9.99999999999999556e-01
9.99999999999996003e-01
9.99999999999995337e-01
1.00000000000000044e+00
1.00000000000000200e+00
1.00000000000000444e+00
1.00000000000000977e+00
9.99999999999994449e-01
9.99999999999998002e-01
1.00000000000000355e+00
1.00000000000000688e+00
9.99999999999996669e-01
1.00000000000000111e+00
1.00000000000000555e+00
9.99999999999991451e-01
1.00000000000000422e+00
9.99999999999998002e-01
1.00000000000000511e+00
9.99999999999990896e-01
9.99999999999996003e-01
1.00000000000001354e+00
1.00000000000000933e+00
9.99999999999998002e-01
1.00000000000000466e+00
1.00000000000000511e+00
9.99999999999993561e-01
9.99999999999992673e-01
1.00000000000000355e+00
1.00000000000000355e+00
1.00000000000000155e+00
9.99999999999997113e-01
9.99999999999998668e-01
1.00000000000000711e+00
9.99999999999990785e-01
9.99999999999996891e-01
1.00000000000000555e+00
1.00000000000000999e+00
1.00000000000000155e+00
9.99999999999991784e-01
9.99999999999997558e-01
1.00000000000000266e+00
1.00000000000000022e+00
9.99999999999996447e-01
9.99999999999991562e-01
1.00000000000000022e+00
9.99999999999993339e-01
9.99999999999988787e-01
9.99999999999999112e-01
1.00000000000000622e+00
9.99999999999999112e-01
1.00000000000000155e+00
1.00000000000000111e+00
9.99999999999995337e-01
9.99999999999988010e-01
9.99999999999999334e-01
1.00000000000000711e+00
9.99999999999999112e-01
1.00000000000000355e+00
1.00000000000000755e+00
1.00000000000000644e+00
1.00000000000000577e+00
1.00000000000000666e+00
9.99999999999992450e-01
9.99999999999995337e-01
9.99999999999994671e-01
9.99999999999998890e-01
9.99999999999994671e-01
9.99999999999989453e-01
9.99999999999993561e-01
1.00000000000000222e+00
9.99999999999991340e-01
9.99999999999986899e-01
1.00000000000000044e+00
1.00000000000000044e+00
9.99999999999989120e-01
9.99999999999999778e-01
9.99999999999996891e-01
9.99999999999991784e-01
1.00000000000000200e+00
1.00000000000000311e+00
1.00000000000000600e+00
1.00000000000001132e+00
9.99999999999997780e-01
9.99999999999989009e-01
9.99999999999999556e-01
9.99999999999999112e-01
1.00000000000000000e+00
9.99999999999997113e-01
1.00000000000001155e+00
1.00000000000001088e+00
1.00000000000000466e+00
1.00000000000000000e+00
1.00000000000000222e+00
1.00000000000000111e+00
1.00000000000000311e+00
9.99999999999989231e-01
9.99999999999988565e-01
9.99999999999995781e-01
9.99999999999996891e-01
1.00000000000000511e+00
9.99999999999998446e-01
9.99999999999993450e-01
1.00000000000000000e+00
1.00000000000000733e+00
9.99999999999997113e-01
1.00000000000000600e+00
9.99999999999996003e-01
1.00000000000000511e+00
1.00000000000000266e+00
1.00000000000000377e+00
1.00000000000000111e+00
1.00000000000001044e+00
9.99999999999997558e-01
1.00000000000001066e+00
1.00000000000000600e+00
9.99999999999991229e-01
1.00000000000000067e+00
9.99999999999990563e-01
9.99999999999998668e-01
9.99999999999999334e-01
1.00000000000000067e+00
1.00000000000000377e+00
9.99999999999999112e-01
1.00000000000000022e+00
1.00000000000000111e+00
9.99999999999998668e-01
9.99999999999988454e-01
1.00000000000000422e+00
9.99999999999996225e-01
9.99999999999990452e-01
9.99999999999998224e-01
9.99999999999999334e-01
9.99999999999997780e-01
9.99999999999993117e-01
9.99999999999998668e-01
9.99999999999994671e-01
1.00000000000000577e+00
1.00000000000000910e+00
9.99999999999988676e-01
9.99999999999994005e-01
9.99999999999985789e-01
9.99999999999996003e-01
1.00000000000000866e+00
9.99999999999986233e-01
9.99999999999998446e-01
1.00000000000000910e+00
1.00000000000000488e+00
1.00000000000000022e+00
9.99999999999996225e-01
9.99999999999993561e-01
1.00000000000001665e+00
9.99999999999993006e-01
1.00000000000000044e+00
1.00000000000000266e+00
9.99999999999995559e-01
9.99999999999996225e-01
1.00000000000000910e+00
9.99999999999994005e-01
9.99999999999998890e-01
9.99999999999995559e-01
9.99999999999998002e-01
1.00000000000000600e+00
9.99999999999984124e-01
1.00000000000000888e+00
9.99999999999992673e-01
9.99999999999995115e-01
9.99999999999997335e-01
9.99999999999998446e-01
9.99999999999999556e-01
9.99999999999995559e-01
9.99999999999996891e-01
1.00000000000000733e+00
9.99999999999999112e-01
9.99999999999996225e-01
9.99999999999999556e-01
1.00000000000000333e+00
1.00000000000000400e+00
1.00000000000000688e+00
9.99999999999997780e-01
1.00000000000000444e+00
9.99999999999995559e-01
9.99999999999998668e-01
1.00000000000000266e+00
1.00000000000000444e+00
9.99999999999997558e-01
9.99999999999991673e-01
9.99999999999991007e-01
9.99999999999993561e-01
1.00000000000000933e+00
9.99999999999994449e-01
9.99999999999995337e-01
9.99999999999996003e-01
9.99999999999996003e-01
1.00000000000001577e+00
9.99999999999982569e-01
1.00000000000000466e+00
1.00000000000000089e+00
9.99999999999995559e-01
9.99999999999988787e-01
9.99999999999996225e-01
9.99999999999989675e-01
1.00000000000001066e+00
1.00000000000000377e+00
9.99999999999997335e-01
9.99999999999992895e-01
1.00000000000000022e+00
1.00000000000000022e+00
1.00000000000001399e+00
1.00000000000000444e+00
9.99999999999993561e-01
9.99999999999991784e-01
9.99999999999999334e-01
1.00000000000001821e+00
9.99999999999979905e-01
1.00000000000000200e+00
1.00000000000000688e+00
9.99999999999996003e-01
9.99999999999998668e-01
1.00000000000000022e+00
1.00000000000000422e+00
9.99999999999999778e-01
9.99999999999996669e-01
1.00000000000000533e+00
9.99999999999988898e-01
1.00000000000000311e+00
9.99999999999999778e-01
1.00000000000000333e+00
9.99999999999998224e-01
1.00000000000000155e+00
1.00000000000000622e+00
9.99999999999991340e-01
1.00000000000000444e+00
9.99999999999999556e-01
1.00000000000000089e+00
9.99999999999983902e-01
1.00000000000000222e+00
1.00000000000000089e+00
9.99999999999994005e-01
9.99999999999990896e-01
9.99999999999985789e-01
9.99999999999999334e-01
9.99999999999996669e-01
9.99999999999998002e-01
9.99999999999999778e-01
1.00000000000000755e+00
9.99999999999999112e-01
9.99999999999987454e-01
9.99999999999992673e-01
9.99999999999989897e-01
1.00000000000000733e+00
9.99999999999992895e-01
1.00000000000000777e+00
9.99999999999992339e-01
9.99999999999999556e-01
9.99999999999997780e-01
1.00000000000000400e+00
9.99999999999984901e-01
9.99999999999995115e-01
9.99999999999996891e-01
9.99999999999999556e-01
9.99999999999998890e-01
9.99999999999992228e-01
9.99999999999995115e-01
9.99999999999998002e-01
9.99999999999996447e-01
9.99999999999987899e-01
9.99999999999990341e-01
1.00000000000000044e+00
1.00000000000000200e+00
1.00000000000000178e+00
9.99999999999993561e-01
1.00000000000000311e+00
9.99999999999989120e-01
9.99999999999994671e-01
1.00000000000000711e+00
9.99999999999996447e-01
1.00000000000000244e+00
9.99999999999998446e-01
1.00000000000000999e+00
9.99999999999997780e-01
9.99999999999997780e-01
1.00000000000000444e+00
9.99999999999996225e-01
9.99999999999999778e-01
9.99999999999994227e-01
1.00000000000000155e+00
9.99999999999981237e-01
9.99999999999993561e-01
9.99999999999993006e-01
1.00000000000000711e+00
1.00000000000000466e+00
1.00000000000000155e+00
1.00000000000000777e+00
9.99999999999992228e-01
1.00000000000000111e+00
9.99999999999994227e-01
1.00000000000000422e+00
1.00000000000000555e+00
1.00000000000000511e+00
1.00000000000000488e+00
1.00000000000000044e+00
1.00000000000000400e+00
9.99999999999993339e-01
1.00000000000000089e+00
1.00000000000000311e+00
1.00000000000000688e+00
1.00000000000000400e+00
9.99999999999996447e-01
1.00000000000000089e+00
9.99999999999992450e-01
1.00000000000001377e+00
9.99999999999997113e-01
1.00000000000000666e+00
9.99999999999996669e-01
1.00000000000001132e+00
9.99999999999992228e-01
9.99999999999996447e-01
9.99999999999985012e-01
9.99999999999998224e-01
9.99999999999989453e-01
1.00000000000000977e+00
1.00000000000000866e+00
9.99999999999993561e-01
1.00000000000001110e+00
9.99999999999992895e-01
1.00000000000000533e+00
9.99999999999995781e-01
1.00000000000000333e+00
1.00000000000000577e+00
1.00000000000001044e+00
9.99999999999999112e-01
9.99999999999996447e-01
1.00000000000000555e+00
1.00000000000001177e+00
1.00000000000000777e+00
9.99999999999994449e-01
9.99999999999995115e-01
1.00000000000000622e+00
1.00000000000000355e+00
9.99999999999989453e-01
1.00000000000000666e+00
1.00000000000000133e+00
9.99999999999992228e-01
9.99999999999999556e-01
9.99999999999989342e-01
1.00000000000000222e+00
1.00000000000000644e+00
1.00000000000001021e+00
1.00000000000000355e+00
9.99999999999996891e-01
1.00000000000000799e+00
9.99999999999998002e-01
9.99999999999996447e-01
1.00000000000000178e+00
1.00000000000000200e+00
9.99999999999993006e-01
1.00000000000000400e+00
1.00000000000000622e+00
9.99999999999996003e-01
1.00000000000000488e+00
1.00000000000000178e+00
1.00000000000000000e+00
9.99999999999996003e-01
9.99999999999989564e-01
9.99999999999996003e-01
1.00000000000000733e+00
1.00000000000000533e+00
9.99999999999997558e-01
1.00000000000000488e+00
9.99999999999996447e-01
9.99999999999992450e-01
1.00000000000001110e+00
1.00000000000000799e+00
1.00000000000000178e+00
9.99999999999977796e-01
1.00000000000001110e+00
1.00000000000000910e+00
1.00000000000000000e+00
1.00000000000000266e+00
9.99999999999999112e-01
1.00000000000000000e+00
9.99999999999994005e-01
9.99999999999998002e-01
9.99999999999999778e-01
9.99999999999998668e-01
1.00000000000000266e+00
9.99999999999989675e-01
9.99999999999998446e-01
9.99999999999994227e-01
9.99999999999992117e-01
1.00000000000000755e+00
1.00000000000000488e+00
1.00000000000000511e+00
1.00000000000000622e+00
9.99999999999996447e-01
9.99999999999997558e-01
1.00000000000000666e+00
1.00000000000000289e+00
1.00000000000000777e+00
1.00000000000000888e+00
1.00000000000000577e+00
9.99999999999997780e-01
9.99999999999992006e-01
9.99999999999997780e-01
1.00000000000000178e+00
9.99999999999996447e-01
1.00000000000000777e+00
9.99999999999995337e-01
1.00000000000001021e+00
1.00000000000000089e+00
1.00000000000000222e+00
9.99999999999997558e-01
1.00000000000000511e+00
9.99999999999993783e-01
1.00000000000000355e+00
9.99999999999998890e-01
1.00000000000000089e+00
1.00000000000000555e+00
1.00000000000000200e+00
1.00000000000000333e+00
9.99999999999995115e-01
1.00000000000000000e+00
1.00000000000000666e+00
9.99999999999993783e-01
9.99999999999998446e-01
9.99999999999991562e-01
1.00000000000000222e+00
1.00000000000000311e+00
9.99999999999994671e-01
1.00000000000000222e+00
9.99999999999998224e-01
9.99999999999990452e-01
1.00000000000001110e+00
1.00000000000000022e+00
1.00000000000001465e+00
9.99999999999999778e-01
9.99999999999996669e-01
1.00000000000000799e+00
1.00000000000000955e+00
1.00000000000000311e+00
9.99999999999994005e-01
9.99999999999994005e-01
9.99999999999988232e-01
9.99999999999992450e-01
9.99999999999999112e-01
1.00000000000000511e+00
1.00000000000000488e+00
9.99999999999999112e-01
9.99999999999995559e-01
9.99999999999993561e-01
1.00000000000000089e+00
9.99999999999992673e-01
9.99999999999991118e-01
9.99999999999991784e-01
1.00000000000001532e+00
1.00000000000000910e+00
9.99999999999996225e-01
9.99999999999995781e-01
9.99999999999998668e-01
1.00000000000000000e+00
1.00000000000000155e+00
1.00000000000000422e+00
9.99999999999996891e-01
9.99999999999996669e-01
1.00000000000000089e+00
9.99999999999994449e-01
1.00000000000000200e+00
9.99999999999999112e-01
1.00000000000000422e+00
1.00000000000000466e+00
9.99999999999987899e-01
1.00000000000000333e+00
1.00000000000001110e+00
9.99999999999993783e-01
9.99999999999998224e-01
1.00000000000000067e+00
9.99999999999996891e-01
1.00000000000000266e+00
1.00000000000000422e+00
9.99999999999997558e-01
1.00000000000000155e+00
1.00000000000001199e+00
1.00000000000000111e+00
1.00000000000000511e+00
9.99999999999996447e-01
1.00000000000000533e+00
1.00000000000000400e+00
9.99999999999997113e-01
9.99999999999989231e-01
9.99999999999999334e-01
9.99999999999993117e-01
9.99999999999995337e-01
1.00000000000000155e+00
9.99999999999994227e-01
9.99999999999998224e-01
9.99999999999988898e-01
9.99999999999996669e-01
9.99999999999997335e-01
9.99999999999999778e-01
1.00000000000000711e+00
9.99999999999998224e-01
1.00000000000000822e+00
9.99999999999984790e-01
1.00000000000000955e+00
9.99999999999981903e-01
1.00000000000000333e+00
1.00000000000000200e+00
1.00000000000000289e+00
1.00000000000000822e+00
1.00000000000000555e+00
9.99999999999996669e-01
1.00000000000000400e+00
1.00000000000000266e+00
1.00000000000000311e+00
1.00000000000000466e+00
1.00000000000000777e+00
9.99999999999989120e-01
1.00000000000001221e+00
9.99999999999994227e-01
9.99999999999992673e-01
9.99999999999983680e-01
9.99999999999991784e-01
1.00000000000000377e+00
9.99999999999991895e-01
1.00000000000000466e+00
9.99999999999996003e-01
1.00000000000000089e+00
1.00000000000000222e+00
1.00000000000000200e+00
9.99999999999986011e-01
9.99999999999995781e-01
9.99999999999993783e-01
1.00000000000000222e+00
9.99999999999994671e-01
9.99999999999997335e-01
1.00000000000000688e+00
9.99999999999990452e-01
1.00000000000000089e+00
9.99999999999999334e-01
1.00000000000000866e+00
9.99999999999996447e-01
9.99999999999993561e-01
9.99999999999996225e-01
1.00000000000000133e+00
9.99999999999993561e-01
1.00000000000001021e+00
1.00000000000000178e+00
1.00000000000001399e+00
1.00000000000000111e+00
1.00000000000001221e+00
1.00000000000000289e+00
9.99999999999995337e-01
9.99999999999998002e-01
1.00000000000000178e+00
9.99999999999991784e-01
9.99999999999999778e-01
9.99999999999995559e-01
9.99999999999995781e-01
9.99999999999995781e-01
1.00000000000000822e+00
9.99999999999984790e-01
1.00000000000000422e+00
9.99999999999993339e-01
9.99999999999993561e-01
9.99999999999994893e-01
9.99999999999999112e-01
1.00000000000001399e+00
9.99999999999998002e-01
9.99999999999996225e-01
1.00000000000000178e+00
9.99999999999994893e-01
9.99999999999993783e-01
1.00000000000000266e+00
1.00000000000000866e+00
1.00000000000000688e+00
1.00000000000000999e+00
9.99999999999998446e-01
9.99999999999996669e-01
1.00000000000000089e+00
9.99999999999999778e-01
1.00000000000000222e+00
1.00000000000000466e+00
1.00000000000000422e+00
9.99999999999992228e-01
9.99999999999989342e-01
9.99999999999990674e-01
1.00000000000000422e+00
1.00000000000000022e+00
1.00000000000000200e+00
9.99999999999995781e-01
1.00000000000000977e+00
9.99999999999994005e-01
1.00000000000000733e+00
9.99999999999991895e-01
9.99999999999997335e-01
9.99999999999989120e-01
9.99999999999985345e-01
1.00000000000000111e+00
1.00000000000000133e+00
9.99999999999998002e-01
1.00000000000001177e+00
1.00000000000001132e+00
1.00000000000000089e+00
9.99999999999999112e-01
1.00000000000001021e+00
9.99999999999994005e-01
9.99999999999994671e-01
9.99999999999999334e-01
9.99999999999999334e-01
1.00000000000000533e+00
9.99999999999996003e-01
9.99999999999997335e-01
1.00000000000000422e+00
1.00000000000001021e+00
1.00000000000000688e+00
1.00000000000000933e+00
9.99999999999992228e-01
1.00000000000001066e+00
1.00000000000000622e+00
1.00000000000000822e+00
9.99999999999993339e-01
9.99999999999998224e-01
1.00000000000000822e+00
1.00000000000000444e+00
1.00000000000000822e+00
9.99999999999993117e-01
1.00000000000000289e+00
9.99999999999997113e-01
1.00000000000000444e+00
1.00000000000000955e+00
1.00000000000000888e+00
1.00000000000000266e+00
9.99999999999999556e-01
9.99999999999998890e-01
9.99999999999999334e-01
1.00000000000000600e+00
1.00000000000000666e+00
9.99999999999989342e-01
9.99999999999993561e-01
9.99999999999986344e-01
1.00000000000000089e+00
1.00000000000000866e+00
9.99999999999999556e-01
1.00000000000000866e+00
9.99999999999996225e-01
9.99999999999992117e-01
9.99999999999991784e-01
9.99999999999994671e-01
1.00000000000000244e+00
1.00000000000000067e+00
1.00000000000000377e+00
9.99999999999994893e-01
1.00000000000000200e+00
9.99999999999995337e-01
1.00000000000000400e+00
1.00000000000000422e+00
9.99999999999996003e-01
9.99999999999998002e-01
9.99999999999996891e-01
9.99999999999986788e-01
1.00000000000000799e+00
1.00000000000000688e+00
1.00000000000001621e+00
9.99999999999999334e-01
1.00000000000000022e+00
9.99999999999999778e-01
1.00000000000000422e+00
9.99999999999996003e-01
9.99999999999985345e-01
1.00000000000001288e+00
1.00000000000000222e+00
1.00000000000000067e+00
9.99999999999992228e-01
9.99999999999992450e-01
9.99999999999998002e-01
9.99999999999992006e-01
9.99999999999998224e-01
9.99999999999998668e-01
1.00000000000000244e+00
1.00000000000000289e+00
1.00000000000000089e+00
1.00000000000000000e+00
9.99999999999996669e-01
1.00000000000000733e+00
1.00000000000000200e+00
1.00000000000000178e+00
9.99999999999999112e-01
1.00000000000001110e+00
9.99999999999997558e-01
1.00000000000000533e+00
1.00000000000000688e+00
1.00000000000000222e+00
1.00000000000000022e+00
9.99999999999997780e-01
1.00000000000000711e+00
1.00000000000000955e+00
1.00000000000000266e+00
9.99999999999992006e-01
1.00000000000000733e+00
1.00000000000000200e+00
1.00000000000000022e+00
1.00000000000000155e+00
9.99999999999998002e-01
1.00000000000001288e+00
9.99999999999999334e-01
1.00000000000000688e+00
1.00000000000001199e+00
9.99999999999996003e-01
9.99999999999998002e-01
9.99999999999996447e-01
9.99999999999990563e-01
1.00000000000000266e+00
9.99999999999995781e-01
9.99999999999998446e-01
9.99999999999987566e-01
9.99999999999996669e-01
1.00000000000000222e+00
1.00000000000000089e+00
9.99999999999991562e-01
1.00000000000000022e+00
1.00000000000000178e+00
9.99999999999989120e-01
1.00000000000001288e+00
9.99999999999996225e-01
9.99999999999994893e-01
1.00000000000000155e+00
9.99999999999999334e-01
1.00000000000001155e+00
9.99999999999996003e-01
9.99999999999994449e-01
1.00000000000000000e+00
9.99999999999996891e-01
9.99999999999997335e-01
1.00000000000000555e+00
1.00000000000000178e+00
9.99999999999982458e-01
9.99999999999996003e-01
9.99999999999998446e-01
9.99999999999992895e-01
9.99999999999998446e-01
9.99999999999993339e-01
9.99999999999983458e-01
9.99999999999997558e-01
9.99999999999995115e-01
9.99999999999998668e-01
1.00000000000000933e+00
9.99999999999998890e-01
9.99999999999996447e-01
1.00000000000000044e+00
9.99999999999991340e-01
1.00000000000000022e+00
1.00000000000000089e+00
1.00000000000000755e+00
9.99999999999999112e-01
1.00000000000001155e+00
1.00000000000000555e+00
1.00000000000000222e+00
1.00000000000000222e+00
1.00000000000000022e+00
9.99999999999997558e-01
1.00000000000000355e+00
9.99999999999992117e-01
9.99999999999997113e-01
9.99999999999997113e-01
1.00000000000000999e+00
1.00000000000000022e+00
1.00000000000000533e+00
1.00000000000000488e+00
9.99999999999994893e-01
1.00000000000000377e+00
9.99999999999992895e-01
9.99999999999995337e-01
1.00000000000001243e+00
9.99999999999997335e-01
1.00000000000000488e+00
1.00000000000000133e+00
1.00000000000000488e+00
9.99999999999995559e-01
9.99999999999995337e-01
9.99999999999995115e-01
1.00000000000000000e+00
9.99999999999998446e-01
9.99999999999993561e-01
1.00000000000000266e+00
9.99999999999998224e-01
1.00000000000000111e+00
1.00000000000000511e+00
1.00000000000000866e+00
9.99999999999998890e-01
1.00000000000000133e+00
9.99999999999999778e-01
9.99999999999991562e-01
1.00000000000000733e+00
1.00000000000000022e+00
9.99999999999997335e-01
1.00000000000000977e+00
1.00000000000000377e+00
9.99999999999990785e-01
9.99999999999992562e-01
9.99999999999999778e-01
9.99999999999990008e-01
1.00000000000000200e+00
9.99999999999998446e-01
9.99999999999998446e-01
9.99999999999993117e-01
9.99999999999994005e-01
9.99999999999994005e-01
1.00000000000000022e+00
1.00000000000000044e+00
1.00000000000000333e+00
9.99999999999996447e-01
1.00000000000000377e+00
1.00000000000000155e+00
1.00000000000000067e+00
1.00000000000000222e+00
1.00000000000000933e+00
1.00000000000000733e+00
1.00000000000000000e+00
1.00000000000000289e+00
1.00000000000000111e+00
1.00000000000000799e+00
9.99999999999998224e-01
1.00000000000000422e+00
1.00000000000000200e+00
9.99999999999998668e-01
9.99999999999992006e-01
9.99999999999997113e-01
1.00000000000000133e+00
9.99999999999994449e-01
1.00000000000000555e+00
9.99999999999996225e-01
1.00000000000000511e+00
1.00000000000000799e+00
1.00000000000000111e+00
1.00000000000000733e+00
1.00000000000000333e+00
9.99999999999999778e-01
1.00000000000000377e+00
1.00000000000000755e+00
9.99999999999991118e-01
9.99999999999994449e-01
1.00000000000000311e+00
9.99999999999992006e-01
9.99999999999998002e-01
1.00000000000000400e+00
9.99999999999999778e-01
9.99999999999998224e-01
1.00000000000000644e+00
9.99999999999999334e-01
9.99999999999992339e-01
1.00000000000000377e+00
9.99999999999994893e-01
9.99999999999997113e-01
9.99999999999999112e-01
9.99999999999998890e-01
9.99999999999994227e-01
9.99999999999996225e-01
9.99999999999987121e-01
1.00000000000000155e+00
9.99999999999997113e-01
1.00000000000000910e+00
9.99999999999999112e-01
1.00000000000000377e+00
9.99999999999998224e-01
1.00000000000000799e+00
1.00000000000000777e+00
9.99999999999985900e-01
9.99999999999994227e-01
1.00000000000000000e+00
1.00000000000000466e+00
1.00000000000000755e+00
1.00000000000000200e+00
1.00000000000000178e+00
9.99999999999988454e-01
9.99999999999997335e-01
9.99999999999989564e-01
1.00000000000000266e+00
1.00000000000000666e+00
1.00000000000000000e+00
1.00000000000000444e+00
1.00000000000000733e+00
9.99999999999989009e-01
1.00000000000001155e+00
9.99999999999992339e-01
9.99999999999997335e-01
1.00000000000000622e+00
9.99999999999988898e-01
9.99999999999992895e-01
1.00000000000000577e+00
9.99999999999992228e-01
9.99999999999990674e-01
9.99999999999998890e-01
1.00000000000000844e+00
1.00000000000000333e+00
1.00000000000000955e+00
9.99999999999997335e-01
1.00000000000000888e+00
9.99999999999989009e-01
1.00000000000001266e+00
1.00000000000000377e+00
9.99999999999998002e-01
9.99999999999992006e-01
1.00000000000000444e+00
1.00000000000000488e+00
1.00000000000000755e+00
1.00000000000001288e+00
9.99999999999996447e-01
1.00000000000000111e+00
9.99999999999995559e-01
9.99999999999996225e-01
9.99999999999990674e-01
1.00000000000000266e+00
9.99999999999993561e-01
1.00000000000001088e+00
9.99999999999996225e-01
9.99999999999999334e-01
1.00000000000000600e+00
9.99999999999993006e-01
1.00000000000000666e+00
9.99999999999995781e-01
9.99999999999995781e-01
9.99999999999993117e-01
1.00000000000000222e+00
1.00000000000000600e+00
9.99999999999996225e-01
1.00000000000000511e+00
9.99999999999992228e-01
9.99999999999996225e-01
9.99999999999993117e-01
1.00000000000000400e+00
9.99999999999991562e-01
9.99999999999996225e-01
9.99999999999998668e-01
1.00000000000000200e+00
9.99999999999999112e-01
9.99999999999996891e-01
9.99999999999994893e-01
9.99999999999990452e-01
9.99999999999994671e-01
9.99999999999999556e-01
1.00000000000001177e+00
9.99999999999992673e-01
9.99999999999997558e-01
9.99999999999995337e-01
1.00000000000000089e+00
9.99999999999997113e-01
1.00000000000000222e+00
1.00000000000000666e+00
9.99999999999995337e-01
9.99999999999994671e-01
1.00000000000000244e+00
1.00000000000000244e+00
9.99999999999999778e-01
1.00000000000000333e+00
9.99999999999999334e-01
1.00000000000000377e+00
1.00000000000000400e+00
9.99999999999996447e-01
1.00000000000000044e+00
1.00000000000000377e+00
1.00000000000000089e+00
9.99999999999989120e-01
1.00000000000000311e+00
1.00000000000000955e+00
9.99999999999991562e-01
1.00000000000000666e+00
1.00000000000000200e+00
9.99999999999985234e-01
1.00000000000000466e+00
9.99999999999997558e-01
9.99999999999999112e-01
1.00000000000000755e+00
1.00000000000000666e+00
9.99999999999998890e-01
9.99999999999988232e-01
1.00000000000001288e+00
9.99999999999993783e-01
1.00000000000000266e+00
9.99999999999993783e-01
9.99999999999998668e-01
9.99999999999999334e-01
9.99999999999998002e-01
9.99999999999997113e-01
9.99999999999989675e-01
9.99999999999996003e-01
9.99999999999992339e-01
1.00000000000000777e+00
9.99999999999991118e-01
1.00000000000000577e+00
1.00000000000000488e+00
9.99999999999995337e-01
1.00000000000000044e+00
1.00000000000000067e+00
1.00000000000000311e+00
9.99999999999999778e-01
9.99999999999999556e-01
1.00000000000000089e+00
9.99999999999994227e-01
9.99999999999995115e-01
1.00000000000001488e+00
1.00000000000000511e+00
1.00000000000000178e+00
1.00000000000001377e+00
1.00000000000000311e+00
9.99999999999998002e-01
1.00000000000000511e+00
1.00000000000000733e+00
9.99999999999999556e-01
9.99999999999988232e-01
1.00000000000001465e+00
1.00000000000000888e+00
9.99999999999996891e-01
1.00000000000000089e+00
9.99999999999999112e-01
9.99999999999996669e-01
9.99999999999994449e-01
9.99999999999986788e-01
1.00000000000000888e+00
9.99999999999999334e-01
9.99999999999998446e-01
9.99999999999997780e-01
1.00000000000000200e+00
9.99999999999994449e-01
1.00000000000000111e+00
9.99999999999989564e-01
9.99999999999993117e-01
1.00000000000000466e+00
9.99999999999998446e-01
9.99999999999986344e-01
1.00000000000000910e+00
1.00000000000000133e+00
1.00000000000000178e+00
1.00000000000000844e+00
1.00000000000000377e+00
9.99999999999997558e-01
9.99999999999994449e-01
9.99999999999999112e-01
9.99999999999995337e-01
1.00000000000001044e+00
1.00000000000000022e+00
9.99999999999989342e-01
9.99999999999999334e-01
1.00000000000000044e+00
1.00000000000000044e+00
1.00000000000000089e+00
1.00000000000001177e+00
9.99999999999995559e-01
9.99999999999999334e-01
1.00000000000000355e+00
1.00000000000000155e+00
1.00000000000000200e+00
1.00000000000000644e+00
1.00000000000001044e+00
1.00000000000000400e+00
9.99999999999996669e-01
1.00000000000000466e+00
1.00000000000000044e+00
9.99999999999990230e-01
1.00000000000000155e+00
9.99999999999999778e-01
1.00000000000000644e+00
9.99999999999992895e-01
1.00000000000000044e+00
9.99999999999992895e-01
9.99999999999994005e-01
9.99999999999998890e-01
1.00000000000000799e+00
1.00000000000000600e+00
9.99999999999995115e-01
1.00000000000000311e+00
1.00000000000000555e+00
9.99999999999984679e-01
9.99999999999995115e-01
9.99999999999986011e-01
9.99999999999997335e-01
1.00000000000000844e+00
1.00000000000000178e+00
9.99999999999992673e-01
9.99999999999997558e-01
1.00000000000000488e+00
1.00000000000000844e+00
9.99999999999999556e-01
9.99999999999995337e-01
1.00000000000000178e+00
1.00000000000000000e+00
1.00000000000001577e+00
9.99999999999994449e-01
9.99999999999995781e-01
1.00000000000000067e+00
1.00000000000000289e+00
9.99999999999990674e-01
1.00000000000000200e+00
1.00000000000000799e+00
9.99999999999991562e-01
9.99999999999997335e-01
1.00000000000000533e+00
1.00000000000000955e+00
9.99999999999999112e-01
1.00000000000000311e+00
9.99999999999997113e-01
9.99999999999994671e-01
9.99999999999985900e-01
9.99999999999993339e-01
1.00000000000000400e+00
9.99999999999998890e-01
9.99999999999999334e-01
1.00000000000000044e+00
9.99999999999999112e-01
1.00000000000000111e+00
1.00000000000000755e+00
1.00000000000000155e+00
1.00000000000001421e+00
1.00000000000000799e+00
9.99999999999990674e-01
9.99999999999999556e-01
1.00000000000000955e+00
9.99999999999998224e-01
1.00000000000000200e+00
9.99999999999993339e-01
1.00000000000001399e+00
9.99999999999997780e-01
1.00000000000000266e+00
9.99999999999995781e-01
9.99999999999990230e-01
9.99999999999998668e-01
9.99999999999989786e-01
1.00000000000000067e+00
9.99999999999990452e-01
1.00000000000000155e+00
1.00000000000000222e+00
1.00000000000000533e+00
9.99999999999998224e-01
1.00000000000000866e+00
1.00000000000000600e+00
1.00000000000000089e+00
9.99999999999997780e-01
1.00000000000000377e+00
9.99999999999996669e-01
9.99999999999992339e-01
1.00000000000000155e+00
1.00000000000000000e+00
1.00000000000000133e+00
1.00000000000000000e+00
9.99999999999999556e-01
9.99999999999994227e-01
9.99999999999999556e-01
9.99999999999996891e-01
9.99999999999997113e-01
1.00000000000000422e+00
9.99999999999999112e-01
1.00000000000000222e+00
1.00000000000000311e+00
1.00000000000000266e+00
9.99999999999982347e-01
1.00000000000000355e+00
9.99999999999994893e-01
1.00000000000000266e+00
9.99999999999999556e-01
1.00000000000000511e+00
9.99999999999991562e-01
1.00000000000000711e+00
1.00000000000000333e+00
9.99999999999994449e-01
1.00000000000000222e+00
9.99999999999992895e-01
1.00000000000000355e+00
9.99999999999996669e-01
9.99999999999992228e-01
1.00000000000000111e+00
1.00000000000000955e+00
1.00000000000000333e+00
9.99999999999990563e-01
9.99999999999997558e-01
1.00000000000000089e+00
9.99999999999996891e-01
9.99999999999999334e-01
1.00000000000000067e+00
1.00000000000000533e+00
9.99999999999996003e-01
1.00000000000000289e+00
9.99999999999992673e-01
1.00000000000000822e+00
9.99999999999993783e-01
9.99999999999997113e-01
9.99999999999986344e-01
1.00000000000000022e+00
1.00000000000000622e+00
1.00000000000000244e+00
1.00000000000000799e+00
9.99999999999996891e-01
9.99999999999998224e-01
1.00000000000000289e+00
9.99999999999994005e-01
1.00000000000001177e+00
1.00000000000000400e+00
9.99999999999998446e-01
9.99999999999994227e-01
1.00000000000000000e+00
1.00000000000000822e+00
9.99999999999996447e-01
1.00000000000000178e+00
1.00000000000000622e+00
9.99999999999985678e-01
1.00000000000000955e+00
9.99999999999985234e-01
9.99999999999999778e-01
1.00000000000001132e+00
9.99999999999997780e-01
1.00000000000000000e+00
9.99999999999989342e-01
1.00000000000001199e+00
9.99999999999997113e-01
9.99999999999997113e-01
9.99999999999998002e-01
1.00000000000000511e+00
9.99999999999990674e-01
1.00000000000000311e+00
9.99999999999998668e-01
9.99999999999993783e-01
1.00000000000000488e+00
9.99999999999991229e-01
1.00000000000001266e+00
1.00000000000000688e+00
1.00000000000001155e+00
9.99999999999999556e-01
9.99999999999992895e-01
1.00000000000000511e+00
1.00000000000000089e+00
1.00000000000000155e+00
1.00000000000000311e+00
1.00000000000000355e+00
1.00000000000000644e+00
9.99999999999996225e-01
9.99999999999999778e-01
1.00000000000001177e+00
1.00000000000000511e+00
9.99999999999997335e-01
1.00000000000000022e+00
9.99999999999998890e-01
1.00000000000000155e+00
1.00000000000000644e+00
9.99999999999997780e-01
9.99999999999991118e-01
1.00000000000000466e+00
9.99999999999997780e-01
9.99999999999999334e-01
1.00000000000000511e+00
1.00000000000000000e+00
9.99999999999989786e-01
9.99999999999999778e-01
9.99999999999990674e-01
1.00000000000000466e+00
9.99999999999997113e-01
9.99999999999997780e-01
9.99999999999990119e-01
9.99999999999994227e-01
1.00000000000000000e+00
9.99999999999998890e-01
1.00000000000000111e+00
9.99999999999997335e-01
1.00000000000000022e+00
9.99999999999993783e-01
9.99999999999996891e-01
1.00000000000000799e+00
9.99999999999998224e-01
9.99999999999997113e-01
9.99999999999992895e-01
9.99999999999984346e-01
1.00000000000000178e+00
9.99999999999987010e-01
1.00000000000000333e+00
1.00000000000000711e+00
9.99999999999992117e-01
9.99999999999987010e-01
9.99999999999993450e-01
1.00000000000000000e+00
1.00000000000000155e+00
9.99999999999996891e-01
9.99999999999999556e-01
9.99999999999998668e-01
1.00000000000000577e+00
1.00000000000000244e+00
9.99999999999991562e-01
9.99999999999996669e-01
9.99999999999989786e-01
9.99999999999996669e-01
9.99999999999999778e-01
9.99999999999997780e-01
1.00000000000000044e+00
1.00000000000000910e+00
9.99999999999995559e-01
9.99999999999995337e-01
9.99999999999996891e-01
9.99999999999999334e-01
1.00000000000000266e+00
9.99999999999996891e-01
1.00000000000000067e+00
1.00000000000000222e+00
9.99999999999998002e-01
1.00000000000000822e+00
1.00000000000000289e+00
9.99999999999994227e-01
9.99999999999992450e-01
9.99999999999997558e-01
9.99999999999993117e-01
9.99999999999998890e-01
1.00000000000000289e+00
1.00000000000000533e+00
1.00000000000001044e+00
1.00000000000000644e+00
1.00000000000000577e+00
9.99999999999999112e-01
9.99999999999992006e-01
1.00000000000000178e+00
9.99999999999994893e-01
9.99999999999993783e-01
1.00000000000000999e+00
9.99999999999997113e-01
9.99999999999993117e-01
1.00000000000000155e+00
1.00000000000000866e+00
1.00000000000000577e+00
9.99999999999991451e-01
1.00000000000000089e+00
1.00000000000000888e+00
9.99999999999998668e-01
1.00000000000000111e+00
1.00000000000000333e+00
9.99999999999998668e-01
9.99999999999997113e-01
9.99999999999992450e-01
9.99999999999989120e-01
9.99999999999988010e-01
9.99999999999984346e-01
9.99999999999988898e-01
1.00000000000000178e+00
1.00000000000001243e+00
9.99999999999997780e-01
1.00000000000000266e+00
1.00000000000000844e+00
9.99999999999983014e-01
9.99999999999994227e-01
1.00000000000000511e+00
1.00000000000001221e+00
9.99999999999999778e-01
1.00000000000000600e+00
9.99999999999997113e-01
1.00000000000000089e+00
9.99999999999998890e-01
1.00000000000000488e+00
1.00000000000001377e+00
1.00000000000000333e+00
9.99999999999997113e-01
1.00000000000000000e+00
1.00000000000000044e+00
9.99999999999998002e-01
9.99999999999999778e-01
9.99999999999992673e-01
9.99999999999999334e-01
9.99999999999995781e-01
9.99999999999997113e-01
1.00000000000000910e+00
9.99999999999999778e-01
9.99999999999997558e-01
9.99999999999994227e-01
1.00000000000000244e+00
9.99999999999999334e-01
1.00000000000000777e+00
9.99999999999994671e-01
9.99999999999997780e-01
1.00000000000001510e+00
1.00000000000000444e+00
1.00000000000000222e+00
1.00000000000000933e+00
9.99999999999994893e-01
1.00000000000000289e+00
1.00000000000000155e+00
9.99999999999997335e-01
1.00000000000001021e+00
9.99999999999994005e-01
9.99999999999998890e-01
1.00000000000000178e+00
1.00000000000001710e+00
1.00000000000000511e+00
9.99999999999992895e-01
1.00000000000000155e+00
1.00000000000000089e+00
1.00000000000000577e+00
1.00000000000000022e+00
9.99999999999993339e-01
1.00000000000000511e+00
1.00000000000000777e+00
9.99999999999997558e-01
1.00000000000000133e+00
9.99999999999996447e-01
1.00000000000000133e+00
1.00000000000000555e+00
9.99999999999996891e-01
1.00000000000000888e+00
9.99999999999991562e-01
9.99999999999998890e-01
1.00000000000000555e+00
1.00000000000000622e+00
9.99999999999995559e-01
9.99999999999999334e-01
9.99999999999994893e-01
1.00000000000000133e+00
9.99999999999997335e-01
9.99999999999994005e-01
9.99999999999997335e-01
9.99999999999994005e-01
1.00000000000000688e+00
1.00000000000000688e+00
9.99999999999995781e-01
1.00000000000000666e+00
1.00000000000000333e+00
9.99999999999995115e-01
9.99999999999995337e-01
9.99999999999994893e-01
1.00000000000000577e+00
1.00000000000001066e+00
9.99999999999998446e-01
9.99999999999999334e-01
9.99999999999995337e-01
9.99999999999999556e-01
1.00000000000001554e+00
9.99999999999977796e-01
1.00000000000000111e+00
1.00000000000001465e+00
9.99999999999991118e-01
1.00000000000000644e+00
9.99999999999998890e-01
1.00000000000000089e+00
1.00000000000000111e+00
9.99999999999990896e-01
9.99999999999998002e-01
1.00000000000000289e+00
9.99999999999999334e-01
9.99999999999992673e-01
1.00000000000001288e+00
1.00000000000000266e+00
9.99999999999994671e-01
9.99999999999991451e-01
1.00000000000000067e+00
9.99999999999996447e-01
9.99999999999991784e-01
9.99999999999991340e-01
9.99999999999993117e-01
9.99999999999998890e-01
1.00000000000000622e+00
9.99999999999994005e-01
1.00000000000000089e+00
9.99999999999995559e-01
9.99999999999988232e-01
1.00000000000000155e+00
1.00000000000000244e+00
1.00000000000001199e+00
9.99999999999990341e-01
9.99999999999998890e-01
1.00000000000000733e+00
9.99999999999999112e-01
9.99999999999991451e-01
1.00000000000000688e+00
9.99999999999997558e-01
1.00000000000000044e+00
1.00000000000000511e+00
1.00000000000000444e+00
9.99999999999999334e-01
1.00000000000000111e+00
1.00000000000000355e+00
9.99999999999999778e-01
9.99999999999991562e-01
1.00000000000000400e+00
9.99999999999995781e-01
9.99999999999998446e-01
1.00000000000000444e+00
9.99999999999998668e-01
9.99999999999994227e-01
1.00000000000000111e+00
1.00000000000000777e+00
9.99999999999988010e-01
1.00000000000001110e+00
1.00000000000000022e+00
9.99999999999994005e-01
9.99999999999996669e-01
1.00000000000000733e+00
1.00000000000000533e+00
9.99999999999991784e-01
9.99999999999991562e-01
9.99999999999995559e-01
9.99999999999992673e-01
9.99999999999997335e-01
9.99999999999999778e-01
9.99999999999993339e-01
1.00000000000000111e+00
9.99999999999991007e-01
9.99999999999997335e-01
9.99999999999999334e-01
1.00000000000000222e+00
9.99999999999995337e-01
1.00000000000000111e+00
1.00000000000001155e+00
9.99999999999994449e-01
9.99999999999994449e-01
1.00000000000000022e+00
1.00000000000000888e+00
1.00000000000000977e+00
9.99999999999995781e-01
9.99999999999995115e-01
9.99999999999988343e-01
1.00000000000000577e+00
1.00000000000000888e+00
1.00000000000000422e+00
9.99999999999990674e-01
9.99999999999990452e-01
9.99999999999986233e-01
9.99999999999997113e-01
1.00000000000000711e+00
1.00000000000000444e+00
1.00000000000000377e+00
1.00000000000000044e+00
9.99999999999989120e-01
9.99999999999992450e-01
9.99999999999994005e-01
9.99999999999997113e-01
1.00000000000000600e+00
1.00000000000000711e+00
9.99999999999996669e-01
9.99999999999997780e-01
1.00000000000000089e+00
1.00000000000000311e+00
1.00000000000000377e+00
9.99999999999997558e-01
1.00000000000000178e+00
1.00000000000000289e+00
9.99999999999990452e-01
9.99999999999997335e-01
9.99999999999995559e-01
1.00000000000000511e+00
1.00000000000000222e+00
9.99999999999995781e-01
9.99999999999989453e-01
1.00000000000000200e+00
1.00000000000000067e+00
9.99999999999993117e-01
1.00000000000000333e+00
1.00000000000000333e+00
9.99999999999998668e-01
1.00000000000000422e+00
9.99999999999999556e-01
9.99999999999994893e-01
1.00000000000000466e+00
1.00000000000000289e+00
9.99999999999997335e-01
9.99999999999996225e-01
9.99999999999997335e-01
1.00000000000000866e+00
1.00000000000000355e+00
1.00000000000000600e+00
1.00000000000000844e+00
1.00000000000000111e+00
9.99999999999997113e-01
9.99999999999997335e-01
1.00000000000001199e+00
1.00000000000000866e+00
9.99999999999994671e-01
9.99999999999992895e-01
1.00000000000000155e+00
1.00000000000001132e+00
9.99999999999991562e-01
1.00000000000000844e+00
9.99999999999997558e-01
9.99999999999999556e-01
1.00000000000000089e+00
1.00000000000000444e+00
1.00000000000001243e+00
9.99999999999992673e-01
1.00000000000000178e+00
1.00000000000000844e+00
9.99999999999990341e-01
9.99999999999994005e-01
1.00000000000000333e+00
9.99999999999998002e-01
1.00000000000000111e+00
1.00000000000000711e+00
9.99999999999995115e-01
1.00000000000000200e+00
1.00000000000000400e+00
1.00000000000000000e+00
1.00000000000000044e+00
1.00000000000000067e+00
1.00000000000001155e+00
9.99999999999992228e-01
9.99999999999999778e-01
1.00000000000000644e+00
1.00000000000000044e+00
9.99999999999995781e-01
1.00000000000000289e+00
1.00000000000000555e+00
1.00000000000000488e+00
1.00000000000000044e+00
1.00000000000000200e+00
9.99999999999994227e-01
1.00000000000000377e+00
9.99999999999987788e-01
1.00000000000001044e+00
9.99999999999998890e-01
1.00000000000000555e+00
9.99999999999995337e-01
9.99999999999998890e-01
1.00000000000000400e+00
9.99999999999991451e-01
9.99999999999994227e-01
9.99999999999992562e-01
1.00000000000000266e+00
1.00000000000000266e+00
1.00000000000001443e+00
9.99999999999991340e-01
9.99999999999998224e-01
1.00000000000000888e+00
9.99999999999992895e-01
1.00000000000000311e+00
9.99999999999993783e-01
9.99999999999998668e-01
9.99999999999999112e-01
9.99999999999999112e-01
1.00000000000000422e+00
1.00000000000000333e+00
1.00000000000000422e+00
1.00000000000000622e+00
9.99999999999999112e-01
9.99999999999996003e-01
9.99999999999995781e-01
1.00000000000000022e+00
1.00000000000000044e+00
1.00000000000000555e+00
9.99999999999990896e-01
1.00000000000000666e+00
9.99999999999994671e-01
1.00000000000001177e+00
9.99999999999992228e-01
1.00000000000000444e+00
1.00000000000000266e+00
9.99999999999989231e-01
1.00000000000000289e+00
1.00000000000000600e+00
9.99999999999992339e-01
1.00000000000000155e+00
9.99999999999999112e-01
1.00000000000000511e+00
1.00000000000000600e+00
9.99999999999996669e-01
1.00000000000000933e+00
9.99999999999996003e-01
1.00000000000000067e+00
9.99999999999998668e-01
1.00000000000000644e+00
1.00000000000000266e+00
1.00000000000000622e+00
9.99999999999996447e-01
1.00000000000000533e+00
1.00000000000000400e+00
1.00000000000000000e+00
1.00000000000000577e+00
9.99999999999994671e-01
9.99999999999996003e-01
9.99999999999995337e-01
9.99999999999996891e-01
9.99999999999993783e-01
1.00000000000000755e+00
1.00000000000000400e+00
9.99999999999999778e-01
1.00000000000000289e+00
9.99999999999991118e-01
1.00000000000000933e+00
9.99999999999999556e-01
1.00000000000000533e+00
9.99999999999974576e-01
1.00000000000000222e+00
9.99999999999990119e-01
1.00000000000000377e+00
1.00000000000001021e+00
1.00000000000000600e+00
9.99999999999994893e-01
1.00000000000000155e+00
1.00000000000000644e+00
1.00000000000000666e+00
1.00000000000000533e+00
1.00000000000000178e+00
9.99999999999987121e-01
1.00000000000000777e+00
1.00000000000000511e+00
1.00000000000000511e+00
9.99999999999995337e-01
1.00000000000000866e+00
9.99999999999987454e-01
1.00000000000000178e+00
9.99999999999998890e-01
1.00000000000000133e+00
9.99999999999998224e-01
1.00000000000000355e+00
9.99999999999999112e-01
9.99999999999994449e-01
1.00000000000000666e+00
9.99999999999994671e-01
9.99999999999996003e-01
1.00000000000000822e+00
1.00000000000000044e+00
9.99999999999998224e-01
9.99999999999999556e-01
9.99999999999994005e-01
1.00000000000001199e+00
1.00000000000000644e+00
9.99999999999998446e-01
1.00000000000000355e+00
9.99999999999995781e-01
9.99999999999995337e-01
1.00000000000000866e+00
1.00000000000000444e+00
9.99999999999996003e-01
1.00000000000000333e+00
9.99999999999999334e-01
1.00000000000000200e+00
1.00000000000000444e+00
1.00000000000000289e+00
1.00000000000001310e+00
1.00000000000000799e+00
1.00000000000000377e+00
1.00000000000000000e+00
9.99999999999999112e-01
1.00000000000000688e+00
9.99999999999996225e-01
1.00000000000000133e+00
9.99999999999990785e-01
1.00000000000000777e+00
1.00000000000000533e+00
9.99999999999987788e-01
1.00000000000000067e+00
9.99999999999998224e-01
1.00000000000000000e+00
1.00000000000000111e+00
1.00000000000000111e+00
9.99999999999993117e-01
1.00000000000000289e+00
9.99999999999990230e-01
1.00000000000000244e+00
1.00000000000000266e+00
9.99999999999994671e-01
1.00000000000000822e+00
1.00000000000001132e+00
9.99999999999993783e-01
9.99999999999996003e-01
1.00000000000000888e+00
1.00000000000001243e+00
1.00000000000000666e+00
1.00000000000000333e+00
1.00000000000000466e+00
9.99999999999998446e-01
9.99999999999977685e-01
9.99999999999992006e-01
9.99999999999995781e-01
1.00000000000001177e+00
1.00000000000000511e+00
1.00000000000000955e+00
1.00000000000000955e+00
1.00000000000000022e+00
1.00000000000000377e+00
1.00000000000001088e+00
1.00000000000000533e+00
1.00000000000000289e+00
1.00000000000000000e+00
9.99999999999993117e-01
9.99999999999997335e-01
9.99999999999992450e-01
1.00000000000000000e+00
9.99999999999994449e-01
1.00000000000001354e+00
1.00000000000000822e+00
1.00000000000000733e+00
1.00000000000000466e+00
9.99999999999999778e-01
9.99999999999996003e-01
1.00000000000000688e+00
9.99999999999995337e-01
1.00000000000000466e+00
9.99999999999998224e-01
1.00000000000000111e+00
9.99999999999998002e-01
9.99999999999995115e-01
1.00000000000000955e+00
9.99999999999994449e-01
1.00000000000001088e+00
1.00000000000000511e+00
9.99999999999995781e-01
9.99999999999997335e-01
9.99999999999998890e-01
1.00000000000000067e+00
9.99999999999994449e-01
1.00000000000000688e+00
1.00000000000001021e+00
1.00000000000000600e+00
9.99999999999998446e-01
9.99999999999994227e-01
1.00000000000000444e+00
1.00000000000000422e+00
9.99999999999991118e-01
1.00000000000000333e+00
1.00000000000000155e+00
1.00000000000000555e+00
1.00000000000000377e+00
9.99999999999998668e-01
1.00000000000000067e+00
9.99999999999996225e-01
9.99999999999984790e-01
9.99999999999995559e-01
1.00000000000000444e+00
1.00000000000000355e+00
9.99999999999989231e-01
1.00000000000000533e+00
9.99999999999996891e-01
1.00000000000000022e+00
1.00000000000000400e+00
1.00000000000000600e+00
1.00000000000000333e+00
1.00000000000000067e+00
1.00000000000000333e+00
1.00000000000000355e+00
9.99999999999993783e-01
9.99999999999988343e-01
1.00000000000000711e+00
9.99999999999989897e-01
9.99999999999997335e-01
1.00000000000000377e+00
9.99999999999999334e-01
1.00000000000000444e+00
1.00000000000000511e+00
1.00000000000000822e+00
9.99999999999996225e-01
1.00000000000000533e+00
1.00000000000000067e+00
9.99999999999995337e-01
9.99999999999982014e-01
1.00000000000001088e+00
1.00000000000000244e+00
1.00000000000000133e+00
9.99999999999991118e-01
1.00000000000000000e+00
9.99999999999994227e-01
1.00000000000000000e+00
9.99999999999988121e-01
9.99999999999988565e-01
9.99999999999992117e-01
9.99999999999997558e-01
1.00000000000000577e+00
1.00000000000000111e+00
9.99999999999993783e-01
1.00000000000000067e+00
1.00000000000000577e+00
9.99999999999997558e-01
9.99999999999994227e-01
9.99999999999989564e-01
1.00000000000000355e+00
9.99999999999991562e-01
9.99999999999999556e-01
9.99999999999993117e-01
1.00000000000000222e+00
1.00000000000000644e+00
1.00000000000000555e+00
9.99999999999997335e-01
9.99999999999997558e-01
1.00000000000000488e+00
9.99999999999995559e-01
9.99999999999999556e-01
1.00000000000000400e+00
1.00000000000000977e+00
1.00000000000000133e+00
9.99999999999999778e-01
1.00000000000001066e+00
9.99999999999993783e-01
1.00000000000000644e+00
9.99999999999999112e-01
1.00000000000000910e+00
9.99999999999996447e-01
1.00000000000000822e+00
1.00000000000000466e+00
1.00000000000000222e+00
1.00000000000001044e+00
9.99999999999997113e-01
9.99999999999998002e-01
9.99999999999997335e-01
9.99999999999997780e-01
9.99999999999993339e-01
9.99999999999998224e-01
1.00000000000000711e+00
9.99999999999991784e-01
1.00000000000000067e+00
1.00000000000000555e+00
9.99999999999999778e-01
9.99999999999998446e-01
1.00000000000000377e+00
9.99999999999993783e-01
1.00000000000000755e+00
1.00000000000000933e+00
1.00000000000000089e+00
1.00000000000000622e+00
9.99999999999996891e-01
1.00000000000000377e+00
9.99999999999999556e-01
1.00000000000000289e+00
1.00000000000000577e+00
9.99999999999997335e-01
1.00000000000001399e+00
1.00000000000000622e+00
1.00000000000000377e+00
1.00000000000000200e+00
1.00000000000000555e+00
1.00000000000000711e+00
9.99999999999999112e-01
9.99999999999999334e-01
1.00000000000000289e+00
1.00000000000000933e+00
1.00000000000000178e+00
1.00000000000000444e+00
1.00000000000000200e+00
9.99999999999996669e-01
9.99999999999998002e-01
1.00000000000000377e+00
1.00000000000000977e+00
9.99999999999999778e-01
9.99999999999996891e-01
9.99999999999994671e-01
9.99999999999992006e-01
9.99999999999995337e-01
1.00000000000000244e+00
9.99999999999995781e-01
1.00000000000000777e+00
9.99999999999992339e-01
9.99999999999995337e-01
9.99999999999989342e-01
1.00000000000000844e+00
9.99999999999991784e-01
9.99999999999988898e-01
1.00000000000000067e+00
9.99999999999998668e-01
1.00000000000000888e+00
1.00000000000000200e+00
9.99999999999992673e-01
9.99999999999989120e-01
1.00000000000000244e+00
1.00000000000000977e+00
1.00000000000000000e+00
1.00000000000000422e+00
1.00000000000000111e+00
9.99999999999983680e-01
9.99999999999996447e-01
9.99999999999997335e-01
9.99999999999997113e-01
1.00000000000000577e+00
9.99999999999993783e-01
9.99999999999991562e-01
9.99999999999994227e-01
1.00000000000000067e+00
1.00000000000000666e+00
9.99999999999995115e-01
9.99999999999998224e-01
9.99999999999999334e-01
1.00000000000000444e+00
1.00000000000000311e+00
1.00000000000000044e+00
1.00000000000000200e+00
1.00000000000000733e+00
1.00000000000000289e+00
1.00000000000000355e+00
1.00000000000000022e+00
9.99999999999993117e-01
9.99999999999998890e-01
9.99999999999999112e-01
1.00000000000000311e+00
9.99999999999995115e-01
1.00000000000000600e+00
1.00000000000000444e+00
1.00000000000000044e+00
1.00000000000000488e+00
1.00000000000000266e+00
9.99999999999983236e-01
9.99999999999999556e-01
9.99999999999992673e-01
1.00000000000000022e+00
1.00000000000000955e+00
1.00000000000000067e+00
1.00000000000000222e+00
1.00000000000000000e+00
9.99999999999988676e-01
9.99999999999999334e-01
1.00000000000000444e+00
1.00000000000000799e+00
1.00000000000000311e+00
9.99999999999996225e-01
1.00000000000000466e+00
9.99999999999997113e-01
1.00000000000001088e+00
9.99999999999996891e-01
1.00000000000000089e+00
9.99999999999994227e-01
9.99999999999997335e-01
1.00000000000000822e+00
1.00000000000000577e+00
1.00000000000000466e+00
1.00000000000000222e+00
9.99999999999991340e-01
9.99999999999996447e-01
9.99999999999999556e-01
9.99999999999997780e-01
1.00000000000000733e+00
9.99999999999990230e-01
1.00000000000000022e+00
1.00000000000000111e+00
1.00000000000000577e+00
1.00000000000000644e+00
9.99999999999998446e-01
9.99999999999999112e-01
1.00000000000000955e+00
1.00000000000000111e+00
9.99999999999997780e-01
1.00000000000000733e+00
1.00000000000000266e+00
1.00000000000000600e+00
9.99999999999997558e-01
1.00000000000000089e+00
1.00000000000000866e+00
1.00000000000000311e+00
9.99999999999996891e-01
1.00000000000000377e+00
9.99999999999997335e-01
9.99999999999994671e-01
9.99999999999980793e-01
1.00000000000000266e+00
9.99999999999998224e-01
9.99999999999993006e-01
9.99999999999997335e-01
9.99999999999994227e-01
1.00000000000000155e+00
1.00000000000000577e+00
1.00000000000000844e+00
1.00000000000001221e+00
1.00000000000000266e+00
1.00000000000000333e+00
1.00000000000000155e+00
1.00000000000000622e+00
9.99999999999992673e-01
9.99999999999999556e-01
9.99999999999995337e-01
1.00000000000000755e+00
1.00000000000000244e+00
1.00000000000000622e+00
9.99999999999995559e-01
9.99999999999988565e-01
1.00000000000000000e+00
1.00000000000001465e+00
9.99999999999996891e-01
1.00000000000000555e+00
9.99999999999999112e-01
9.99999999999990452e-01
9.99999999999997113e-01
9.99999999999996003e-01
1.00000000000000289e+00
9.99999999999981459e-01
9.99999999999998224e-01
1.00000000000000377e+00
9.99999999999991562e-01
9.99999999999997780e-01
9.99999999999988787e-01
9.99999999999995781e-01
1.00000000000000000e+00
9.99999999999997113e-01
9.99999999999994893e-01
9.99999999999994449e-01
1.00000000000000555e+00
9.99999999999984679e-01
9.99999999999992228e-01
1.00000000000000444e+00
9.99999999999993117e-01
9.99999999999999556e-01
9.99999999999985678e-01
1.00000000000000000e+00
9.99999999999994671e-01
1.00000000000000155e+00
9.99999999999990341e-01
9.99999999999998446e-01
9.99999999999998668e-01
1.00000000000000000e+00
1.00000000000001377e+00
1.00000000000000688e+00
